-- phpMyAdmin SQL Dump
-- version phpStudy 2014
-- http://www.phpmyadmin.net
--
-- 主机: localhost
-- 生成日期: 2017 年 07 月 09 日 12:15
-- 服务器版本: 5.5.53
-- PHP 版本: 5.4.45

SET SQL_MODE="NO_AUTO_VALUE_ON_ZERO";
SET time_zone = "+00:00";


/*!40101 SET @OLD_CHARACTER_SET_CLIENT=@@CHARACTER_SET_CLIENT */;
/*!40101 SET @OLD_CHARACTER_SET_RESULTS=@@CHARACTER_SET_RESULTS */;
/*!40101 SET @OLD_COLLATION_CONNECTION=@@COLLATION_CONNECTION */;
/*!40101 SET NAMES utf8 */;

--
-- 数据库: `jydp`
--

-- --------------------------------------------------------

--
-- 表的结构 `jydp_admin`
--

CREATE TABLE IF NOT EXISTS `jydp_admin` (
  `userid` mediumint(6) unsigned NOT NULL AUTO_INCREMENT,
  `username` varchar(20) DEFAULT NULL,
  `password` varchar(32) DEFAULT NULL,
  `roleid` smallint(5) DEFAULT '0',
  `encrypt` varchar(6) DEFAULT NULL,
  `lastloginip` varchar(15) DEFAULT NULL,
  `lastlogintime` int(10) unsigned DEFAULT '0',
  `email` varchar(40) DEFAULT NULL,
  `realname` varchar(50) NOT NULL DEFAULT '',
  `card` varchar(255) NOT NULL,
  `lang` varchar(6) NOT NULL,
  PRIMARY KEY (`userid`),
  KEY `username` (`username`)
) ENGINE=MyISAM  DEFAULT CHARSET=utf8 ROW_FORMAT=DYNAMIC AUTO_INCREMENT=3 ;

--
-- 转存表中的数据 `jydp_admin`
--

INSERT INTO `jydp_admin` (`userid`, `username`, `password`, `roleid`, `encrypt`, `lastloginip`, `lastlogintime`, `email`, `realname`, `card`, `lang`) VALUES
(1, 'admin888', '1e2fc7fcf02ed7989c53b9908d49acbc', 1, 'V728IF', '127.0.0.1', 1499518306, '274341032@qq.com', '', '', ''),
(2, 'admin1', '33fe3f1c6b39637c1e4c645384b6d260', 4, 'cgvWGs', NULL, 0, 'admin1@qq.com', '', '', '');

-- --------------------------------------------------------

--
-- 表的结构 `jydp_admin_panel`
--

CREATE TABLE IF NOT EXISTS `jydp_admin_panel` (
  `menuid` mediumint(8) unsigned NOT NULL,
  `userid` mediumint(8) unsigned NOT NULL DEFAULT '0',
  `name` char(32) DEFAULT NULL,
  `url` char(255) DEFAULT NULL,
  `datetime` int(10) unsigned DEFAULT '0',
  UNIQUE KEY `userid` (`menuid`,`userid`)
) ENGINE=MyISAM DEFAULT CHARSET=utf8 ROW_FORMAT=FIXED;

-- --------------------------------------------------------

--
-- 表的结构 `jydp_admin_role`
--

CREATE TABLE IF NOT EXISTS `jydp_admin_role` (
  `roleid` tinyint(3) unsigned NOT NULL AUTO_INCREMENT,
  `rolename` varchar(50) NOT NULL,
  `description` text NOT NULL,
  `listorder` smallint(5) unsigned NOT NULL DEFAULT '0',
  `disabled` tinyint(1) unsigned NOT NULL DEFAULT '0',
  PRIMARY KEY (`roleid`),
  KEY `listorder` (`listorder`),
  KEY `disabled` (`disabled`)
) ENGINE=MyISAM  DEFAULT CHARSET=utf8 ROW_FORMAT=DYNAMIC AUTO_INCREMENT=8 ;

--
-- 转存表中的数据 `jydp_admin_role`
--

INSERT INTO `jydp_admin_role` (`roleid`, `rolename`, `description`, `listorder`, `disabled`) VALUES
(3, '运营总监', '运营总监', 1, 0),
(7, '发布人员', '发布人员', 0, 0),
(4, '总编', '总编', 5, 0),
(1, '超级管理员', '超级管理员', 0, 0),
(5, '编辑', '编辑', 1, 0),
(2, '站点管理员', '站点管理员', 0, 0);

-- --------------------------------------------------------

--
-- 表的结构 `jydp_admin_role_priv`
--

CREATE TABLE IF NOT EXISTS `jydp_admin_role_priv` (
  `roleid` tinyint(3) unsigned NOT NULL DEFAULT '0',
  `m` char(20) NOT NULL,
  `c` char(20) NOT NULL,
  `a` char(20) NOT NULL,
  `data` char(30) NOT NULL DEFAULT '',
  `siteid` smallint(5) unsigned NOT NULL DEFAULT '0',
  KEY `roleid` (`roleid`,`m`,`c`,`a`,`siteid`)
) ENGINE=MyISAM DEFAULT CHARSET=utf8 ROW_FORMAT=FIXED;

-- --------------------------------------------------------

--
-- 表的结构 `jydp_announce`
--

CREATE TABLE IF NOT EXISTS `jydp_announce` (
  `aid` smallint(4) unsigned NOT NULL AUTO_INCREMENT,
  `siteid` smallint(5) unsigned NOT NULL DEFAULT '0',
  `title` char(80) NOT NULL,
  `content` text NOT NULL,
  `starttime` date NOT NULL DEFAULT '0000-00-00',
  `endtime` date NOT NULL DEFAULT '0000-00-00',
  `username` varchar(40) NOT NULL,
  `addtime` int(10) unsigned NOT NULL DEFAULT '0',
  `hits` smallint(5) unsigned NOT NULL DEFAULT '0',
  `passed` tinyint(1) unsigned NOT NULL DEFAULT '0',
  `style` char(15) NOT NULL,
  `show_template` char(30) NOT NULL,
  PRIMARY KEY (`aid`),
  KEY `siteid` (`siteid`,`passed`,`endtime`)
) ENGINE=MyISAM DEFAULT CHARSET=utf8 ROW_FORMAT=DYNAMIC AUTO_INCREMENT=1 ;

-- --------------------------------------------------------

--
-- 表的结构 `jydp_api_site`
--

CREATE TABLE IF NOT EXISTS `jydp_api_site` (
  `id` int(11) NOT NULL AUTO_INCREMENT,
  `siteid` int(11) NOT NULL,
  `type` int(11) NOT NULL COMMENT '栏目类别：1精彩2精选3潮派',
  `model` int(11) NOT NULL COMMENT '模型：1栏目2广告',
  `api_site_id` int(11) NOT NULL COMMENT '配置id',
  PRIMARY KEY (`id`)
) ENGINE=MyISAM  DEFAULT CHARSET=utf8 COMMENT='api配置表' AUTO_INCREMENT=7 ;

--
-- 转存表中的数据 `jydp_api_site`
--

INSERT INTO `jydp_api_site` (`id`, `siteid`, `type`, `model`, `api_site_id`) VALUES
(1, 1, 1, 2, 11),
(2, 1, 3, 2, 12),
(3, 1, 2, 2, 13),
(4, 1, 1, 1, 9),
(5, 1, 2, 1, 10),
(6, 1, 3, 1, 11);

-- --------------------------------------------------------

--
-- 表的结构 `jydp_areas`
--

CREATE TABLE IF NOT EXISTS `jydp_areas` (
  `areaid` mediumint(8) unsigned NOT NULL AUTO_INCREMENT,
  `name` varchar(50) NOT NULL DEFAULT '',
  `joinname` varchar(150) NOT NULL DEFAULT '',
  `parentid` mediumint(8) unsigned NOT NULL DEFAULT '0',
  `vieworder` smallint(6) unsigned NOT NULL DEFAULT '0',
  PRIMARY KEY (`areaid`),
  KEY `idx_name` (`name`),
  KEY `idx_parentid` (`parentid`) USING BTREE
) ENGINE=MyISAM  DEFAULT CHARSET=utf8 ROW_FORMAT=DYNAMIC AUTO_INCREMENT=910007 ;

--
-- 转存表中的数据 `jydp_areas`
--

INSERT INTO `jydp_areas` (`areaid`, `name`, `joinname`, `parentid`, `vieworder`) VALUES
(110000, '北京市', '北京市', 0, 3),
(110100, '北京市', '北京市,北京市', 110000, 1),
(110101, '东城区', '北京市,北京市,东城区', 110100, 1),
(110102, '西城区', '北京市,北京市,西城区', 110100, 2),
(110103, '崇文区', '北京市,北京市,崇文区', 110100, 3),
(110104, '宣武区', '北京市,北京市,宣武区', 110100, 4),
(110105, '朝阳区', '北京市,北京市,朝阳区', 110100, 5),
(110106, '丰台区', '北京市,北京市,丰台区', 110100, 6),
(110107, '石景山区', '北京市,北京市,石景山区', 110100, 7),
(110108, '海淀区', '北京市,北京市,海淀区', 110100, 8),
(110109, '门头沟区', '北京市,北京市,门头沟区', 110100, 9),
(110111, '房山区', '北京市,北京市,房山区', 110100, 10),
(110112, '通州区', '北京市,北京市,通州区', 110100, 11),
(110113, '顺义区', '北京市,北京市,顺义区', 110100, 12),
(110114, '昌平区', '北京市,北京市,昌平区', 110100, 13),
(110115, '大兴区', '北京市,北京市,大兴区', 110100, 14),
(110116, '怀柔区', '北京市,北京市,怀柔区', 110100, 15),
(110117, '平谷区', '北京市,北京市,平谷区', 110100, 16),
(110200, '县', '北京市,县', 110000, 2),
(110228, '密云县', '北京市,县,密云县', 110200, 17),
(110229, '延庆县', '北京市,县,延庆县', 110200, 18),
(120000, '天津市', '天津市', 0, 28),
(120100, '市辖区', '天津市,市辖区', 120000, 3),
(120101, '和平区', '天津市,市辖区,和平区', 120100, 19),
(120102, '河东区', '天津市,市辖区,河东区', 120100, 20),
(120103, '河西区', '天津市,市辖区,河西区', 120100, 21),
(120104, '南开区', '天津市,市辖区,南开区', 120100, 22),
(120105, '河北区', '天津市,市辖区,河北区', 120100, 23),
(120106, '红桥区', '天津市,市辖区,红桥区', 120100, 24),
(120107, '塘沽区', '天津市,市辖区,塘沽区', 120100, 25),
(120108, '汉沽区', '天津市,市辖区,汉沽区', 120100, 26),
(120109, '大港区', '天津市,市辖区,大港区', 120100, 27),
(120110, '东丽区', '天津市,市辖区,东丽区', 120100, 28),
(120111, '西青区', '天津市,市辖区,西青区', 120100, 29),
(120112, '津南区', '天津市,市辖区,津南区', 120100, 30),
(120113, '北辰区', '天津市,市辖区,北辰区', 120100, 31),
(120114, '武清区', '天津市,市辖区,武清区', 120100, 32),
(120115, '宝坻区', '天津市,市辖区,宝坻区', 120100, 33),
(120200, '县', '天津市,县', 120000, 4),
(120221, '宁河县', '天津市,县,宁河县', 120200, 34),
(120223, '静海县', '天津市,县,静海县', 120200, 35),
(120225, '蓟　县', '天津市,县,蓟　县', 120200, 36),
(130000, '河北省', '河北省', 0, 10),
(130100, '石家庄市', '河北省,石家庄市', 130000, 5),
(130101, '市辖区', '河北省,石家庄市,市辖区', 130100, 37),
(130102, '长安区', '河北省,石家庄市,长安区', 130100, 38),
(130103, '桥东区', '河北省,石家庄市,桥东区', 130100, 39),
(130104, '桥西区', '河北省,石家庄市,桥西区', 130100, 40),
(130105, '新华区', '河北省,石家庄市,新华区', 130100, 41),
(130107, '井陉矿区', '河北省,石家庄市,井陉矿区', 130100, 42),
(130108, '裕华区', '河北省,石家庄市,裕华区', 130100, 43),
(130121, '井陉县', '河北省,石家庄市,井陉县', 130100, 44),
(130123, '正定县', '河北省,石家庄市,正定县', 130100, 45),
(130124, '栾城县', '河北省,石家庄市,栾城县', 130100, 46),
(130125, '行唐县', '河北省,石家庄市,行唐县', 130100, 47),
(130126, '灵寿县', '河北省,石家庄市,灵寿县', 130100, 48),
(130127, '高邑县', '河北省,石家庄市,高邑县', 130100, 49),
(130128, '深泽县', '河北省,石家庄市,深泽县', 130100, 50),
(130129, '赞皇县', '河北省,石家庄市,赞皇县', 130100, 51),
(130130, '无极县', '河北省,石家庄市,无极县', 130100, 52),
(130131, '平山县', '河北省,石家庄市,平山县', 130100, 53),
(130132, '元氏县', '河北省,石家庄市,元氏县', 130100, 54),
(130133, '赵　县', '河北省,石家庄市,赵　县', 130100, 55),
(130181, '辛集市', '河北省,石家庄市,辛集市', 130100, 56),
(130182, '藁城市', '河北省,石家庄市,藁城市', 130100, 57),
(130183, '晋州市', '河北省,石家庄市,晋州市', 130100, 58),
(130184, '新乐市', '河北省,石家庄市,新乐市', 130100, 59),
(130185, '鹿泉市', '河北省,石家庄市,鹿泉市', 130100, 60),
(130200, '唐山市', '河北省,唐山市', 130000, 6),
(130201, '市辖区', '河北省,唐山市,市辖区', 130200, 61),
(130202, '路南区', '河北省,唐山市,路南区', 130200, 62),
(130203, '路北区', '河北省,唐山市,路北区', 130200, 63),
(130204, '古冶区', '河北省,唐山市,古冶区', 130200, 64),
(130205, '开平区', '河北省,唐山市,开平区', 130200, 65),
(130207, '丰南区', '河北省,唐山市,丰南区', 130200, 66),
(130208, '丰润区', '河北省,唐山市,丰润区', 130200, 67),
(130223, '滦　县', '河北省,唐山市,滦　县', 130200, 68),
(130224, '滦南县', '河北省,唐山市,滦南县', 130200, 69),
(130225, '乐亭县', '河北省,唐山市,乐亭县', 130200, 70),
(130227, '迁西县', '河北省,唐山市,迁西县', 130200, 71),
(130229, '玉田县', '河北省,唐山市,玉田县', 130200, 72),
(130230, '唐海县', '河北省,唐山市,唐海县', 130200, 73),
(130281, '遵化市', '河北省,唐山市,遵化市', 130200, 74),
(130283, '迁安市', '河北省,唐山市,迁安市', 130200, 75),
(130300, '秦皇岛市', '河北省,秦皇岛市', 130000, 7),
(130301, '市辖区', '河北省,秦皇岛市,市辖区', 130300, 76),
(130302, '海港区', '河北省,秦皇岛市,海港区', 130300, 77),
(130303, '山海关区', '河北省,秦皇岛市,山海关区', 130300, 78),
(130304, '北戴河区', '河北省,秦皇岛市,北戴河区', 130300, 79),
(130321, '青龙满族自治县', '河北省,秦皇岛市,青龙满族自治县', 130300, 80),
(130322, '昌黎县', '河北省,秦皇岛市,昌黎县', 130300, 81),
(130323, '抚宁县', '河北省,秦皇岛市,抚宁县', 130300, 82),
(130324, '卢龙县', '河北省,秦皇岛市,卢龙县', 130300, 83),
(130400, '邯郸市', '河北省,邯郸市', 130000, 8),
(130401, '市辖区', '河北省,邯郸市,市辖区', 130400, 84),
(130402, '邯山区', '河北省,邯郸市,邯山区', 130400, 85),
(130403, '丛台区', '河北省,邯郸市,丛台区', 130400, 86),
(130404, '复兴区', '河北省,邯郸市,复兴区', 130400, 87),
(130406, '峰峰矿区', '河北省,邯郸市,峰峰矿区', 130400, 88),
(130421, '邯郸县', '河北省,邯郸市,邯郸县', 130400, 89),
(130423, '临漳县', '河北省,邯郸市,临漳县', 130400, 90),
(130424, '成安县', '河北省,邯郸市,成安县', 130400, 91),
(130425, '大名县', '河北省,邯郸市,大名县', 130400, 92),
(130426, '涉　县', '河北省,邯郸市,涉　县', 130400, 93),
(130427, '磁　县', '河北省,邯郸市,磁　县', 130400, 94),
(130428, '肥乡县', '河北省,邯郸市,肥乡县', 130400, 95),
(130429, '永年县', '河北省,邯郸市,永年县', 130400, 96),
(130430, '邱　县', '河北省,邯郸市,邱　县', 130400, 97),
(130431, '鸡泽县', '河北省,邯郸市,鸡泽县', 130400, 98),
(130432, '广平县', '河北省,邯郸市,广平县', 130400, 99),
(130433, '馆陶县', '河北省,邯郸市,馆陶县', 130400, 100),
(130434, '魏　县', '河北省,邯郸市,魏　县', 130400, 101),
(130435, '曲周县', '河北省,邯郸市,曲周县', 130400, 102),
(130481, '武安市', '河北省,邯郸市,武安市', 130400, 103),
(130500, '邢台市', '河北省,邢台市', 130000, 9),
(130501, '市辖区', '河北省,邢台市,市辖区', 130500, 104),
(130502, '桥东区', '河北省,邢台市,桥东区', 130500, 105),
(130503, '桥西区', '河北省,邢台市,桥西区', 130500, 106),
(130521, '邢台县', '河北省,邢台市,邢台县', 130500, 107),
(130522, '临城县', '河北省,邢台市,临城县', 130500, 108),
(130523, '内丘县', '河北省,邢台市,内丘县', 130500, 109),
(130524, '柏乡县', '河北省,邢台市,柏乡县', 130500, 110),
(130525, '隆尧县', '河北省,邢台市,隆尧县', 130500, 111),
(130526, '任　县', '河北省,邢台市,任　县', 130500, 112),
(130527, '南和县', '河北省,邢台市,南和县', 130500, 113),
(130528, '宁晋县', '河北省,邢台市,宁晋县', 130500, 114),
(130529, '巨鹿县', '河北省,邢台市,巨鹿县', 130500, 115),
(130530, '新河县', '河北省,邢台市,新河县', 130500, 116),
(130531, '广宗县', '河北省,邢台市,广宗县', 130500, 117),
(130532, '平乡县', '河北省,邢台市,平乡县', 130500, 118),
(130533, '威　县', '河北省,邢台市,威　县', 130500, 119),
(130534, '清河县', '河北省,邢台市,清河县', 130500, 120),
(130535, '临西县', '河北省,邢台市,临西县', 130500, 121),
(130581, '南宫市', '河北省,邢台市,南宫市', 130500, 122),
(130582, '沙河市', '河北省,邢台市,沙河市', 130500, 123),
(130600, '保定市', '河北省,保定市', 130000, 10),
(130601, '市辖区', '河北省,保定市,市辖区', 130600, 124),
(130602, '新市区', '河北省,保定市,新市区', 130600, 125),
(130603, '北市区', '河北省,保定市,北市区', 130600, 126),
(130604, '南市区', '河北省,保定市,南市区', 130600, 127),
(130621, '满城县', '河北省,保定市,满城县', 130600, 128),
(130622, '清苑县', '河北省,保定市,清苑县', 130600, 129),
(130623, '涞水县', '河北省,保定市,涞水县', 130600, 130),
(130624, '阜平县', '河北省,保定市,阜平县', 130600, 131),
(130625, '徐水县', '河北省,保定市,徐水县', 130600, 132),
(130626, '定兴县', '河北省,保定市,定兴县', 130600, 133),
(130627, '唐　县', '河北省,保定市,唐　县', 130600, 134),
(130628, '高阳县', '河北省,保定市,高阳县', 130600, 135),
(130629, '容城县', '河北省,保定市,容城县', 130600, 136),
(130630, '涞源县', '河北省,保定市,涞源县', 130600, 137),
(130631, '望都县', '河北省,保定市,望都县', 130600, 138),
(130632, '安新县', '河北省,保定市,安新县', 130600, 139),
(130633, '易　县', '河北省,保定市,易　县', 130600, 140),
(130634, '曲阳县', '河北省,保定市,曲阳县', 130600, 141),
(130635, '蠡　县', '河北省,保定市,蠡　县', 130600, 142),
(130636, '顺平县', '河北省,保定市,顺平县', 130600, 143),
(130637, '博野县', '河北省,保定市,博野县', 130600, 144),
(130638, '雄　县', '河北省,保定市,雄　县', 130600, 145),
(130681, '涿州市', '河北省,保定市,涿州市', 130600, 146),
(130682, '定州市', '河北省,保定市,定州市', 130600, 147),
(130683, '安国市', '河北省,保定市,安国市', 130600, 148),
(130684, '高碑店市', '河北省,保定市,高碑店市', 130600, 149),
(130700, '张家口市', '河北省,张家口市', 130000, 11),
(130701, '市辖区', '河北省,张家口市,市辖区', 130700, 150),
(130702, '桥东区', '河北省,张家口市,桥东区', 130700, 151),
(130703, '桥西区', '河北省,张家口市,桥西区', 130700, 152),
(130705, '宣化区', '河北省,张家口市,宣化区', 130700, 153),
(130706, '下花园区', '河北省,张家口市,下花园区', 130700, 154),
(130721, '宣化县', '河北省,张家口市,宣化县', 130700, 155),
(130722, '张北县', '河北省,张家口市,张北县', 130700, 156),
(130723, '康保县', '河北省,张家口市,康保县', 130700, 157),
(130724, '沽源县', '河北省,张家口市,沽源县', 130700, 158),
(130725, '尚义县', '河北省,张家口市,尚义县', 130700, 159),
(130726, '蔚　县', '河北省,张家口市,蔚　县', 130700, 160),
(130727, '阳原县', '河北省,张家口市,阳原县', 130700, 161),
(130728, '怀安县', '河北省,张家口市,怀安县', 130700, 162),
(130729, '万全县', '河北省,张家口市,万全县', 130700, 163),
(130730, '怀来县', '河北省,张家口市,怀来县', 130700, 164),
(130731, '涿鹿县', '河北省,张家口市,涿鹿县', 130700, 165),
(130732, '赤城县', '河北省,张家口市,赤城县', 130700, 166),
(130733, '崇礼县', '河北省,张家口市,崇礼县', 130700, 167),
(130800, '承德市', '河北省,承德市', 130000, 12),
(130801, '市辖区', '河北省,承德市,市辖区', 130800, 168),
(130802, '双桥区', '河北省,承德市,双桥区', 130800, 169),
(130803, '双滦区', '河北省,承德市,双滦区', 130800, 170),
(130804, '鹰手营子矿区', '河北省,承德市,鹰手营子矿区', 130800, 171),
(130821, '承德县', '河北省,承德市,承德县', 130800, 172),
(130822, '兴隆县', '河北省,承德市,兴隆县', 130800, 173),
(130823, '平泉县', '河北省,承德市,平泉县', 130800, 174),
(130824, '滦平县', '河北省,承德市,滦平县', 130800, 175),
(130825, '隆化县', '河北省,承德市,隆化县', 130800, 176),
(130826, '丰宁满族自治县', '河北省,承德市,丰宁满族自治县', 130800, 177),
(130827, '宽城满族自治县', '河北省,承德市,宽城满族自治县', 130800, 178),
(130828, '围场满族蒙古族自治县', '河北省,承德市,围场满族蒙古族自治县', 130800, 179),
(130900, '沧州市', '河北省,沧州市', 130000, 13),
(130901, '市辖区', '河北省,沧州市,市辖区', 130900, 180),
(130902, '新华区', '河北省,沧州市,新华区', 130900, 181),
(130903, '运河区', '河北省,沧州市,运河区', 130900, 182),
(130921, '沧　县', '河北省,沧州市,沧　县', 130900, 183),
(130922, '青　县', '河北省,沧州市,青　县', 130900, 184),
(130923, '东光县', '河北省,沧州市,东光县', 130900, 185),
(130924, '海兴县', '河北省,沧州市,海兴县', 130900, 186),
(130925, '盐山县', '河北省,沧州市,盐山县', 130900, 187),
(130926, '肃宁县', '河北省,沧州市,肃宁县', 130900, 188),
(130927, '南皮县', '河北省,沧州市,南皮县', 130900, 189),
(130928, '吴桥县', '河北省,沧州市,吴桥县', 130900, 190),
(130929, '献　县', '河北省,沧州市,献　县', 130900, 191),
(130930, '孟村回族自治县', '河北省,沧州市,孟村回族自治县', 130900, 192),
(130981, '泊头市', '河北省,沧州市,泊头市', 130900, 193),
(130982, '任丘市', '河北省,沧州市,任丘市', 130900, 194),
(130983, '黄骅市', '河北省,沧州市,黄骅市', 130900, 195),
(130984, '河间市', '河北省,沧州市,河间市', 130900, 196),
(131000, '廊坊市', '河北省,廊坊市', 130000, 14),
(131001, '市辖区', '河北省,廊坊市,市辖区', 131000, 197),
(131002, '安次区', '河北省,廊坊市,安次区', 131000, 198),
(131003, '广阳区', '河北省,廊坊市,广阳区', 131000, 199),
(131022, '固安县', '河北省,廊坊市,固安县', 131000, 200),
(131023, '永清县', '河北省,廊坊市,永清县', 131000, 201),
(131024, '香河县', '河北省,廊坊市,香河县', 131000, 202),
(131025, '大城县', '河北省,廊坊市,大城县', 131000, 203),
(131026, '文安县', '河北省,廊坊市,文安县', 131000, 204),
(131028, '大厂回族自治县', '河北省,廊坊市,大厂回族自治县', 131000, 205),
(131081, '霸州市', '河北省,廊坊市,霸州市', 131000, 206),
(131082, '三河市', '河北省,廊坊市,三河市', 131000, 207),
(131100, '衡水市', '河北省,衡水市', 130000, 15),
(131101, '市辖区', '河北省,衡水市,市辖区', 131100, 208),
(131102, '桃城区', '河北省,衡水市,桃城区', 131100, 209),
(131121, '枣强县', '河北省,衡水市,枣强县', 131100, 210),
(131122, '武邑县', '河北省,衡水市,武邑县', 131100, 211),
(131123, '武强县', '河北省,衡水市,武强县', 131100, 212),
(131124, '饶阳县', '河北省,衡水市,饶阳县', 131100, 213),
(131125, '安平县', '河北省,衡水市,安平县', 131100, 214),
(131126, '故城县', '河北省,衡水市,故城县', 131100, 215),
(131127, '景　县', '河北省,衡水市,景　县', 131100, 216),
(131128, '阜城县', '河北省,衡水市,阜城县', 131100, 217),
(131181, '冀州市', '河北省,衡水市,冀州市', 131100, 218),
(131182, '深州市', '河北省,衡水市,深州市', 131100, 219),
(140000, '山西省', '山西省', 0, 24),
(140100, '太原市', '山西省,太原市', 140000, 16),
(140101, '市辖区', '山西省,太原市,市辖区', 140100, 220),
(140105, '小店区', '山西省,太原市,小店区', 140100, 221),
(140106, '迎泽区', '山西省,太原市,迎泽区', 140100, 222),
(140107, '杏花岭区', '山西省,太原市,杏花岭区', 140100, 223),
(140108, '尖草坪区', '山西省,太原市,尖草坪区', 140100, 224),
(140109, '万柏林区', '山西省,太原市,万柏林区', 140100, 225),
(140110, '晋源区', '山西省,太原市,晋源区', 140100, 226),
(140121, '清徐县', '山西省,太原市,清徐县', 140100, 227),
(140122, '阳曲县', '山西省,太原市,阳曲县', 140100, 228),
(140123, '娄烦县', '山西省,太原市,娄烦县', 140100, 229),
(140181, '古交市', '山西省,太原市,古交市', 140100, 230),
(140200, '大同市', '山西省,大同市', 140000, 17),
(140201, '市辖区', '山西省,大同市,市辖区', 140200, 231),
(140202, '城　区', '山西省,大同市,城　区', 140200, 232),
(140203, '矿　区', '山西省,大同市,矿　区', 140200, 233),
(140211, '南郊区', '山西省,大同市,南郊区', 140200, 234),
(140212, '新荣区', '山西省,大同市,新荣区', 140200, 235),
(140221, '阳高县', '山西省,大同市,阳高县', 140200, 236),
(140222, '天镇县', '山西省,大同市,天镇县', 140200, 237),
(140223, '广灵县', '山西省,大同市,广灵县', 140200, 238),
(140224, '灵丘县', '山西省,大同市,灵丘县', 140200, 239),
(140225, '浑源县', '山西省,大同市,浑源县', 140200, 240),
(140226, '左云县', '山西省,大同市,左云县', 140200, 241),
(140227, '大同县', '山西省,大同市,大同县', 140200, 242),
(140300, '阳泉市', '山西省,阳泉市', 140000, 18),
(140301, '市辖区', '山西省,阳泉市,市辖区', 140300, 243),
(140302, '城　区', '山西省,阳泉市,城　区', 140300, 244),
(140303, '矿　区', '山西省,阳泉市,矿　区', 140300, 245),
(140311, '郊　区', '山西省,阳泉市,郊　区', 140300, 246),
(140321, '平定县', '山西省,阳泉市,平定县', 140300, 247),
(140322, '盂　县', '山西省,阳泉市,盂　县', 140300, 248),
(140400, '长治市', '山西省,长治市', 140000, 19),
(140401, '市辖区', '山西省,长治市,市辖区', 140400, 249),
(140402, '城　区', '山西省,长治市,城　区', 140400, 250),
(140411, '郊　区', '山西省,长治市,郊　区', 140400, 251),
(140421, '长治县', '山西省,长治市,长治县', 140400, 252),
(140423, '襄垣县', '山西省,长治市,襄垣县', 140400, 253),
(140424, '屯留县', '山西省,长治市,屯留县', 140400, 254),
(140425, '平顺县', '山西省,长治市,平顺县', 140400, 255),
(140426, '黎城县', '山西省,长治市,黎城县', 140400, 256),
(140427, '壶关县', '山西省,长治市,壶关县', 140400, 257),
(140428, '长子县', '山西省,长治市,长子县', 140400, 258),
(140429, '武乡县', '山西省,长治市,武乡县', 140400, 259),
(140430, '沁　县', '山西省,长治市,沁　县', 140400, 260),
(140431, '沁源县', '山西省,长治市,沁源县', 140400, 261),
(140481, '潞城市', '山西省,长治市,潞城市', 140400, 262),
(140500, '晋城市', '山西省,晋城市', 140000, 20),
(140501, '市辖区', '山西省,晋城市,市辖区', 140500, 263),
(140502, '城　区', '山西省,晋城市,城　区', 140500, 264),
(140521, '沁水县', '山西省,晋城市,沁水县', 140500, 265),
(140522, '阳城县', '山西省,晋城市,阳城县', 140500, 266),
(140524, '陵川县', '山西省,晋城市,陵川县', 140500, 267),
(140525, '泽州县', '山西省,晋城市,泽州县', 140500, 268),
(140581, '高平市', '山西省,晋城市,高平市', 140500, 269),
(140600, '朔州市', '山西省,朔州市', 140000, 21),
(140601, '市辖区', '山西省,朔州市,市辖区', 140600, 270),
(140602, '朔城区', '山西省,朔州市,朔城区', 140600, 271),
(140603, '平鲁区', '山西省,朔州市,平鲁区', 140600, 272),
(140621, '山阴县', '山西省,朔州市,山阴县', 140600, 273),
(140622, '应　县', '山西省,朔州市,应　县', 140600, 274),
(140623, '右玉县', '山西省,朔州市,右玉县', 140600, 275),
(140624, '怀仁县', '山西省,朔州市,怀仁县', 140600, 276),
(140700, '晋中市', '山西省,晋中市', 140000, 22),
(140701, '市辖区', '山西省,晋中市,市辖区', 140700, 277),
(140702, '榆次区', '山西省,晋中市,榆次区', 140700, 278),
(140721, '榆社县', '山西省,晋中市,榆社县', 140700, 279),
(140722, '左权县', '山西省,晋中市,左权县', 140700, 280),
(140723, '和顺县', '山西省,晋中市,和顺县', 140700, 281),
(140724, '昔阳县', '山西省,晋中市,昔阳县', 140700, 282),
(140725, '寿阳县', '山西省,晋中市,寿阳县', 140700, 283),
(140726, '太谷县', '山西省,晋中市,太谷县', 140700, 284),
(140727, '祁　县', '山西省,晋中市,祁　县', 140700, 285),
(140728, '平遥县', '山西省,晋中市,平遥县', 140700, 286),
(140729, '灵石县', '山西省,晋中市,灵石县', 140700, 287),
(140781, '介休市', '山西省,晋中市,介休市', 140700, 288),
(140800, '运城市', '山西省,运城市', 140000, 23),
(140801, '市辖区', '山西省,运城市,市辖区', 140800, 289),
(140802, '盐湖区', '山西省,运城市,盐湖区', 140800, 290),
(140821, '临猗县', '山西省,运城市,临猗县', 140800, 291),
(140822, '万荣县', '山西省,运城市,万荣县', 140800, 292),
(140823, '闻喜县', '山西省,运城市,闻喜县', 140800, 293),
(140824, '稷山县', '山西省,运城市,稷山县', 140800, 294),
(140825, '新绛县', '山西省,运城市,新绛县', 140800, 295),
(140826, '绛　县', '山西省,运城市,绛　县', 140800, 296),
(140827, '垣曲县', '山西省,运城市,垣曲县', 140800, 297),
(140828, '夏　县', '山西省,运城市,夏　县', 140800, 298),
(140829, '平陆县', '山西省,运城市,平陆县', 140800, 299),
(140830, '芮城县', '山西省,运城市,芮城县', 140800, 300),
(140881, '永济市', '山西省,运城市,永济市', 140800, 301),
(140882, '河津市', '山西省,运城市,河津市', 140800, 302),
(140900, '忻州市', '山西省,忻州市', 140000, 24),
(140901, '市辖区', '山西省,忻州市,市辖区', 140900, 303),
(140902, '忻府区', '山西省,忻州市,忻府区', 140900, 304),
(140921, '定襄县', '山西省,忻州市,定襄县', 140900, 305),
(140922, '五台县', '山西省,忻州市,五台县', 140900, 306),
(140923, '代　县', '山西省,忻州市,代　县', 140900, 307),
(140924, '繁峙县', '山西省,忻州市,繁峙县', 140900, 308),
(140925, '宁武县', '山西省,忻州市,宁武县', 140900, 309),
(140926, '静乐县', '山西省,忻州市,静乐县', 140900, 310),
(140927, '神池县', '山西省,忻州市,神池县', 140900, 311),
(140928, '五寨县', '山西省,忻州市,五寨县', 140900, 312),
(140929, '岢岚县', '山西省,忻州市,岢岚县', 140900, 313),
(140930, '河曲县', '山西省,忻州市,河曲县', 140900, 314),
(140931, '保德县', '山西省,忻州市,保德县', 140900, 315),
(140932, '偏关县', '山西省,忻州市,偏关县', 140900, 316),
(140981, '原平市', '山西省,忻州市,原平市', 140900, 317),
(141000, '临汾市', '山西省,临汾市', 140000, 25),
(141001, '市辖区', '山西省,临汾市,市辖区', 141000, 318),
(141002, '尧都区', '山西省,临汾市,尧都区', 141000, 319),
(141021, '曲沃县', '山西省,临汾市,曲沃县', 141000, 320),
(141022, '翼城县', '山西省,临汾市,翼城县', 141000, 321),
(141023, '襄汾县', '山西省,临汾市,襄汾县', 141000, 322),
(141024, '洪洞县', '山西省,临汾市,洪洞县', 141000, 323),
(141025, '古　县', '山西省,临汾市,古　县', 141000, 324),
(141026, '安泽县', '山西省,临汾市,安泽县', 141000, 325),
(141027, '浮山县', '山西省,临汾市,浮山县', 141000, 326),
(141028, '吉　县', '山西省,临汾市,吉　县', 141000, 327),
(141029, '乡宁县', '山西省,临汾市,乡宁县', 141000, 328),
(141030, '大宁县', '山西省,临汾市,大宁县', 141000, 329),
(141031, '隰　县', '山西省,临汾市,隰　县', 141000, 330),
(141032, '永和县', '山西省,临汾市,永和县', 141000, 331),
(141033, '蒲　县', '山西省,临汾市,蒲　县', 141000, 332),
(141034, '汾西县', '山西省,临汾市,汾西县', 141000, 333),
(141081, '侯马市', '山西省,临汾市,侯马市', 141000, 334),
(141082, '霍州市', '山西省,临汾市,霍州市', 141000, 335),
(141100, '吕梁市', '山西省,吕梁市', 140000, 26),
(141101, '市辖区', '山西省,吕梁市,市辖区', 141100, 336),
(141102, '离石区', '山西省,吕梁市,离石区', 141100, 337),
(141121, '文水县', '山西省,吕梁市,文水县', 141100, 338),
(141122, '交城县', '山西省,吕梁市,交城县', 141100, 339),
(141123, '兴　县', '山西省,吕梁市,兴　县', 141100, 340),
(141124, '临　县', '山西省,吕梁市,临　县', 141100, 341),
(141125, '柳林县', '山西省,吕梁市,柳林县', 141100, 342),
(141126, '石楼县', '山西省,吕梁市,石楼县', 141100, 343),
(141127, '岚　县', '山西省,吕梁市,岚　县', 141100, 344),
(141128, '方山县', '山西省,吕梁市,方山县', 141100, 345),
(141129, '中阳县', '山西省,吕梁市,中阳县', 141100, 346),
(141130, '交口县', '山西省,吕梁市,交口县', 141100, 347),
(141181, '孝义市', '山西省,吕梁市,孝义市', 141100, 348),
(141182, '汾阳市', '山西省,吕梁市,汾阳市', 141100, 349),
(150000, '内蒙古自治区', '内蒙古自治区', 0, 20),
(150100, '呼和浩特市', '内蒙古自治区,呼和浩特市', 150000, 27),
(150101, '市辖区', '内蒙古自治区,呼和浩特市,市辖区', 150100, 350),
(150102, '新城区', '内蒙古自治区,呼和浩特市,新城区', 150100, 351),
(150103, '回民区', '内蒙古自治区,呼和浩特市,回民区', 150100, 352),
(150104, '玉泉区', '内蒙古自治区,呼和浩特市,玉泉区', 150100, 353),
(150105, '赛罕区', '内蒙古自治区,呼和浩特市,赛罕区', 150100, 354),
(150121, '土默特左旗', '内蒙古自治区,呼和浩特市,土默特左旗', 150100, 355),
(150122, '托克托县', '内蒙古自治区,呼和浩特市,托克托县', 150100, 356),
(150123, '和林格尔县', '内蒙古自治区,呼和浩特市,和林格尔县', 150100, 357),
(150124, '清水河县', '内蒙古自治区,呼和浩特市,清水河县', 150100, 358),
(150125, '武川县', '内蒙古自治区,呼和浩特市,武川县', 150100, 359),
(150200, '包头市', '内蒙古自治区,包头市', 150000, 28),
(150201, '市辖区', '内蒙古自治区,包头市,市辖区', 150200, 360),
(150202, '东河区', '内蒙古自治区,包头市,东河区', 150200, 361),
(150203, '昆都仑区', '内蒙古自治区,包头市,昆都仑区', 150200, 362),
(150204, '青山区', '内蒙古自治区,包头市,青山区', 150200, 363),
(150205, '石拐区', '内蒙古自治区,包头市,石拐区', 150200, 364),
(150206, '白云矿区', '内蒙古自治区,包头市,白云矿区', 150200, 365),
(150207, '九原区', '内蒙古自治区,包头市,九原区', 150200, 366),
(150221, '土默特右旗', '内蒙古自治区,包头市,土默特右旗', 150200, 367),
(150222, '固阳县', '内蒙古自治区,包头市,固阳县', 150200, 368),
(150223, '达尔罕茂明安联合旗', '内蒙古自治区,包头市,达尔罕茂明安联合旗', 150200, 369),
(150300, '乌海市', '内蒙古自治区,乌海市', 150000, 29),
(150301, '市辖区', '内蒙古自治区,乌海市,市辖区', 150300, 370),
(150302, '海勃湾区', '内蒙古自治区,乌海市,海勃湾区', 150300, 371),
(150303, '海南区', '内蒙古自治区,乌海市,海南区', 150300, 372),
(150304, '乌达区', '内蒙古自治区,乌海市,乌达区', 150300, 373),
(150400, '赤峰市', '内蒙古自治区,赤峰市', 150000, 30),
(150401, '市辖区', '内蒙古自治区,赤峰市,市辖区', 150400, 374),
(150402, '红山区', '内蒙古自治区,赤峰市,红山区', 150400, 375),
(150403, '元宝山区', '内蒙古自治区,赤峰市,元宝山区', 150400, 376),
(150404, '松山区', '内蒙古自治区,赤峰市,松山区', 150400, 377),
(150421, '阿鲁科尔沁旗', '内蒙古自治区,赤峰市,阿鲁科尔沁旗', 150400, 378),
(150422, '巴林左旗', '内蒙古自治区,赤峰市,巴林左旗', 150400, 379),
(150423, '巴林右旗', '内蒙古自治区,赤峰市,巴林右旗', 150400, 380),
(150424, '林西县', '内蒙古自治区,赤峰市,林西县', 150400, 381),
(150425, '克什克腾旗', '内蒙古自治区,赤峰市,克什克腾旗', 150400, 382),
(150426, '翁牛特旗', '内蒙古自治区,赤峰市,翁牛特旗', 150400, 383),
(150428, '喀喇沁旗', '内蒙古自治区,赤峰市,喀喇沁旗', 150400, 384),
(150429, '宁城县', '内蒙古自治区,赤峰市,宁城县', 150400, 385),
(150430, '敖汉旗', '内蒙古自治区,赤峰市,敖汉旗', 150400, 386),
(150500, '通辽市', '内蒙古自治区,通辽市', 150000, 31),
(150501, '市辖区', '内蒙古自治区,通辽市,市辖区', 150500, 387),
(150502, '科尔沁区', '内蒙古自治区,通辽市,科尔沁区', 150500, 388),
(150521, '科尔沁左翼中旗', '内蒙古自治区,通辽市,科尔沁左翼中旗', 150500, 389),
(150522, '科尔沁左翼后旗', '内蒙古自治区,通辽市,科尔沁左翼后旗', 150500, 390),
(150523, '开鲁县', '内蒙古自治区,通辽市,开鲁县', 150500, 391),
(150524, '库伦旗', '内蒙古自治区,通辽市,库伦旗', 150500, 392),
(150525, '奈曼旗', '内蒙古自治区,通辽市,奈曼旗', 150500, 393),
(150526, '扎鲁特旗', '内蒙古自治区,通辽市,扎鲁特旗', 150500, 394),
(150581, '霍林郭勒市', '内蒙古自治区,通辽市,霍林郭勒市', 150500, 395),
(150600, '鄂尔多斯市', '内蒙古自治区,鄂尔多斯市', 150000, 32),
(150602, '东胜区', '内蒙古自治区,鄂尔多斯市,东胜区', 150600, 396),
(150621, '达拉特旗', '内蒙古自治区,鄂尔多斯市,达拉特旗', 150600, 397),
(150622, '准格尔旗', '内蒙古自治区,鄂尔多斯市,准格尔旗', 150600, 398),
(150623, '鄂托克前旗', '内蒙古自治区,鄂尔多斯市,鄂托克前旗', 150600, 399),
(150624, '鄂托克旗', '内蒙古自治区,鄂尔多斯市,鄂托克旗', 150600, 400),
(150625, '杭锦旗', '内蒙古自治区,鄂尔多斯市,杭锦旗', 150600, 401),
(150626, '乌审旗', '内蒙古自治区,鄂尔多斯市,乌审旗', 150600, 402),
(150627, '伊金霍洛旗', '内蒙古自治区,鄂尔多斯市,伊金霍洛旗', 150600, 403),
(150700, '呼伦贝尔市', '内蒙古自治区,呼伦贝尔市', 150000, 33),
(150701, '市辖区', '内蒙古自治区,呼伦贝尔市,市辖区', 150700, 404),
(150702, '海拉尔区', '内蒙古自治区,呼伦贝尔市,海拉尔区', 150700, 405),
(150721, '阿荣旗', '内蒙古自治区,呼伦贝尔市,阿荣旗', 150700, 406),
(150722, '莫力达瓦达斡尔族自治旗', '内蒙古自治区,呼伦贝尔市,莫力达瓦达斡尔族自治旗', 150700, 407),
(150723, '鄂伦春自治旗', '内蒙古自治区,呼伦贝尔市,鄂伦春自治旗', 150700, 408),
(150724, '鄂温克族自治旗', '内蒙古自治区,呼伦贝尔市,鄂温克族自治旗', 150700, 409),
(150725, '陈巴尔虎旗', '内蒙古自治区,呼伦贝尔市,陈巴尔虎旗', 150700, 410),
(150726, '新巴尔虎左旗', '内蒙古自治区,呼伦贝尔市,新巴尔虎左旗', 150700, 411),
(150727, '新巴尔虎右旗', '内蒙古自治区,呼伦贝尔市,新巴尔虎右旗', 150700, 412),
(150781, '满洲里市', '内蒙古自治区,呼伦贝尔市,满洲里市', 150700, 413),
(150782, '牙克石市', '内蒙古自治区,呼伦贝尔市,牙克石市', 150700, 414),
(150783, '扎兰屯市', '内蒙古自治区,呼伦贝尔市,扎兰屯市', 150700, 415),
(150784, '额尔古纳市', '内蒙古自治区,呼伦贝尔市,额尔古纳市', 150700, 416),
(150785, '根河市', '内蒙古自治区,呼伦贝尔市,根河市', 150700, 417),
(150800, '巴彦淖尔市', '内蒙古自治区,巴彦淖尔市', 150000, 34),
(150801, '市辖区', '内蒙古自治区,巴彦淖尔市,市辖区', 150800, 418),
(150802, '临河区', '内蒙古自治区,巴彦淖尔市,临河区', 150800, 419),
(150821, '五原县', '内蒙古自治区,巴彦淖尔市,五原县', 150800, 420),
(150822, '磴口县', '内蒙古自治区,巴彦淖尔市,磴口县', 150800, 421),
(150823, '乌拉特前旗', '内蒙古自治区,巴彦淖尔市,乌拉特前旗', 150800, 422),
(150824, '乌拉特中旗', '内蒙古自治区,巴彦淖尔市,乌拉特中旗', 150800, 423),
(150825, '乌拉特后旗', '内蒙古自治区,巴彦淖尔市,乌拉特后旗', 150800, 424),
(150826, '杭锦后旗', '内蒙古自治区,巴彦淖尔市,杭锦后旗', 150800, 425),
(150900, '乌兰察布市', '内蒙古自治区,乌兰察布市', 150000, 35),
(150901, '市辖区', '内蒙古自治区,乌兰察布市,市辖区', 150900, 426),
(150902, '集宁区', '内蒙古自治区,乌兰察布市,集宁区', 150900, 427),
(150921, '卓资县', '内蒙古自治区,乌兰察布市,卓资县', 150900, 428),
(150922, '化德县', '内蒙古自治区,乌兰察布市,化德县', 150900, 429),
(150923, '商都县', '内蒙古自治区,乌兰察布市,商都县', 150900, 430),
(150924, '兴和县', '内蒙古自治区,乌兰察布市,兴和县', 150900, 431),
(150925, '凉城县', '内蒙古自治区,乌兰察布市,凉城县', 150900, 432),
(150926, '察哈尔右翼前旗', '内蒙古自治区,乌兰察布市,察哈尔右翼前旗', 150900, 433),
(150927, '察哈尔右翼中旗', '内蒙古自治区,乌兰察布市,察哈尔右翼中旗', 150900, 434),
(150928, '察哈尔右翼后旗', '内蒙古自治区,乌兰察布市,察哈尔右翼后旗', 150900, 435),
(150929, '四子王旗', '内蒙古自治区,乌兰察布市,四子王旗', 150900, 436),
(150981, '丰镇市', '内蒙古自治区,乌兰察布市,丰镇市', 150900, 437),
(152200, '兴安盟', '内蒙古自治区,兴安盟', 150000, 36),
(152201, '乌兰浩特市', '内蒙古自治区,兴安盟,乌兰浩特市', 152200, 438),
(152202, '阿尔山市', '内蒙古自治区,兴安盟,阿尔山市', 152200, 439),
(152221, '科尔沁右翼前旗', '内蒙古自治区,兴安盟,科尔沁右翼前旗', 152200, 440),
(152222, '科尔沁右翼中旗', '内蒙古自治区,兴安盟,科尔沁右翼中旗', 152200, 441),
(152223, '扎赉特旗', '内蒙古自治区,兴安盟,扎赉特旗', 152200, 442),
(152224, '突泉县', '内蒙古自治区,兴安盟,突泉县', 152200, 443),
(152500, '锡林郭勒盟', '内蒙古自治区,锡林郭勒盟', 150000, 37),
(152501, '二连浩特市', '内蒙古自治区,锡林郭勒盟,二连浩特市', 152500, 444),
(152502, '锡林浩特市', '内蒙古自治区,锡林郭勒盟,锡林浩特市', 152500, 445),
(152522, '阿巴嘎旗', '内蒙古自治区,锡林郭勒盟,阿巴嘎旗', 152500, 446),
(152523, '苏尼特左旗', '内蒙古自治区,锡林郭勒盟,苏尼特左旗', 152500, 447),
(152524, '苏尼特右旗', '内蒙古自治区,锡林郭勒盟,苏尼特右旗', 152500, 448),
(152525, '东乌珠穆沁旗', '内蒙古自治区,锡林郭勒盟,东乌珠穆沁旗', 152500, 449),
(152526, '西乌珠穆沁旗', '内蒙古自治区,锡林郭勒盟,西乌珠穆沁旗', 152500, 450),
(152527, '太仆寺旗', '内蒙古自治区,锡林郭勒盟,太仆寺旗', 152500, 451),
(152528, '镶黄旗', '内蒙古自治区,锡林郭勒盟,镶黄旗', 152500, 452),
(152529, '正镶白旗', '内蒙古自治区,锡林郭勒盟,正镶白旗', 152500, 453),
(152530, '正蓝旗', '内蒙古自治区,锡林郭勒盟,正蓝旗', 152500, 454),
(152531, '多伦县', '内蒙古自治区,锡林郭勒盟,多伦县', 152500, 455),
(152900, '阿拉善盟', '内蒙古自治区,阿拉善盟', 150000, 38),
(152921, '阿拉善左旗', '内蒙古自治区,阿拉善盟,阿拉善左旗', 152900, 456),
(152922, '阿拉善右旗', '内蒙古自治区,阿拉善盟,阿拉善右旗', 152900, 457),
(152923, '额济纳旗', '内蒙古自治区,阿拉善盟,额济纳旗', 152900, 458),
(210000, '辽宁省', '辽宁省', 0, 19),
(210100, '沈阳市', '辽宁省,沈阳市', 210000, 39),
(210101, '市辖区', '辽宁省,沈阳市,市辖区', 210100, 459),
(210102, '和平区', '辽宁省,沈阳市,和平区', 210100, 460),
(210103, '沈河区', '辽宁省,沈阳市,沈河区', 210100, 461),
(210104, '大东区', '辽宁省,沈阳市,大东区', 210100, 462),
(210105, '皇姑区', '辽宁省,沈阳市,皇姑区', 210100, 463),
(210106, '铁西区', '辽宁省,沈阳市,铁西区', 210100, 464),
(210111, '苏家屯区', '辽宁省,沈阳市,苏家屯区', 210100, 465),
(210112, '东陵区', '辽宁省,沈阳市,东陵区', 210100, 466),
(210113, '新城子区', '辽宁省,沈阳市,新城子区', 210100, 467),
(210114, '于洪区', '辽宁省,沈阳市,于洪区', 210100, 468),
(210122, '辽中县', '辽宁省,沈阳市,辽中县', 210100, 469),
(210123, '康平县', '辽宁省,沈阳市,康平县', 210100, 470),
(210124, '法库县', '辽宁省,沈阳市,法库县', 210100, 471),
(210181, '新民市', '辽宁省,沈阳市,新民市', 210100, 472),
(210200, '大连市', '辽宁省,大连市', 210000, 40),
(210201, '市辖区', '辽宁省,大连市,市辖区', 210200, 473),
(210202, '中山区', '辽宁省,大连市,中山区', 210200, 474),
(210203, '西岗区', '辽宁省,大连市,西岗区', 210200, 475),
(210204, '沙河口区', '辽宁省,大连市,沙河口区', 210200, 476),
(210211, '甘井子区', '辽宁省,大连市,甘井子区', 210200, 477),
(210212, '旅顺口区', '辽宁省,大连市,旅顺口区', 210200, 478),
(210213, '金州区', '辽宁省,大连市,金州区', 210200, 479),
(210224, '长海县', '辽宁省,大连市,长海县', 210200, 480),
(210281, '瓦房店市', '辽宁省,大连市,瓦房店市', 210200, 481),
(210282, '普兰店市', '辽宁省,大连市,普兰店市', 210200, 482),
(210283, '庄河市', '辽宁省,大连市,庄河市', 210200, 483),
(210300, '鞍山市', '辽宁省,鞍山市', 210000, 41),
(210301, '市辖区', '辽宁省,鞍山市,市辖区', 210300, 484),
(210302, '铁东区', '辽宁省,鞍山市,铁东区', 210300, 485),
(210303, '铁西区', '辽宁省,鞍山市,铁西区', 210300, 486),
(210304, '立山区', '辽宁省,鞍山市,立山区', 210300, 487),
(210311, '千山区', '辽宁省,鞍山市,千山区', 210300, 488),
(210321, '台安县', '辽宁省,鞍山市,台安县', 210300, 489),
(210323, '岫岩满族自治县', '辽宁省,鞍山市,岫岩满族自治县', 210300, 490),
(210381, '海城市', '辽宁省,鞍山市,海城市', 210300, 491),
(210400, '抚顺市', '辽宁省,抚顺市', 210000, 42),
(210401, '市辖区', '辽宁省,抚顺市,市辖区', 210400, 492),
(210402, '新抚区', '辽宁省,抚顺市,新抚区', 210400, 493),
(210403, '东洲区', '辽宁省,抚顺市,东洲区', 210400, 494),
(210404, '望花区', '辽宁省,抚顺市,望花区', 210400, 495),
(210411, '顺城区', '辽宁省,抚顺市,顺城区', 210400, 496),
(210421, '抚顺县', '辽宁省,抚顺市,抚顺县', 210400, 497),
(210422, '新宾满族自治县', '辽宁省,抚顺市,新宾满族自治县', 210400, 498),
(210423, '清原满族自治县', '辽宁省,抚顺市,清原满族自治县', 210400, 499),
(210500, '本溪市', '辽宁省,本溪市', 210000, 43),
(210501, '市辖区', '辽宁省,本溪市,市辖区', 210500, 500),
(210502, '平山区', '辽宁省,本溪市,平山区', 210500, 501),
(210503, '溪湖区', '辽宁省,本溪市,溪湖区', 210500, 502),
(210504, '明山区', '辽宁省,本溪市,明山区', 210500, 503),
(210505, '南芬区', '辽宁省,本溪市,南芬区', 210500, 504),
(210521, '本溪满族自治县', '辽宁省,本溪市,本溪满族自治县', 210500, 505),
(210522, '桓仁满族自治县', '辽宁省,本溪市,桓仁满族自治县', 210500, 506),
(210600, '丹东市', '辽宁省,丹东市', 210000, 44),
(210601, '市辖区', '辽宁省,丹东市,市辖区', 210600, 507),
(210602, '元宝区', '辽宁省,丹东市,元宝区', 210600, 508),
(210603, '振兴区', '辽宁省,丹东市,振兴区', 210600, 509),
(210604, '振安区', '辽宁省,丹东市,振安区', 210600, 510),
(210624, '宽甸满族自治县', '辽宁省,丹东市,宽甸满族自治县', 210600, 511),
(210681, '东港市', '辽宁省,丹东市,东港市', 210600, 512),
(210682, '凤城市', '辽宁省,丹东市,凤城市', 210600, 513),
(210700, '锦州市', '辽宁省,锦州市', 210000, 45),
(210701, '市辖区', '辽宁省,锦州市,市辖区', 210700, 514),
(210702, '古塔区', '辽宁省,锦州市,古塔区', 210700, 515),
(210703, '凌河区', '辽宁省,锦州市,凌河区', 210700, 516),
(210711, '太和区', '辽宁省,锦州市,太和区', 210700, 517),
(210726, '黑山县', '辽宁省,锦州市,黑山县', 210700, 518),
(210727, '义　县', '辽宁省,锦州市,义　县', 210700, 519),
(210781, '凌海市', '辽宁省,锦州市,凌海市', 210700, 520),
(210782, '北宁市', '辽宁省,锦州市,北宁市', 210700, 521),
(210800, '营口市', '辽宁省,营口市', 210000, 46),
(210801, '市辖区', '辽宁省,营口市,市辖区', 210800, 522),
(210802, '站前区', '辽宁省,营口市,站前区', 210800, 523),
(210803, '西市区', '辽宁省,营口市,西市区', 210800, 524),
(210804, '鲅鱼圈区', '辽宁省,营口市,鲅鱼圈区', 210800, 525),
(210811, '老边区', '辽宁省,营口市,老边区', 210800, 526),
(210881, '盖州市', '辽宁省,营口市,盖州市', 210800, 527),
(210882, '大石桥市', '辽宁省,营口市,大石桥市', 210800, 528),
(210900, '阜新市', '辽宁省,阜新市', 210000, 47),
(210901, '市辖区', '辽宁省,阜新市,市辖区', 210900, 529),
(210902, '海州区', '辽宁省,阜新市,海州区', 210900, 530),
(210903, '新邱区', '辽宁省,阜新市,新邱区', 210900, 531),
(210904, '太平区', '辽宁省,阜新市,太平区', 210900, 532),
(210905, '清河门区', '辽宁省,阜新市,清河门区', 210900, 533),
(210911, '细河区', '辽宁省,阜新市,细河区', 210900, 534),
(210921, '阜新蒙古族自治县', '辽宁省,阜新市,阜新蒙古族自治县', 210900, 535),
(210922, '彰武县', '辽宁省,阜新市,彰武县', 210900, 536),
(211000, '辽阳市', '辽宁省,辽阳市', 210000, 48),
(211001, '市辖区', '辽宁省,辽阳市,市辖区', 211000, 537),
(211002, '白塔区', '辽宁省,辽阳市,白塔区', 211000, 538),
(211003, '文圣区', '辽宁省,辽阳市,文圣区', 211000, 539),
(211004, '宏伟区', '辽宁省,辽阳市,宏伟区', 211000, 540),
(211005, '弓长岭区', '辽宁省,辽阳市,弓长岭区', 211000, 541),
(211011, '太子河区', '辽宁省,辽阳市,太子河区', 211000, 542),
(211021, '辽阳县', '辽宁省,辽阳市,辽阳县', 211000, 543),
(211081, '灯塔市', '辽宁省,辽阳市,灯塔市', 211000, 544),
(211100, '盘锦市', '辽宁省,盘锦市', 210000, 49),
(211101, '市辖区', '辽宁省,盘锦市,市辖区', 211100, 545),
(211102, '双台子区', '辽宁省,盘锦市,双台子区', 211100, 546),
(211103, '兴隆台区', '辽宁省,盘锦市,兴隆台区', 211100, 547),
(211121, '大洼县', '辽宁省,盘锦市,大洼县', 211100, 548),
(211122, '盘山县', '辽宁省,盘锦市,盘山县', 211100, 549),
(211200, '铁岭市', '辽宁省,铁岭市', 210000, 50),
(211201, '市辖区', '辽宁省,铁岭市,市辖区', 211200, 550),
(211202, '银州区', '辽宁省,铁岭市,银州区', 211200, 551),
(211204, '清河区', '辽宁省,铁岭市,清河区', 211200, 552),
(211221, '铁岭县', '辽宁省,铁岭市,铁岭县', 211200, 553),
(211223, '西丰县', '辽宁省,铁岭市,西丰县', 211200, 554),
(211224, '昌图县', '辽宁省,铁岭市,昌图县', 211200, 555),
(211281, '调兵山市', '辽宁省,铁岭市,调兵山市', 211200, 556),
(211282, '开原市', '辽宁省,铁岭市,开原市', 211200, 557),
(211300, '朝阳市', '辽宁省,朝阳市', 210000, 51),
(211301, '市辖区', '辽宁省,朝阳市,市辖区', 211300, 558),
(211302, '双塔区', '辽宁省,朝阳市,双塔区', 211300, 559),
(211303, '龙城区', '辽宁省,朝阳市,龙城区', 211300, 560),
(211321, '朝阳县', '辽宁省,朝阳市,朝阳县', 211300, 561),
(211322, '建平县', '辽宁省,朝阳市,建平县', 211300, 562),
(211324, '喀喇沁左翼蒙古族自治县', '辽宁省,朝阳市,喀喇沁左翼蒙古族自治县', 211300, 563),
(211381, '北票市', '辽宁省,朝阳市,北票市', 211300, 564),
(211382, '凌源市', '辽宁省,朝阳市,凌源市', 211300, 565),
(211400, '葫芦岛市', '辽宁省,葫芦岛市', 210000, 52),
(211401, '市辖区', '市辖区', 211400, 566),
(211402, '连山区', '连山区', 211400, 567),
(211403, '龙港区', '龙港区', 211400, 568),
(211404, '南票区', '南票区', 211400, 569),
(211421, '绥中县', '绥中县', 211400, 570),
(211422, '建昌县', '建昌县', 211400, 571),
(211481, '兴城市', '兴城市', 211400, 572),
(220000, '吉林省', '吉林省', 0, 16),
(220100, '长春市', '吉林省,长春市', 220000, 53),
(220101, '市辖区', '吉林省,长春市,市辖区', 220100, 573),
(220102, '南关区', '吉林省,长春市,南关区', 220100, 574),
(220103, '宽城区', '吉林省,长春市,宽城区', 220100, 575),
(220104, '朝阳区', '吉林省,长春市,朝阳区', 220100, 576),
(220105, '二道区', '吉林省,长春市,二道区', 220100, 577),
(220106, '绿园区', '吉林省,长春市,绿园区', 220100, 578),
(220112, '双阳区', '吉林省,长春市,双阳区', 220100, 579),
(220122, '农安县', '吉林省,长春市,农安县', 220100, 580),
(220181, '九台市', '吉林省,长春市,九台市', 220100, 581),
(220182, '榆树市', '吉林省,长春市,榆树市', 220100, 582),
(220183, '德惠市', '吉林省,长春市,德惠市', 220100, 583),
(220200, '吉林市', '吉林省,吉林市', 220000, 54),
(220201, '市辖区', '吉林省,吉林市,市辖区', 220200, 584),
(220202, '昌邑区', '吉林省,吉林市,昌邑区', 220200, 585),
(220203, '龙潭区', '吉林省,吉林市,龙潭区', 220200, 586),
(220204, '船营区', '吉林省,吉林市,船营区', 220200, 587),
(220211, '丰满区', '吉林省,吉林市,丰满区', 220200, 588),
(220221, '永吉县', '吉林省,吉林市,永吉县', 220200, 589),
(220281, '蛟河市', '吉林省,吉林市,蛟河市', 220200, 590),
(220282, '桦甸市', '吉林省,吉林市,桦甸市', 220200, 591),
(220283, '舒兰市', '吉林省,吉林市,舒兰市', 220200, 592),
(220284, '磐石市', '吉林省,吉林市,磐石市', 220200, 593),
(220300, '四平市', '吉林省,四平市', 220000, 55),
(220301, '市辖区', '吉林省,四平市,市辖区', 220300, 594),
(220302, '铁西区', '吉林省,四平市,铁西区', 220300, 595),
(220303, '铁东区', '吉林省,四平市,铁东区', 220300, 596),
(220322, '梨树县', '吉林省,四平市,梨树县', 220300, 597),
(220323, '伊通满族自治县', '吉林省,四平市,伊通满族自治县', 220300, 598),
(220381, '公主岭市', '吉林省,四平市,公主岭市', 220300, 599),
(220382, '双辽市', '吉林省,四平市,双辽市', 220300, 600),
(220400, '辽源市', '吉林省,辽源市', 220000, 56),
(220401, '市辖区', '吉林省,辽源市,市辖区', 220400, 601),
(220402, '龙山区', '吉林省,辽源市,龙山区', 220400, 602),
(220403, '西安区', '吉林省,辽源市,西安区', 220400, 603),
(220421, '东丰县', '吉林省,辽源市,东丰县', 220400, 604),
(220422, '东辽县', '吉林省,辽源市,东辽县', 220400, 605),
(220500, '通化市', '吉林省,通化市', 220000, 57),
(220501, '市辖区', '吉林省,通化市,市辖区', 220500, 606),
(220502, '东昌区', '吉林省,通化市,东昌区', 220500, 607),
(220503, '二道江区', '吉林省,通化市,二道江区', 220500, 608),
(220521, '通化县', '吉林省,通化市,通化县', 220500, 609),
(220523, '辉南县', '吉林省,通化市,辉南县', 220500, 610),
(220524, '柳河县', '吉林省,通化市,柳河县', 220500, 611),
(220581, '梅河口市', '吉林省,通化市,梅河口市', 220500, 612),
(220582, '集安市', '吉林省,通化市,集安市', 220500, 613),
(220600, '白山市', '吉林省,白山市', 220000, 58),
(220601, '市辖区', '吉林省,白山市,市辖区', 220600, 614),
(220602, '八道江区', '吉林省,白山市,八道江区', 220600, 615),
(220621, '抚松县', '吉林省,白山市,抚松县', 220600, 616),
(220622, '靖宇县', '吉林省,白山市,靖宇县', 220600, 617),
(220623, '长白朝鲜族自治县', '吉林省,白山市,长白朝鲜族自治县', 220600, 618),
(220625, '江源县', '吉林省,白山市,江源县', 220600, 619),
(220681, '临江市', '吉林省,白山市,临江市', 220600, 620),
(220700, '松原市', '吉林省,松原市', 220000, 59),
(220701, '市辖区', '吉林省,松原市,市辖区', 220700, 621),
(220702, '宁江区', '吉林省,松原市,宁江区', 220700, 622),
(220721, '前郭尔罗斯蒙古族自治县', '吉林省,松原市,前郭尔罗斯蒙古族自治县', 220700, 623),
(220722, '长岭县', '吉林省,松原市,长岭县', 220700, 624),
(220723, '乾安县', '吉林省,松原市,乾安县', 220700, 625),
(220724, '扶余县', '吉林省,松原市,扶余县', 220700, 626),
(220800, '白城市', '吉林省,白城市', 220000, 60),
(220801, '市辖区', '吉林省,白城市,市辖区', 220800, 627),
(220802, '洮北区', '吉林省,白城市,洮北区', 220800, 628),
(220821, '镇赉县', '吉林省,白城市,镇赉县', 220800, 629),
(220822, '通榆县', '吉林省,白城市,通榆县', 220800, 630),
(220881, '洮南市', '吉林省,白城市,洮南市', 220800, 631),
(220882, '大安市', '吉林省,白城市,大安市', 220800, 632),
(222400, '延边朝鲜族自治州', '吉林省,延边朝鲜族自治州', 220000, 61),
(222401, '延吉市', '吉林省,延边朝鲜族自治州,延吉市', 222400, 633),
(222402, '图们市', '吉林省,延边朝鲜族自治州,图们市', 222400, 634),
(222403, '敦化市', '吉林省,延边朝鲜族自治州,敦化市', 222400, 635),
(222404, '珲春市', '吉林省,延边朝鲜族自治州,珲春市', 222400, 636),
(222405, '龙井市', '吉林省,延边朝鲜族自治州,龙井市', 222400, 637),
(222406, '和龙市', '吉林省,延边朝鲜族自治州,和龙市', 222400, 638),
(222424, '汪清县', '吉林省,延边朝鲜族自治州,汪清县', 222400, 639),
(222426, '安图县', '吉林省,延边朝鲜族自治州,安图县', 222400, 640),
(230000, '黑龙江省', '黑龙江省', 0, 15),
(230100, '哈尔滨市', '黑龙江省,哈尔滨市', 230000, 62),
(230101, '市辖区', '黑龙江省,哈尔滨市,市辖区', 230100, 641),
(230102, '道里区', '黑龙江省,哈尔滨市,道里区', 230100, 642);
INSERT INTO `jydp_areas` (`areaid`, `name`, `joinname`, `parentid`, `vieworder`) VALUES
(230103, '南岗区', '黑龙江省,哈尔滨市,南岗区', 230100, 643),
(230104, '道外区', '黑龙江省,哈尔滨市,道外区', 230100, 644),
(230106, '香坊区', '黑龙江省,哈尔滨市,香坊区', 230100, 645),
(230107, '动力区', '黑龙江省,哈尔滨市,动力区', 230100, 646),
(230108, '平房区', '黑龙江省,哈尔滨市,平房区', 230100, 647),
(230109, '松北区', '黑龙江省,哈尔滨市,松北区', 230100, 648),
(230111, '呼兰区', '黑龙江省,哈尔滨市,呼兰区', 230100, 649),
(230123, '依兰县', '黑龙江省,哈尔滨市,依兰县', 230100, 650),
(230124, '方正县', '黑龙江省,哈尔滨市,方正县', 230100, 651),
(230125, '宾　县', '黑龙江省,哈尔滨市,宾　县', 230100, 652),
(230126, '巴彦县', '黑龙江省,哈尔滨市,巴彦县', 230100, 653),
(230127, '木兰县', '黑龙江省,哈尔滨市,木兰县', 230100, 654),
(230128, '通河县', '黑龙江省,哈尔滨市,通河县', 230100, 655),
(230129, '延寿县', '黑龙江省,哈尔滨市,延寿县', 230100, 656),
(230181, '阿城市', '黑龙江省,哈尔滨市,阿城市', 230100, 657),
(230182, '双城市', '黑龙江省,哈尔滨市,双城市', 230100, 658),
(230183, '尚志市', '黑龙江省,哈尔滨市,尚志市', 230100, 659),
(230184, '五常市', '黑龙江省,哈尔滨市,五常市', 230100, 660),
(230200, '齐齐哈尔市', '黑龙江省,齐齐哈尔市', 230000, 63),
(230201, '市辖区', '黑龙江省,齐齐哈尔市,市辖区', 230200, 661),
(230202, '龙沙区', '黑龙江省,齐齐哈尔市,龙沙区', 230200, 662),
(230203, '建华区', '黑龙江省,齐齐哈尔市,建华区', 230200, 663),
(230204, '铁锋区', '黑龙江省,齐齐哈尔市,铁锋区', 230200, 664),
(230205, '昂昂溪区', '黑龙江省,齐齐哈尔市,昂昂溪区', 230200, 665),
(230206, '富拉尔基区', '黑龙江省,齐齐哈尔市,富拉尔基区', 230200, 666),
(230207, '碾子山区', '黑龙江省,齐齐哈尔市,碾子山区', 230200, 667),
(230208, '梅里斯达斡尔族区', '黑龙江省,齐齐哈尔市,梅里斯达斡尔族区', 230200, 668),
(230221, '龙江县', '黑龙江省,齐齐哈尔市,龙江县', 230200, 669),
(230223, '依安县', '黑龙江省,齐齐哈尔市,依安县', 230200, 670),
(230224, '泰来县', '黑龙江省,齐齐哈尔市,泰来县', 230200, 671),
(230225, '甘南县', '黑龙江省,齐齐哈尔市,甘南县', 230200, 672),
(230227, '富裕县', '黑龙江省,齐齐哈尔市,富裕县', 230200, 673),
(230229, '克山县', '黑龙江省,齐齐哈尔市,克山县', 230200, 674),
(230230, '克东县', '黑龙江省,齐齐哈尔市,克东县', 230200, 675),
(230231, '拜泉县', '黑龙江省,齐齐哈尔市,拜泉县', 230200, 676),
(230281, '讷河市', '黑龙江省,齐齐哈尔市,讷河市', 230200, 677),
(230300, '鸡西市', '黑龙江省,鸡西市', 230000, 64),
(230301, '市辖区', '黑龙江省,鸡西市,市辖区', 230300, 678),
(230302, '鸡冠区', '黑龙江省,鸡西市,鸡冠区', 230300, 679),
(230303, '恒山区', '黑龙江省,鸡西市,恒山区', 230300, 680),
(230304, '滴道区', '黑龙江省,鸡西市,滴道区', 230300, 681),
(230305, '梨树区', '黑龙江省,鸡西市,梨树区', 230300, 682),
(230306, '城子河区', '黑龙江省,鸡西市,城子河区', 230300, 683),
(230307, '麻山区', '黑龙江省,鸡西市,麻山区', 230300, 684),
(230321, '鸡东县', '黑龙江省,鸡西市,鸡东县', 230300, 685),
(230381, '虎林市', '黑龙江省,鸡西市,虎林市', 230300, 686),
(230382, '密山市', '黑龙江省,鸡西市,密山市', 230300, 687),
(230400, '鹤岗市', '黑龙江省,鹤岗市', 230000, 65),
(230401, '市辖区', '黑龙江省,鹤岗市,市辖区', 230400, 688),
(230402, '向阳区', '黑龙江省,鹤岗市,向阳区', 230400, 689),
(230403, '工农区', '黑龙江省,鹤岗市,工农区', 230400, 690),
(230404, '南山区', '黑龙江省,鹤岗市,南山区', 230400, 691),
(230405, '兴安区', '黑龙江省,鹤岗市,兴安区', 230400, 692),
(230406, '东山区', '黑龙江省,鹤岗市,东山区', 230400, 693),
(230407, '兴山区', '黑龙江省,鹤岗市,兴山区', 230400, 694),
(230421, '萝北县', '黑龙江省,鹤岗市,萝北县', 230400, 695),
(230422, '绥滨县', '黑龙江省,鹤岗市,绥滨县', 230400, 696),
(230500, '双鸭山市', '黑龙江省,双鸭山市', 230000, 66),
(230501, '市辖区', '黑龙江省,双鸭山市,市辖区', 230500, 697),
(230502, '尖山区', '黑龙江省,双鸭山市,尖山区', 230500, 698),
(230503, '岭东区', '黑龙江省,双鸭山市,岭东区', 230500, 699),
(230505, '四方台区', '黑龙江省,双鸭山市,四方台区', 230500, 700),
(230506, '宝山区', '黑龙江省,双鸭山市,宝山区', 230500, 701),
(230521, '集贤县', '黑龙江省,双鸭山市,集贤县', 230500, 702),
(230522, '友谊县', '黑龙江省,双鸭山市,友谊县', 230500, 703),
(230523, '宝清县', '黑龙江省,双鸭山市,宝清县', 230500, 704),
(230524, '饶河县', '黑龙江省,双鸭山市,饶河县', 230500, 705),
(230600, '大庆市', '黑龙江省,大庆市', 230000, 67),
(230601, '市辖区', '黑龙江省,大庆市,市辖区', 230600, 706),
(230602, '萨尔图区', '黑龙江省,大庆市,萨尔图区', 230600, 707),
(230603, '龙凤区', '黑龙江省,大庆市,龙凤区', 230600, 708),
(230604, '让胡路区', '黑龙江省,大庆市,让胡路区', 230600, 709),
(230605, '红岗区', '黑龙江省,大庆市,红岗区', 230600, 710),
(230606, '大同区', '黑龙江省,大庆市,大同区', 230600, 711),
(230621, '肇州县', '黑龙江省,大庆市,肇州县', 230600, 712),
(230622, '肇源县', '黑龙江省,大庆市,肇源县', 230600, 713),
(230623, '林甸县', '黑龙江省,大庆市,林甸县', 230600, 714),
(230624, '杜尔伯特蒙古族自治县', '黑龙江省,大庆市,杜尔伯特蒙古族自治县', 230600, 715),
(230700, '伊春市', '黑龙江省,伊春市', 230000, 68),
(230701, '市辖区', '黑龙江省,伊春市,市辖区', 230700, 716),
(230702, '伊春区', '黑龙江省,伊春市,伊春区', 230700, 717),
(230703, '南岔区', '黑龙江省,伊春市,南岔区', 230700, 718),
(230704, '友好区', '黑龙江省,伊春市,友好区', 230700, 719),
(230705, '西林区', '黑龙江省,伊春市,西林区', 230700, 720),
(230706, '翠峦区', '黑龙江省,伊春市,翠峦区', 230700, 721),
(230707, '新青区', '黑龙江省,伊春市,新青区', 230700, 722),
(230708, '美溪区', '黑龙江省,伊春市,美溪区', 230700, 723),
(230709, '金山屯区', '黑龙江省,伊春市,金山屯区', 230700, 724),
(230710, '五营区', '黑龙江省,伊春市,五营区', 230700, 725),
(230711, '乌马河区', '黑龙江省,伊春市,乌马河区', 230700, 726),
(230712, '汤旺河区', '黑龙江省,伊春市,汤旺河区', 230700, 727),
(230713, '带岭区', '黑龙江省,伊春市,带岭区', 230700, 728),
(230714, '乌伊岭区', '黑龙江省,伊春市,乌伊岭区', 230700, 729),
(230715, '红星区', '黑龙江省,伊春市,红星区', 230700, 730),
(230716, '上甘岭区', '黑龙江省,伊春市,上甘岭区', 230700, 731),
(230722, '嘉荫县', '黑龙江省,伊春市,嘉荫县', 230700, 732),
(230781, '铁力市', '黑龙江省,伊春市,铁力市', 230700, 733),
(230800, '佳木斯市', '黑龙江省,佳木斯市', 230000, 69),
(230801, '市辖区', '黑龙江省,佳木斯市,市辖区', 230800, 734),
(230802, '永红区', '黑龙江省,佳木斯市,永红区', 230800, 735),
(230803, '向阳区', '黑龙江省,佳木斯市,向阳区', 230800, 736),
(230804, '前进区', '黑龙江省,佳木斯市,前进区', 230800, 737),
(230805, '东风区', '黑龙江省,佳木斯市,东风区', 230800, 738),
(230811, '郊　区', '黑龙江省,佳木斯市,郊　区', 230800, 739),
(230822, '桦南县', '黑龙江省,佳木斯市,桦南县', 230800, 740),
(230826, '桦川县', '黑龙江省,佳木斯市,桦川县', 230800, 741),
(230828, '汤原县', '黑龙江省,佳木斯市,汤原县', 230800, 742),
(230833, '抚远县', '黑龙江省,佳木斯市,抚远县', 230800, 743),
(230881, '同江市', '黑龙江省,佳木斯市,同江市', 230800, 744),
(230882, '富锦市', '黑龙江省,佳木斯市,富锦市', 230800, 745),
(230900, '七台河市', '黑龙江省,七台河市', 230000, 70),
(230901, '市辖区', '黑龙江省,七台河市,市辖区', 230900, 746),
(230902, '新兴区', '黑龙江省,七台河市,新兴区', 230900, 747),
(230903, '桃山区', '黑龙江省,七台河市,桃山区', 230900, 748),
(230904, '茄子河区', '黑龙江省,七台河市,茄子河区', 230900, 749),
(230921, '勃利县', '黑龙江省,七台河市,勃利县', 230900, 750),
(231000, '牡丹江市', '黑龙江省,牡丹江市', 230000, 71),
(231001, '市辖区', '黑龙江省,牡丹江市,市辖区', 231000, 751),
(231002, '东安区', '黑龙江省,牡丹江市,东安区', 231000, 752),
(231003, '阳明区', '黑龙江省,牡丹江市,阳明区', 231000, 753),
(231004, '爱民区', '黑龙江省,牡丹江市,爱民区', 231000, 754),
(231005, '西安区', '黑龙江省,牡丹江市,西安区', 231000, 755),
(231024, '东宁县', '黑龙江省,牡丹江市,东宁县', 231000, 756),
(231025, '林口县', '黑龙江省,牡丹江市,林口县', 231000, 757),
(231081, '绥芬河市', '黑龙江省,牡丹江市,绥芬河市', 231000, 758),
(231083, '海林市', '黑龙江省,牡丹江市,海林市', 231000, 759),
(231084, '宁安市', '黑龙江省,牡丹江市,宁安市', 231000, 760),
(231085, '穆棱市', '黑龙江省,牡丹江市,穆棱市', 231000, 761),
(231100, '黑河市', '黑龙江省,黑河市', 230000, 72),
(231101, '市辖区', '黑龙江省,黑河市,市辖区', 231100, 762),
(231102, '爱辉区', '黑龙江省,黑河市,爱辉区', 231100, 763),
(231121, '嫩江县', '黑龙江省,黑河市,嫩江县', 231100, 764),
(231123, '逊克县', '黑龙江省,黑河市,逊克县', 231100, 765),
(231124, '孙吴县', '黑龙江省,黑河市,孙吴县', 231100, 766),
(231181, '北安市', '黑龙江省,黑河市,北安市', 231100, 767),
(231182, '五大连池市', '黑龙江省,黑河市,五大连池市', 231100, 768),
(231200, '绥化市', '黑龙江省,绥化市', 230000, 73),
(231201, '市辖区', '黑龙江省,绥化市,市辖区', 231200, 769),
(231202, '北林区', '黑龙江省,绥化市,北林区', 231200, 770),
(231221, '望奎县', '黑龙江省,绥化市,望奎县', 231200, 771),
(231222, '兰西县', '黑龙江省,绥化市,兰西县', 231200, 772),
(231223, '青冈县', '黑龙江省,绥化市,青冈县', 231200, 773),
(231224, '庆安县', '黑龙江省,绥化市,庆安县', 231200, 774),
(231225, '明水县', '黑龙江省,绥化市,明水县', 231200, 775),
(231226, '绥棱县', '黑龙江省,绥化市,绥棱县', 231200, 776),
(231281, '安达市', '黑龙江省,绥化市,安达市', 231200, 777),
(231282, '肇东市', '黑龙江省,绥化市,肇东市', 231200, 778),
(231283, '海伦市', '黑龙江省,绥化市,海伦市', 231200, 779),
(232700, '大兴安岭地区', '黑龙江省,大兴安岭地区', 230000, 74),
(232721, '呼玛县', '黑龙江省,大兴安岭地区,呼玛县', 232700, 780),
(232722, '塔河县', '黑龙江省,大兴安岭地区,塔河县', 232700, 781),
(232723, '漠河县', '黑龙江省,大兴安岭地区,漠河县', 232700, 782),
(310000, '上海市', '上海市', 0, 23),
(310100, '市辖区', '上海市,市辖区', 310000, 75),
(310101, '黄浦区', '上海市,市辖区,黄浦区', 310100, 783),
(310103, '卢湾区', '上海市,市辖区,卢湾区', 310100, 784),
(310104, '徐汇区', '上海市,市辖区,徐汇区', 310100, 785),
(310105, '长宁区', '上海市,市辖区,长宁区', 310100, 786),
(310106, '静安区', '上海市,市辖区,静安区', 310100, 787),
(310107, '普陀区', '上海市,市辖区,普陀区', 310100, 788),
(310108, '闸北区', '上海市,市辖区,闸北区', 310100, 789),
(310109, '虹口区', '上海市,市辖区,虹口区', 310100, 790),
(310110, '杨浦区', '上海市,市辖区,杨浦区', 310100, 791),
(310112, '闵行区', '上海市,市辖区,闵行区', 310100, 792),
(310113, '宝山区', '上海市,市辖区,宝山区', 310100, 793),
(310114, '嘉定区', '上海市,市辖区,嘉定区', 310100, 794),
(310115, '浦东新区', '上海市,市辖区,浦东新区', 310100, 795),
(310116, '金山区', '上海市,市辖区,金山区', 310100, 796),
(310117, '松江区', '上海市,市辖区,松江区', 310100, 797),
(310118, '青浦区', '上海市,市辖区,青浦区', 310100, 798),
(310119, '南汇区', '上海市,市辖区,南汇区', 310100, 799),
(310120, '奉贤区', '上海市,市辖区,奉贤区', 310100, 800),
(310200, '县', '上海市,县', 310000, 76),
(310230, '崇明县', '上海市,县,崇明县', 310200, 801),
(320000, '江苏省', '江苏省', 0, 17),
(320100, '南京市', '江苏省,南京市', 320000, 77),
(320101, '市辖区', '江苏省,南京市,市辖区', 320100, 802),
(320102, '玄武区', '江苏省,南京市,玄武区', 320100, 803),
(320103, '白下区', '江苏省,南京市,白下区', 320100, 804),
(320104, '秦淮区', '江苏省,南京市,秦淮区', 320100, 805),
(320105, '建邺区', '江苏省,南京市,建邺区', 320100, 806),
(320106, '鼓楼区', '江苏省,南京市,鼓楼区', 320100, 807),
(320107, '下关区', '江苏省,南京市,下关区', 320100, 808),
(320111, '浦口区', '江苏省,南京市,浦口区', 320100, 809),
(320113, '栖霞区', '江苏省,南京市,栖霞区', 320100, 810),
(320114, '雨花台区', '江苏省,南京市,雨花台区', 320100, 811),
(320115, '江宁区', '江苏省,南京市,江宁区', 320100, 812),
(320116, '六合区', '江苏省,南京市,六合区', 320100, 813),
(320124, '溧水县', '江苏省,南京市,溧水县', 320100, 814),
(320125, '高淳县', '江苏省,南京市,高淳县', 320100, 815),
(320200, '无锡市', '江苏省,无锡市', 320000, 78),
(320201, '市辖区', '江苏省,无锡市,市辖区', 320200, 816),
(320202, '崇安区', '江苏省,无锡市,崇安区', 320200, 817),
(320203, '南长区', '江苏省,无锡市,南长区', 320200, 818),
(320204, '北塘区', '江苏省,无锡市,北塘区', 320200, 819),
(320205, '锡山区', '江苏省,无锡市,锡山区', 320200, 820),
(320206, '惠山区', '江苏省,无锡市,惠山区', 320200, 821),
(320211, '滨湖区', '江苏省,无锡市,滨湖区', 320200, 822),
(320281, '江阴市', '江苏省,无锡市,江阴市', 320200, 823),
(320282, '宜兴市', '江苏省,无锡市,宜兴市', 320200, 824),
(320300, '徐州市', '江苏省,徐州市', 320000, 79),
(320301, '市辖区', '江苏省,徐州市,市辖区', 320300, 825),
(320302, '鼓楼区', '江苏省,徐州市,鼓楼区', 320300, 826),
(320303, '云龙区', '江苏省,徐州市,云龙区', 320300, 827),
(320304, '九里区', '江苏省,徐州市,九里区', 320300, 828),
(320305, '贾汪区', '江苏省,徐州市,贾汪区', 320300, 829),
(320311, '泉山区', '江苏省,徐州市,泉山区', 320300, 830),
(320321, '丰　县', '江苏省,徐州市,丰　县', 320300, 831),
(320322, '沛　县', '江苏省,徐州市,沛　县', 320300, 832),
(320323, '铜山县', '江苏省,徐州市,铜山县', 320300, 833),
(320324, '睢宁县', '江苏省,徐州市,睢宁县', 320300, 834),
(320381, '新沂市', '江苏省,徐州市,新沂市', 320300, 835),
(320382, '邳州市', '江苏省,徐州市,邳州市', 320300, 836),
(320400, '常州市', '江苏省,常州市', 320000, 80),
(320401, '市辖区', '江苏省,常州市,市辖区', 320400, 837),
(320402, '天宁区', '江苏省,常州市,天宁区', 320400, 838),
(320404, '钟楼区', '江苏省,常州市,钟楼区', 320400, 839),
(320405, '戚墅堰区', '江苏省,常州市,戚墅堰区', 320400, 840),
(320411, '新北区', '江苏省,常州市,新北区', 320400, 841),
(320412, '武进区', '江苏省,常州市,武进区', 320400, 842),
(320481, '溧阳市', '江苏省,常州市,溧阳市', 320400, 843),
(320482, '金坛市', '江苏省,常州市,金坛市', 320400, 844),
(320500, '苏州市', '江苏省,苏州市', 320000, 81),
(320501, '市辖区', '江苏省,苏州市,市辖区', 320500, 845),
(320502, '沧浪区', '江苏省,苏州市,沧浪区', 320500, 846),
(320503, '平江区', '江苏省,苏州市,平江区', 320500, 847),
(320504, '金阊区', '江苏省,苏州市,金阊区', 320500, 848),
(320505, '虎丘区', '江苏省,苏州市,虎丘区', 320500, 849),
(320506, '吴中区', '江苏省,苏州市,吴中区', 320500, 850),
(320507, '相城区', '江苏省,苏州市,相城区', 320500, 851),
(320581, '常熟市', '江苏省,苏州市,常熟市', 320500, 852),
(320582, '张家港市', '江苏省,苏州市,张家港市', 320500, 853),
(320583, '昆山市', '江苏省,苏州市,昆山市', 320500, 854),
(320584, '吴江市', '江苏省,苏州市,吴江市', 320500, 855),
(320585, '太仓市', '江苏省,苏州市,太仓市', 320500, 856),
(320600, '南通市', '江苏省,南通市', 320000, 82),
(320601, '市辖区', '江苏省,南通市,市辖区', 320600, 857),
(320602, '崇川区', '江苏省,南通市,崇川区', 320600, 858),
(320611, '港闸区', '江苏省,南通市,港闸区', 320600, 859),
(320621, '海安县', '江苏省,南通市,海安县', 320600, 860),
(320623, '如东县', '江苏省,南通市,如东县', 320600, 861),
(320681, '启东市', '江苏省,南通市,启东市', 320600, 862),
(320682, '如皋市', '江苏省,南通市,如皋市', 320600, 863),
(320683, '通州市', '江苏省,南通市,通州市', 320600, 864),
(320684, '海门市', '江苏省,南通市,海门市', 320600, 865),
(320700, '连云港市', '江苏省,连云港市', 320000, 83),
(320701, '市辖区', '江苏省,连云港市,市辖区', 320700, 866),
(320703, '连云区', '江苏省,连云港市,连云区', 320700, 867),
(320705, '新浦区', '江苏省,连云港市,新浦区', 320700, 868),
(320706, '海州区', '江苏省,连云港市,海州区', 320700, 869),
(320721, '赣榆县', '江苏省,连云港市,赣榆县', 320700, 870),
(320722, '东海县', '江苏省,连云港市,东海县', 320700, 871),
(320723, '灌云县', '江苏省,连云港市,灌云县', 320700, 872),
(320724, '灌南县', '江苏省,连云港市,灌南县', 320700, 873),
(320800, '淮安市', '江苏省,淮安市', 320000, 84),
(320801, '市辖区', '江苏省,淮安市,市辖区', 320800, 874),
(320802, '清河区', '江苏省,淮安市,清河区', 320800, 875),
(320803, '楚州区', '江苏省,淮安市,楚州区', 320800, 876),
(320804, '淮阴区', '江苏省,淮安市,淮阴区', 320800, 877),
(320811, '清浦区', '江苏省,淮安市,清浦区', 320800, 878),
(320826, '涟水县', '江苏省,淮安市,涟水县', 320800, 879),
(320829, '洪泽县', '江苏省,淮安市,洪泽县', 320800, 880),
(320830, '盱眙县', '江苏省,淮安市,盱眙县', 320800, 881),
(320831, '金湖县', '江苏省,淮安市,金湖县', 320800, 882),
(320900, '盐城市', '江苏省,盐城市', 320000, 85),
(320901, '市辖区', '江苏省,盐城市,市辖区', 320900, 883),
(320902, '亭湖区', '江苏省,盐城市,亭湖区', 320900, 884),
(320903, '盐都区', '江苏省,盐城市,盐都区', 320900, 885),
(320921, '响水县', '江苏省,盐城市,响水县', 320900, 886),
(320922, '滨海县', '江苏省,盐城市,滨海县', 320900, 887),
(320923, '阜宁县', '江苏省,盐城市,阜宁县', 320900, 888),
(320924, '射阳县', '江苏省,盐城市,射阳县', 320900, 889),
(320925, '建湖县', '江苏省,盐城市,建湖县', 320900, 890),
(320981, '东台市', '江苏省,盐城市,东台市', 320900, 891),
(320982, '大丰市', '江苏省,盐城市,大丰市', 320900, 892),
(321000, '扬州市', '江苏省,扬州市', 320000, 86),
(321001, '市辖区', '江苏省,扬州市,市辖区', 321000, 893),
(321002, '广陵区', '江苏省,扬州市,广陵区', 321000, 894),
(321003, '邗江区', '江苏省,扬州市,邗江区', 321000, 895),
(321011, '郊　区', '江苏省,扬州市,郊　区', 321000, 896),
(321023, '宝应县', '江苏省,扬州市,宝应县', 321000, 897),
(321081, '仪征市', '江苏省,扬州市,仪征市', 321000, 898),
(321084, '高邮市', '江苏省,扬州市,高邮市', 321000, 899),
(321088, '江都市', '江苏省,扬州市,江都市', 321000, 900),
(321100, '镇江市', '江苏省,镇江市', 320000, 87),
(321101, '市辖区', '江苏省,镇江市,市辖区', 321100, 901),
(321102, '京口区', '江苏省,镇江市,京口区', 321100, 902),
(321111, '润州区', '江苏省,镇江市,润州区', 321100, 903),
(321112, '丹徒区', '江苏省,镇江市,丹徒区', 321100, 904),
(321181, '丹阳市', '江苏省,镇江市,丹阳市', 321100, 905),
(321182, '扬中市', '江苏省,镇江市,扬中市', 321100, 906),
(321183, '句容市', '江苏省,镇江市,句容市', 321100, 907),
(321200, '泰州市', '江苏省,泰州市', 320000, 88),
(321201, '市辖区', '江苏省,泰州市,市辖区', 321200, 908),
(321202, '海陵区', '江苏省,泰州市,海陵区', 321200, 909),
(321203, '高港区', '江苏省,泰州市,高港区', 321200, 910),
(321281, '兴化市', '江苏省,泰州市,兴化市', 321200, 911),
(321282, '靖江市', '江苏省,泰州市,靖江市', 321200, 912),
(321283, '泰兴市', '江苏省,泰州市,泰兴市', 321200, 913),
(321284, '姜堰市', '江苏省,泰州市,姜堰市', 321200, 914),
(321300, '宿迁市', '江苏省,宿迁市', 320000, 89),
(321301, '市辖区', '江苏省,宿迁市,市辖区', 321300, 915),
(321302, '宿城区', '江苏省,宿迁市,宿城区', 321300, 916),
(321311, '宿豫区', '江苏省,宿迁市,宿豫区', 321300, 917),
(321322, '沭阳县', '江苏省,宿迁市,沭阳县', 321300, 918),
(321323, '泗阳县', '江苏省,宿迁市,泗阳县', 321300, 919),
(321324, '泗洪县', '江苏省,宿迁市,泗洪县', 321300, 920),
(330000, '浙江省', '浙江省', 0, 34),
(330100, '杭州市', '浙江省,杭州市', 330000, 90),
(330101, '市辖区', '浙江省,杭州市,市辖区', 330100, 921),
(330102, '上城区', '浙江省,杭州市,上城区', 330100, 922),
(330103, '下城区', '浙江省,杭州市,下城区', 330100, 923),
(330104, '江干区', '浙江省,杭州市,江干区', 330100, 924),
(330105, '拱墅区', '浙江省,杭州市,拱墅区', 330100, 925),
(330106, '西湖区', '浙江省,杭州市,西湖区', 330100, 926),
(330108, '滨江区', '浙江省,杭州市,滨江区', 330100, 927),
(330109, '萧山区', '浙江省,杭州市,萧山区', 330100, 928),
(330110, '余杭区', '浙江省,杭州市,余杭区', 330100, 929),
(330122, '桐庐县', '浙江省,杭州市,桐庐县', 330100, 930),
(330127, '淳安县', '浙江省,杭州市,淳安县', 330100, 931),
(330182, '建德市', '浙江省,杭州市,建德市', 330100, 932),
(330183, '富阳市', '浙江省,杭州市,富阳市', 330100, 933),
(330185, '临安市', '浙江省,杭州市,临安市', 330100, 934),
(330200, '宁波市', '浙江省,宁波市', 330000, 91),
(330201, '市辖区', '浙江省,宁波市,市辖区', 330200, 935),
(330203, '海曙区', '浙江省,宁波市,海曙区', 330200, 936),
(330204, '江东区', '浙江省,宁波市,江东区', 330200, 937),
(330205, '江北区', '浙江省,宁波市,江北区', 330200, 938),
(330206, '北仑区', '浙江省,宁波市,北仑区', 330200, 939),
(330211, '镇海区', '浙江省,宁波市,镇海区', 330200, 940),
(330212, '鄞州区', '浙江省,宁波市,鄞州区', 330200, 941),
(330225, '象山县', '浙江省,宁波市,象山县', 330200, 942),
(330226, '宁海县', '浙江省,宁波市,宁海县', 330200, 943),
(330281, '余姚市', '浙江省,宁波市,余姚市', 330200, 944),
(330282, '慈溪市', '浙江省,宁波市,慈溪市', 330200, 945),
(330283, '奉化市', '浙江省,宁波市,奉化市', 330200, 946),
(330300, '温州市', '浙江省,温州市', 330000, 92),
(330301, '市辖区', '浙江省,温州市,市辖区', 330300, 947),
(330302, '鹿城区', '浙江省,温州市,鹿城区', 330300, 948),
(330303, '龙湾区', '浙江省,温州市,龙湾区', 330300, 949),
(330304, '瓯海区', '浙江省,温州市,瓯海区', 330300, 950),
(330322, '洞头县', '浙江省,温州市,洞头县', 330300, 951),
(330324, '永嘉县', '浙江省,温州市,永嘉县', 330300, 952),
(330326, '平阳县', '浙江省,温州市,平阳县', 330300, 953),
(330327, '苍南县', '浙江省,温州市,苍南县', 330300, 954),
(330328, '文成县', '浙江省,温州市,文成县', 330300, 955),
(330329, '泰顺县', '浙江省,温州市,泰顺县', 330300, 956),
(330381, '瑞安市', '浙江省,温州市,瑞安市', 330300, 957),
(330382, '乐清市', '浙江省,温州市,乐清市', 330300, 958),
(330400, '嘉兴市', '浙江省,嘉兴市', 330000, 93),
(330401, '市辖区', '浙江省,嘉兴市,市辖区', 330400, 959),
(330402, '秀城区', '浙江省,嘉兴市,秀城区', 330400, 960),
(330411, '秀洲区', '浙江省,嘉兴市,秀洲区', 330400, 961),
(330421, '嘉善县', '浙江省,嘉兴市,嘉善县', 330400, 962),
(330424, '海盐县', '浙江省,嘉兴市,海盐县', 330400, 963),
(330481, '海宁市', '浙江省,嘉兴市,海宁市', 330400, 964),
(330482, '平湖市', '浙江省,嘉兴市,平湖市', 330400, 965),
(330483, '桐乡市', '浙江省,嘉兴市,桐乡市', 330400, 966),
(330500, '湖州市', '浙江省,湖州市', 330000, 94),
(330501, '市辖区', '浙江省,湖州市,市辖区', 330500, 967),
(330502, '吴兴区', '浙江省,湖州市,吴兴区', 330500, 968),
(330503, '南浔区', '浙江省,湖州市,南浔区', 330500, 969),
(330521, '德清县', '浙江省,湖州市,德清县', 330500, 970),
(330522, '长兴县', '浙江省,湖州市,长兴县', 330500, 971),
(330523, '安吉县', '浙江省,湖州市,安吉县', 330500, 972),
(330600, '绍兴市', '浙江省,绍兴市', 330000, 95),
(330601, '市辖区', '浙江省,绍兴市,市辖区', 330600, 973),
(330602, '越城区', '浙江省,绍兴市,越城区', 330600, 974),
(330621, '绍兴县', '浙江省,绍兴市,绍兴县', 330600, 975),
(330624, '新昌县', '浙江省,绍兴市,新昌县', 330600, 976),
(330681, '诸暨市', '浙江省,绍兴市,诸暨市', 330600, 977),
(330682, '上虞市', '浙江省,绍兴市,上虞市', 330600, 978),
(330683, '嵊州市', '浙江省,绍兴市,嵊州市', 330600, 979),
(330700, '金华市', '浙江省,金华市', 330000, 96),
(330701, '市辖区', '浙江省,金华市,市辖区', 330700, 980),
(330702, '婺城区', '浙江省,金华市,婺城区', 330700, 981),
(330703, '金东区', '浙江省,金华市,金东区', 330700, 982),
(330723, '武义县', '浙江省,金华市,武义县', 330700, 983),
(330726, '浦江县', '浙江省,金华市,浦江县', 330700, 984),
(330727, '磐安县', '浙江省,金华市,磐安县', 330700, 985),
(330781, '兰溪市', '浙江省,金华市,兰溪市', 330700, 986),
(330782, '义乌市', '浙江省,金华市,义乌市', 330700, 987),
(330783, '东阳市', '浙江省,金华市,东阳市', 330700, 988),
(330784, '永康市', '浙江省,金华市,永康市', 330700, 989),
(330800, '衢州市', '浙江省,衢州市', 330000, 97),
(330801, '市辖区', '浙江省,衢州市,市辖区', 330800, 990),
(330802, '柯城区', '浙江省,衢州市,柯城区', 330800, 991),
(330803, '衢江区', '浙江省,衢州市,衢江区', 330800, 992),
(330822, '常山县', '浙江省,衢州市,常山县', 330800, 993),
(330824, '开化县', '浙江省,衢州市,开化县', 330800, 994),
(330825, '龙游县', '浙江省,衢州市,龙游县', 330800, 995),
(330881, '江山市', '浙江省,衢州市,江山市', 330800, 996),
(330900, '舟山市', '浙江省,舟山市', 330000, 98),
(330901, '市辖区', '浙江省,舟山市,市辖区', 330900, 997),
(330902, '定海区', '浙江省,舟山市,定海区', 330900, 998),
(330903, '普陀区', '浙江省,舟山市,普陀区', 330900, 999),
(330921, '岱山县', '浙江省,舟山市,岱山县', 330900, 1000),
(330922, '嵊泗县', '浙江省,舟山市,嵊泗县', 330900, 1001),
(331000, '台州市', '浙江省,台州市', 330000, 99),
(331001, '市辖区', '浙江省,台州市,市辖区', 331000, 1002),
(331002, '椒江区', '浙江省,台州市,椒江区', 331000, 1003),
(331003, '黄岩区', '浙江省,台州市,黄岩区', 331000, 1004),
(331004, '路桥区', '浙江省,台州市,路桥区', 331000, 1005),
(331021, '玉环县', '浙江省,台州市,玉环县', 331000, 1006),
(331022, '三门县', '浙江省,台州市,三门县', 331000, 1007),
(331023, '天台县', '浙江省,台州市,天台县', 331000, 1008),
(331024, '仙居县', '浙江省,台州市,仙居县', 331000, 1009),
(331081, '温岭市', '浙江省,台州市,温岭市', 331000, 1010),
(331082, '临海市', '浙江省,台州市,临海市', 331000, 1011),
(331100, '丽水市', '浙江省,丽水市', 330000, 100),
(331101, '市辖区', '浙江省,丽水市,市辖区', 331100, 1012),
(331102, '莲都区', '浙江省,丽水市,莲都区', 331100, 1013),
(331121, '青田县', '浙江省,丽水市,青田县', 331100, 1014),
(331122, '缙云县', '浙江省,丽水市,缙云县', 331100, 1015),
(331123, '遂昌县', '浙江省,丽水市,遂昌县', 331100, 1016),
(331124, '松阳县', '浙江省,丽水市,松阳县', 331100, 1017),
(331125, '云和县', '浙江省,丽水市,云和县', 331100, 1018),
(331126, '庆元县', '浙江省,丽水市,庆元县', 331100, 1019),
(331127, '景宁畲族自治县', '浙江省,丽水市,景宁畲族自治县', 331100, 1020),
(331181, '龙泉市', '浙江省,丽水市,龙泉市', 331100, 1021),
(340000, '安徽省', '安徽省', 0, 1),
(340100, '合肥市', '安徽省,合肥市', 340000, 101),
(340101, '市辖区', '安徽省,合肥市,市辖区', 340100, 1022),
(340102, '瑶海区', '安徽省,合肥市,瑶海区', 340100, 1023),
(340103, '庐阳区', '安徽省,合肥市,庐阳区', 340100, 1024),
(340104, '蜀山区', '安徽省,合肥市,蜀山区', 340100, 1025),
(340111, '包河区', '安徽省,合肥市,包河区', 340100, 1026),
(340121, '长丰县', '安徽省,合肥市,长丰县', 340100, 1027),
(340122, '肥东县', '安徽省,合肥市,肥东县', 340100, 1028),
(340123, '肥西县', '安徽省,合肥市,肥西县', 340100, 1029),
(340200, '芜湖市', '安徽省,芜湖市', 340000, 102),
(340201, '市辖区', '安徽省,芜湖市,市辖区', 340200, 1030),
(340202, '镜湖区', '安徽省,芜湖市,镜湖区', 340200, 1031),
(340203, '马塘区', '安徽省,芜湖市,马塘区', 340200, 1032),
(340204, '新芜区', '安徽省,芜湖市,新芜区', 340200, 1033),
(340207, '鸠江区', '安徽省,芜湖市,鸠江区', 340200, 1034),
(340221, '芜湖县', '安徽省,芜湖市,芜湖县', 340200, 1035),
(340222, '繁昌县', '安徽省,芜湖市,繁昌县', 340200, 1036),
(340223, '南陵县', '安徽省,芜湖市,南陵县', 340200, 1037),
(340300, '蚌埠市', '安徽省,蚌埠市', 340000, 103),
(340301, '市辖区', '安徽省,蚌埠市,市辖区', 340300, 1038),
(340302, '龙子湖区', '安徽省,蚌埠市,龙子湖区', 340300, 1039),
(340303, '蚌山区', '安徽省,蚌埠市,蚌山区', 340300, 1040),
(340304, '禹会区', '安徽省,蚌埠市,禹会区', 340300, 1041),
(340311, '淮上区', '安徽省,蚌埠市,淮上区', 340300, 1042),
(340321, '怀远县', '安徽省,蚌埠市,怀远县', 340300, 1043),
(340322, '五河县', '安徽省,蚌埠市,五河县', 340300, 1044),
(340323, '固镇县', '安徽省,蚌埠市,固镇县', 340300, 1045),
(340400, '淮南市', '安徽省,淮南市', 340000, 104),
(340401, '市辖区', '安徽省,淮南市,市辖区', 340400, 1046),
(340402, '大通区', '安徽省,淮南市,大通区', 340400, 1047),
(340403, '田家庵区', '安徽省,淮南市,田家庵区', 340400, 1048),
(340404, '谢家集区', '安徽省,淮南市,谢家集区', 340400, 1049),
(340405, '八公山区', '安徽省,淮南市,八公山区', 340400, 1050),
(340406, '潘集区', '安徽省,淮南市,潘集区', 340400, 1051),
(340421, '凤台县', '安徽省,淮南市,凤台县', 340400, 1052),
(340500, '马鞍山市', '安徽省,马鞍山市', 340000, 105),
(340501, '市辖区', '安徽省,马鞍山市,市辖区', 340500, 1053),
(340502, '金家庄区', '安徽省,马鞍山市,金家庄区', 340500, 1054),
(340503, '花山区', '安徽省,马鞍山市,花山区', 340500, 1055),
(340504, '雨山区', '安徽省,马鞍山市,雨山区', 340500, 1056),
(340521, '当涂县', '安徽省,马鞍山市,当涂县', 340500, 1057),
(340600, '淮北市', '安徽省,淮北市', 340000, 106),
(340601, '市辖区', '安徽省,淮北市,市辖区', 340600, 1058),
(340602, '杜集区', '安徽省,淮北市,杜集区', 340600, 1059),
(340603, '相山区', '安徽省,淮北市,相山区', 340600, 1060),
(340604, '烈山区', '安徽省,淮北市,烈山区', 340600, 1061),
(340621, '濉溪县', '安徽省,淮北市,濉溪县', 340600, 1062),
(340700, '铜陵市', '安徽省,铜陵市', 340000, 107),
(340701, '市辖区', '安徽省,铜陵市,市辖区', 340700, 1063),
(340702, '铜官山区', '安徽省,铜陵市,铜官山区', 340700, 1064),
(340703, '狮子山区', '安徽省,铜陵市,狮子山区', 340700, 1065),
(340711, '郊　区', '安徽省,铜陵市,郊　区', 340700, 1066),
(340721, '铜陵县', '安徽省,铜陵市,铜陵县', 340700, 1067),
(340800, '安庆市', '安徽省,安庆市', 340000, 108),
(340801, '市辖区', '安徽省,安庆市,市辖区', 340800, 1068),
(340802, '迎江区', '安徽省,安庆市,迎江区', 340800, 1069),
(340803, '大观区', '安徽省,安庆市,大观区', 340800, 1070),
(340811, '郊　区', '安徽省,安庆市,郊　区', 340800, 1071),
(340822, '怀宁县', '安徽省,安庆市,怀宁县', 340800, 1072),
(340823, '枞阳县', '安徽省,安庆市,枞阳县', 340800, 1073),
(340824, '潜山县', '安徽省,安庆市,潜山县', 340800, 1074),
(340825, '太湖县', '安徽省,安庆市,太湖县', 340800, 1075),
(340826, '宿松县', '安徽省,安庆市,宿松县', 340800, 1076),
(340827, '望江县', '安徽省,安庆市,望江县', 340800, 1077),
(340828, '岳西县', '安徽省,安庆市,岳西县', 340800, 1078),
(340881, '桐城市', '安徽省,安庆市,桐城市', 340800, 1079),
(341000, '黄山市', '安徽省,黄山市', 340000, 109),
(341001, '市辖区', '安徽省,黄山市,市辖区', 341000, 1080),
(341002, '屯溪区', '安徽省,黄山市,屯溪区', 341000, 1081),
(341003, '黄山区', '安徽省,黄山市,黄山区', 341000, 1082),
(341004, '徽州区', '安徽省,黄山市,徽州区', 341000, 1083),
(341021, '歙　县', '安徽省,黄山市,歙　县', 341000, 1084),
(341022, '休宁县', '安徽省,黄山市,休宁县', 341000, 1085),
(341023, '黟　县', '安徽省,黄山市,黟　县', 341000, 1086),
(341024, '祁门县', '安徽省,黄山市,祁门县', 341000, 1087),
(341100, '滁州市', '安徽省,滁州市', 340000, 110),
(341101, '市辖区', '安徽省,滁州市,市辖区', 341100, 1088),
(341102, '琅琊区', '安徽省,滁州市,琅琊区', 341100, 1089),
(341103, '南谯区', '安徽省,滁州市,南谯区', 341100, 1090),
(341122, '来安县', '安徽省,滁州市,来安县', 341100, 1091),
(341124, '全椒县', '安徽省,滁州市,全椒县', 341100, 1092),
(341125, '定远县', '安徽省,滁州市,定远县', 341100, 1093),
(341126, '凤阳县', '安徽省,滁州市,凤阳县', 341100, 1094),
(341181, '天长市', '安徽省,滁州市,天长市', 341100, 1095),
(341182, '明光市', '安徽省,滁州市,明光市', 341100, 1096),
(341200, '阜阳市', '安徽省,阜阳市', 340000, 111),
(341201, '市辖区', '安徽省,阜阳市,市辖区', 341200, 1097),
(341202, '颍州区', '安徽省,阜阳市,颍州区', 341200, 1098),
(341203, '颍东区', '安徽省,阜阳市,颍东区', 341200, 1099),
(341204, '颍泉区', '安徽省,阜阳市,颍泉区', 341200, 1100),
(341221, '临泉县', '安徽省,阜阳市,临泉县', 341200, 1101),
(341222, '太和县', '安徽省,阜阳市,太和县', 341200, 1102),
(341225, '阜南县', '安徽省,阜阳市,阜南县', 341200, 1103),
(341226, '颍上县', '安徽省,阜阳市,颍上县', 341200, 1104),
(341282, '界首市', '安徽省,阜阳市,界首市', 341200, 1105),
(341300, '宿州市', '安徽省,宿州市', 340000, 112),
(341301, '市辖区', '安徽省,宿州市,市辖区', 341300, 1106),
(341302, '墉桥区', '安徽省,宿州市,墉桥区', 341300, 1107),
(341321, '砀山县', '安徽省,宿州市,砀山县', 341300, 1108),
(341322, '萧　县', '安徽省,宿州市,萧　县', 341300, 1109),
(341323, '灵璧县', '安徽省,宿州市,灵璧县', 341300, 1110),
(341324, '泗　县', '安徽省,宿州市,泗　县', 341300, 1111),
(341401, '庐江县', '安徽省,合肥市,庐江县', 340100, 1112),
(341402, '巢湖市', '安徽省,合肥市,巢湖市', 340100, 1113),
(341422, '无为县', '安徽省,芜湖市,无为县', 340200, 1115),
(341423, '含山县', '安徽省,马鞍山市,含山县', 340500, 1116),
(341424, '和　县', '安徽省,马鞍山市,和　县', 340500, 1117),
(341500, '六安市', '安徽省,六安市', 340000, 114),
(341501, '市辖区', '安徽省,六安市,市辖区', 341500, 1118),
(341502, '金安区', '安徽省,六安市,金安区', 341500, 1119),
(341503, '裕安区', '安徽省,六安市,裕安区', 341500, 1120),
(341521, '寿　县', '安徽省,六安市,寿　县', 341500, 1121),
(341522, '霍邱县', '安徽省,六安市,霍邱县', 341500, 1122),
(341523, '舒城县', '安徽省,六安市,舒城县', 341500, 1123),
(341524, '金寨县', '安徽省,六安市,金寨县', 341500, 1124),
(341525, '霍山县', '安徽省,六安市,霍山县', 341500, 1125),
(341600, '亳州市', '安徽省,亳州市', 340000, 115),
(341601, '市辖区', '安徽省,亳州市,市辖区', 341600, 1126),
(341602, '谯城区', '安徽省,亳州市,谯城区', 341600, 1127),
(341621, '涡阳县', '安徽省,亳州市,涡阳县', 341600, 1128),
(341622, '蒙城县', '安徽省,亳州市,蒙城县', 341600, 1129),
(341623, '利辛县', '安徽省,亳州市,利辛县', 341600, 1130),
(341700, '池州市', '安徽省,池州市', 340000, 116),
(341701, '市辖区', '安徽省,池州市,市辖区', 341700, 1131),
(341702, '贵池区', '安徽省,池州市,贵池区', 341700, 1132),
(341721, '东至县', '安徽省,池州市,东至县', 341700, 1133),
(341722, '石台县', '安徽省,池州市,石台县', 341700, 1134),
(341723, '青阳县', '安徽省,池州市,青阳县', 341700, 1135),
(341800, '宣城市', '安徽省,宣城市', 340000, 117),
(341801, '市辖区', '安徽省,宣城市,市辖区', 341800, 1136),
(341802, '宣州区', '安徽省,宣城市,宣州区', 341800, 1137),
(341821, '郎溪县', '安徽省,宣城市,郎溪县', 341800, 1138),
(341822, '广德县', '安徽省,宣城市,广德县', 341800, 1139),
(341823, '泾　县', '安徽省,宣城市,泾　县', 341800, 1140),
(341824, '绩溪县', '安徽省,宣城市,绩溪县', 341800, 1141),
(341825, '旌德县', '安徽省,宣城市,旌德县', 341800, 1142),
(341881, '宁国市', '安徽省,宣城市,宁国市', 341800, 1143),
(350000, '福建省', '福建省', 0, 5),
(350100, '福州市', '福建省,福州市', 350000, 118),
(350101, '市辖区', '福建省,福州市,市辖区', 350100, 1144),
(350102, '鼓楼区', '福建省,福州市,鼓楼区', 350100, 1145),
(350103, '台江区', '福建省,福州市,台江区', 350100, 1146),
(350104, '仓山区', '福建省,福州市,仓山区', 350100, 1147),
(350105, '马尾区', '福建省,福州市,马尾区', 350100, 1148),
(350111, '晋安区', '福建省,福州市,晋安区', 350100, 1149),
(350121, '闽侯县', '福建省,福州市,闽侯县', 350100, 1150),
(350122, '连江县', '福建省,福州市,连江县', 350100, 1151),
(350123, '罗源县', '福建省,福州市,罗源县', 350100, 1152),
(350124, '闽清县', '福建省,福州市,闽清县', 350100, 1153),
(350125, '永泰县', '福建省,福州市,永泰县', 350100, 1154),
(350128, '平潭县', '福建省,福州市,平潭县', 350100, 1155),
(350181, '福清市', '福建省,福州市,福清市', 350100, 1156),
(350182, '长乐市', '福建省,福州市,长乐市', 350100, 1157),
(350200, '厦门市', '福建省,厦门市', 350000, 119),
(350201, '市辖区', '福建省,厦门市,市辖区', 350200, 1158),
(350203, '思明区', '福建省,厦门市,思明区', 350200, 1159),
(350205, '海沧区', '福建省,厦门市,海沧区', 350200, 1160),
(350206, '湖里区', '福建省,厦门市,湖里区', 350200, 1161),
(350211, '集美区', '福建省,厦门市,集美区', 350200, 1162),
(350212, '同安区', '福建省,厦门市,同安区', 350200, 1163),
(350213, '翔安区', '福建省,厦门市,翔安区', 350200, 1164),
(350300, '莆田市', '福建省,莆田市', 350000, 120),
(350301, '市辖区', '福建省,莆田市,市辖区', 350300, 1165),
(350302, '城厢区', '福建省,莆田市,城厢区', 350300, 1166),
(350303, '涵江区', '福建省,莆田市,涵江区', 350300, 1167),
(350304, '荔城区', '福建省,莆田市,荔城区', 350300, 1168),
(350305, '秀屿区', '福建省,莆田市,秀屿区', 350300, 1169),
(350322, '仙游县', '福建省,莆田市,仙游县', 350300, 1170),
(350400, '三明市', '福建省,三明市', 350000, 121),
(350401, '市辖区', '福建省,三明市,市辖区', 350400, 1171),
(350402, '梅列区', '福建省,三明市,梅列区', 350400, 1172),
(350403, '三元区', '福建省,三明市,三元区', 350400, 1173),
(350421, '明溪县', '福建省,三明市,明溪县', 350400, 1174),
(350423, '清流县', '福建省,三明市,清流县', 350400, 1175),
(350424, '宁化县', '福建省,三明市,宁化县', 350400, 1176),
(350425, '大田县', '福建省,三明市,大田县', 350400, 1177),
(350426, '尤溪县', '福建省,三明市,尤溪县', 350400, 1178),
(350427, '沙　县', '福建省,三明市,沙　县', 350400, 1179),
(350428, '将乐县', '福建省,三明市,将乐县', 350400, 1180),
(350429, '泰宁县', '福建省,三明市,泰宁县', 350400, 1181),
(350430, '建宁县', '福建省,三明市,建宁县', 350400, 1182),
(350481, '永安市', '福建省,三明市,永安市', 350400, 1183),
(350500, '泉州市', '福建省,泉州市', 350000, 122),
(350501, '市辖区', '福建省,泉州市,市辖区', 350500, 1184),
(350502, '鲤城区', '福建省,泉州市,鲤城区', 350500, 1185),
(350503, '丰泽区', '福建省,泉州市,丰泽区', 350500, 1186),
(350504, '洛江区', '福建省,泉州市,洛江区', 350500, 1187),
(350505, '泉港区', '福建省,泉州市,泉港区', 350500, 1188),
(350521, '惠安县', '福建省,泉州市,惠安县', 350500, 1189),
(350524, '安溪县', '福建省,泉州市,安溪县', 350500, 1190),
(350525, '永春县', '福建省,泉州市,永春县', 350500, 1191),
(350526, '德化县', '福建省,泉州市,德化县', 350500, 1192),
(350527, '金门县', '福建省,泉州市,金门县', 350500, 1193),
(350581, '石狮市', '福建省,泉州市,石狮市', 350500, 1194),
(350582, '晋江市', '福建省,泉州市,晋江市', 350500, 1195),
(350583, '南安市', '福建省,泉州市,南安市', 350500, 1196),
(350600, '漳州市', '福建省,漳州市', 350000, 123),
(350601, '市辖区', '福建省,漳州市,市辖区', 350600, 1197),
(350602, '芗城区', '福建省,漳州市,芗城区', 350600, 1198),
(350603, '龙文区', '福建省,漳州市,龙文区', 350600, 1199),
(350622, '云霄县', '福建省,漳州市,云霄县', 350600, 1200),
(350623, '漳浦县', '福建省,漳州市,漳浦县', 350600, 1201),
(350624, '诏安县', '福建省,漳州市,诏安县', 350600, 1202),
(350625, '长泰县', '福建省,漳州市,长泰县', 350600, 1203),
(350626, '东山县', '福建省,漳州市,东山县', 350600, 1204),
(350627, '南靖县', '福建省,漳州市,南靖县', 350600, 1205),
(350628, '平和县', '福建省,漳州市,平和县', 350600, 1206),
(350629, '华安县', '福建省,漳州市,华安县', 350600, 1207),
(350681, '龙海市', '福建省,漳州市,龙海市', 350600, 1208),
(350700, '南平市', '福建省,南平市', 350000, 124),
(350701, '市辖区', '福建省,南平市,市辖区', 350700, 1209),
(350702, '延平区', '福建省,南平市,延平区', 350700, 1210),
(350721, '顺昌县', '福建省,南平市,顺昌县', 350700, 1211),
(350722, '浦城县', '福建省,南平市,浦城县', 350700, 1212),
(350723, '光泽县', '福建省,南平市,光泽县', 350700, 1213),
(350724, '松溪县', '福建省,南平市,松溪县', 350700, 1214),
(350725, '政和县', '福建省,南平市,政和县', 350700, 1215),
(350781, '邵武市', '福建省,南平市,邵武市', 350700, 1216),
(350782, '武夷山市', '福建省,南平市,武夷山市', 350700, 1217),
(350783, '建瓯市', '福建省,南平市,建瓯市', 350700, 1218),
(350784, '建阳市', '福建省,南平市,建阳市', 350700, 1219),
(350800, '龙岩市', '福建省,龙岩市', 350000, 125),
(350801, '市辖区', '福建省,龙岩市,市辖区', 350800, 1220),
(350802, '新罗区', '福建省,龙岩市,新罗区', 350800, 1221),
(350821, '长汀县', '福建省,龙岩市,长汀县', 350800, 1222),
(350822, '永定县', '福建省,龙岩市,永定县', 350800, 1223),
(350823, '上杭县', '福建省,龙岩市,上杭县', 350800, 1224),
(350824, '武平县', '福建省,龙岩市,武平县', 350800, 1225),
(350825, '连城县', '福建省,龙岩市,连城县', 350800, 1226),
(350881, '漳平市', '福建省,龙岩市,漳平市', 350800, 1227),
(350900, '宁德市', '福建省,宁德市', 350000, 126),
(350901, '市辖区', '福建省,宁德市,市辖区', 350900, 1228),
(350902, '蕉城区', '福建省,宁德市,蕉城区', 350900, 1229),
(350921, '霞浦县', '福建省,宁德市,霞浦县', 350900, 1230),
(350922, '古田县', '福建省,宁德市,古田县', 350900, 1231),
(350923, '屏南县', '福建省,宁德市,屏南县', 350900, 1232),
(350924, '寿宁县', '福建省,宁德市,寿宁县', 350900, 1233),
(350925, '周宁县', '福建省,宁德市,周宁县', 350900, 1234),
(350926, '柘荣县', '福建省,宁德市,柘荣县', 350900, 1235),
(350981, '福安市', '福建省,宁德市,福安市', 350900, 1236),
(350982, '福鼎市', '福建省,宁德市,福鼎市', 350900, 1237),
(360000, '江西省', '江西省', 0, 18),
(360100, '南昌市', '江西省,南昌市', 360000, 127),
(360101, '市辖区', '江西省,南昌市,市辖区', 360100, 1238),
(360102, '东湖区', '江西省,南昌市,东湖区', 360100, 1239),
(360103, '西湖区', '江西省,南昌市,西湖区', 360100, 1240),
(360104, '青云谱区', '江西省,南昌市,青云谱区', 360100, 1241),
(360105, '湾里区', '江西省,南昌市,湾里区', 360100, 1242),
(360111, '青山湖区', '江西省,南昌市,青山湖区', 360100, 1243),
(360121, '南昌县', '江西省,南昌市,南昌县', 360100, 1244),
(360122, '新建县', '江西省,南昌市,新建县', 360100, 1245),
(360123, '安义县', '江西省,南昌市,安义县', 360100, 1246),
(360124, '进贤县', '江西省,南昌市,进贤县', 360100, 1247),
(360200, '景德镇市', '江西省,景德镇市', 360000, 128),
(360201, '市辖区', '江西省,景德镇市,市辖区', 360200, 1248),
(360202, '昌江区', '江西省,景德镇市,昌江区', 360200, 1249),
(360203, '珠山区', '江西省,景德镇市,珠山区', 360200, 1250),
(360222, '浮梁县', '江西省,景德镇市,浮梁县', 360200, 1251),
(360281, '乐平市', '江西省,景德镇市,乐平市', 360200, 1252),
(360300, '萍乡市', '江西省,萍乡市', 360000, 129),
(360301, '市辖区', '江西省,萍乡市,市辖区', 360300, 1253),
(360302, '安源区', '江西省,萍乡市,安源区', 360300, 1254),
(360313, '湘东区', '江西省,萍乡市,湘东区', 360300, 1255),
(360321, '莲花县', '江西省,萍乡市,莲花县', 360300, 1256),
(360322, '上栗县', '江西省,萍乡市,上栗县', 360300, 1257),
(360323, '芦溪县', '江西省,萍乡市,芦溪县', 360300, 1258),
(360400, '九江市', '江西省,九江市', 360000, 130),
(360401, '市辖区', '江西省,九江市,市辖区', 360400, 1259),
(360402, '庐山区', '江西省,九江市,庐山区', 360400, 1260),
(360403, '浔阳区', '江西省,九江市,浔阳区', 360400, 1261),
(360421, '九江县', '江西省,九江市,九江县', 360400, 1262),
(360423, '武宁县', '江西省,九江市,武宁县', 360400, 1263),
(360424, '修水县', '江西省,九江市,修水县', 360400, 1264),
(360425, '永修县', '江西省,九江市,永修县', 360400, 1265),
(360426, '德安县', '江西省,九江市,德安县', 360400, 1266),
(360427, '星子县', '江西省,九江市,星子县', 360400, 1267),
(360428, '都昌县', '江西省,九江市,都昌县', 360400, 1268),
(360429, '湖口县', '江西省,九江市,湖口县', 360400, 1269),
(360430, '彭泽县', '江西省,九江市,彭泽县', 360400, 1270),
(360481, '瑞昌市', '江西省,九江市,瑞昌市', 360400, 1271),
(360500, '新余市', '江西省,新余市', 360000, 131),
(360501, '市辖区', '江西省,新余市,市辖区', 360500, 1272),
(360502, '渝水区', '江西省,新余市,渝水区', 360500, 1273),
(360521, '分宜县', '江西省,新余市,分宜县', 360500, 1274),
(360600, '鹰潭市', '江西省,鹰潭市', 360000, 132),
(360601, '市辖区', '江西省,鹰潭市,市辖区', 360600, 1275),
(360602, '月湖区', '江西省,鹰潭市,月湖区', 360600, 1276),
(360622, '余江县', '江西省,鹰潭市,余江县', 360600, 1277),
(360681, '贵溪市', '江西省,鹰潭市,贵溪市', 360600, 1278),
(360700, '赣州市', '江西省,赣州市', 360000, 133),
(360701, '市辖区', '江西省,赣州市,市辖区', 360700, 1279),
(360702, '章贡区', '江西省,赣州市,章贡区', 360700, 1280),
(360721, '赣　县', '江西省,赣州市,赣　县', 360700, 1281),
(360722, '信丰县', '江西省,赣州市,信丰县', 360700, 1282),
(360723, '大余县', '江西省,赣州市,大余县', 360700, 1283),
(360724, '上犹县', '江西省,赣州市,上犹县', 360700, 1284),
(360725, '崇义县', '江西省,赣州市,崇义县', 360700, 1285),
(360726, '安远县', '江西省,赣州市,安远县', 360700, 1286),
(360727, '龙南县', '江西省,赣州市,龙南县', 360700, 1287),
(360728, '定南县', '江西省,赣州市,定南县', 360700, 1288),
(360729, '全南县', '江西省,赣州市,全南县', 360700, 1289),
(360730, '宁都县', '江西省,赣州市,宁都县', 360700, 1290),
(360731, '于都县', '江西省,赣州市,于都县', 360700, 1291),
(360732, '兴国县', '江西省,赣州市,兴国县', 360700, 1292),
(360733, '会昌县', '江西省,赣州市,会昌县', 360700, 1293),
(360734, '寻乌县', '江西省,赣州市,寻乌县', 360700, 1294),
(360735, '石城县', '江西省,赣州市,石城县', 360700, 1295),
(360781, '瑞金市', '江西省,赣州市,瑞金市', 360700, 1296),
(360782, '南康市', '江西省,赣州市,南康市', 360700, 1297),
(360800, '吉安市', '江西省,吉安市', 360000, 134),
(360801, '市辖区', '江西省,吉安市,市辖区', 360800, 1298),
(360802, '吉州区', '江西省,吉安市,吉州区', 360800, 1299),
(360803, '青原区', '江西省,吉安市,青原区', 360800, 1300),
(360821, '吉安县', '江西省,吉安市,吉安县', 360800, 1301),
(360822, '吉水县', '江西省,吉安市,吉水县', 360800, 1302);
INSERT INTO `jydp_areas` (`areaid`, `name`, `joinname`, `parentid`, `vieworder`) VALUES
(360823, '峡江县', '江西省,吉安市,峡江县', 360800, 1303),
(360824, '新干县', '江西省,吉安市,新干县', 360800, 1304),
(360825, '永丰县', '江西省,吉安市,永丰县', 360800, 1305),
(360826, '泰和县', '江西省,吉安市,泰和县', 360800, 1306),
(360827, '遂川县', '江西省,吉安市,遂川县', 360800, 1307),
(360828, '万安县', '江西省,吉安市,万安县', 360800, 1308),
(360829, '安福县', '江西省,吉安市,安福县', 360800, 1309),
(360830, '永新县', '江西省,吉安市,永新县', 360800, 1310),
(360881, '井冈山市', '江西省,吉安市,井冈山市', 360800, 1311),
(360900, '宜春市', '江西省,宜春市', 360000, 135),
(360901, '市辖区', '江西省,宜春市,市辖区', 360900, 1312),
(360902, '袁州区', '江西省,宜春市,袁州区', 360900, 1313),
(360921, '奉新县', '江西省,宜春市,奉新县', 360900, 1314),
(360922, '万载县', '江西省,宜春市,万载县', 360900, 1315),
(360923, '上高县', '江西省,宜春市,上高县', 360900, 1316),
(360924, '宜丰县', '江西省,宜春市,宜丰县', 360900, 1317),
(360925, '靖安县', '江西省,宜春市,靖安县', 360900, 1318),
(360926, '铜鼓县', '江西省,宜春市,铜鼓县', 360900, 1319),
(360981, '丰城市', '江西省,宜春市,丰城市', 360900, 1320),
(360982, '樟树市', '江西省,宜春市,樟树市', 360900, 1321),
(360983, '高安市', '江西省,宜春市,高安市', 360900, 1322),
(361000, '抚州市', '江西省,抚州市', 360000, 136),
(361001, '市辖区', '江西省,抚州市,市辖区', 361000, 1323),
(361002, '临川区', '江西省,抚州市,临川区', 361000, 1324),
(361021, '南城县', '江西省,抚州市,南城县', 361000, 1325),
(361022, '黎川县', '江西省,抚州市,黎川县', 361000, 1326),
(361023, '南丰县', '江西省,抚州市,南丰县', 361000, 1327),
(361024, '崇仁县', '江西省,抚州市,崇仁县', 361000, 1328),
(361025, '乐安县', '江西省,抚州市,乐安县', 361000, 1329),
(361026, '宜黄县', '江西省,抚州市,宜黄县', 361000, 1330),
(361027, '金溪县', '江西省,抚州市,金溪县', 361000, 1331),
(361028, '资溪县', '江西省,抚州市,资溪县', 361000, 1332),
(361029, '东乡县', '江西省,抚州市,东乡县', 361000, 1333),
(361030, '广昌县', '江西省,抚州市,广昌县', 361000, 1334),
(361100, '上饶市', '江西省,上饶市', 360000, 137),
(361101, '市辖区', '江西省,上饶市,市辖区', 361100, 1335),
(361102, '信州区', '江西省,上饶市,信州区', 361100, 1336),
(361121, '上饶县', '江西省,上饶市,上饶县', 361100, 1337),
(361122, '广丰县', '江西省,上饶市,广丰县', 361100, 1338),
(361123, '玉山县', '江西省,上饶市,玉山县', 361100, 1339),
(361124, '铅山县', '江西省,上饶市,铅山县', 361100, 1340),
(361125, '横峰县', '江西省,上饶市,横峰县', 361100, 1341),
(361126, '弋阳县', '江西省,上饶市,弋阳县', 361100, 1342),
(361127, '余干县', '江西省,上饶市,余干县', 361100, 1343),
(361128, '鄱阳县', '江西省,上饶市,鄱阳县', 361100, 1344),
(361129, '万年县', '江西省,上饶市,万年县', 361100, 1345),
(361130, '婺源县', '江西省,上饶市,婺源县', 361100, 1346),
(361181, '德兴市', '江西省,上饶市,德兴市', 361100, 1347),
(370000, '山东省', '山东省', 0, 25),
(370100, '济南市', '山东省,济南市', 370000, 138),
(370101, '市辖区', '山东省,济南市,市辖区', 370100, 1348),
(370102, '历下区', '山东省,济南市,历下区', 370100, 1349),
(370103, '市中区', '山东省,济南市,市中区', 370100, 1350),
(370104, '槐荫区', '山东省,济南市,槐荫区', 370100, 1351),
(370105, '天桥区', '山东省,济南市,天桥区', 370100, 1352),
(370112, '历城区', '山东省,济南市,历城区', 370100, 1353),
(370113, '长清区', '山东省,济南市,长清区', 370100, 1354),
(370124, '平阴县', '山东省,济南市,平阴县', 370100, 1355),
(370125, '济阳县', '山东省,济南市,济阳县', 370100, 1356),
(370126, '商河县', '山东省,济南市,商河县', 370100, 1357),
(370181, '章丘市', '山东省,济南市,章丘市', 370100, 1358),
(370200, '青岛市', '山东省,青岛市', 370000, 139),
(370201, '市辖区', '山东省,青岛市,市辖区', 370200, 1359),
(370202, '市南区', '山东省,青岛市,市南区', 370200, 1360),
(370203, '市北区', '山东省,青岛市,市北区', 370200, 1361),
(370205, '四方区', '山东省,青岛市,四方区', 370200, 1362),
(370211, '黄岛区', '山东省,青岛市,黄岛区', 370200, 1363),
(370212, '崂山区', '山东省,青岛市,崂山区', 370200, 1364),
(370213, '李沧区', '山东省,青岛市,李沧区', 370200, 1365),
(370214, '城阳区', '山东省,青岛市,城阳区', 370200, 1366),
(370281, '胶州市', '山东省,青岛市,胶州市', 370200, 1367),
(370282, '即墨市', '山东省,青岛市,即墨市', 370200, 1368),
(370283, '平度市', '山东省,青岛市,平度市', 370200, 1369),
(370284, '胶南市', '山东省,青岛市,胶南市', 370200, 1370),
(370285, '莱西市', '山东省,青岛市,莱西市', 370200, 1371),
(370300, '淄博市', '山东省,淄博市', 370000, 140),
(370301, '市辖区', '山东省,淄博市,市辖区', 370300, 1372),
(370302, '淄川区', '山东省,淄博市,淄川区', 370300, 1373),
(370303, '张店区', '山东省,淄博市,张店区', 370300, 1374),
(370304, '博山区', '山东省,淄博市,博山区', 370300, 1375),
(370305, '临淄区', '山东省,淄博市,临淄区', 370300, 1376),
(370306, '周村区', '山东省,淄博市,周村区', 370300, 1377),
(370321, '桓台县', '山东省,淄博市,桓台县', 370300, 1378),
(370322, '高青县', '山东省,淄博市,高青县', 370300, 1379),
(370323, '沂源县', '山东省,淄博市,沂源县', 370300, 1380),
(370400, '枣庄市', '山东省,枣庄市', 370000, 141),
(370401, '市辖区', '山东省,枣庄市,市辖区', 370400, 1381),
(370402, '市中区', '山东省,枣庄市,市中区', 370400, 1382),
(370403, '薛城区', '山东省,枣庄市,薛城区', 370400, 1383),
(370404, '峄城区', '山东省,枣庄市,峄城区', 370400, 1384),
(370405, '台儿庄区', '山东省,枣庄市,台儿庄区', 370400, 1385),
(370406, '山亭区', '山东省,枣庄市,山亭区', 370400, 1386),
(370481, '滕州市', '山东省,枣庄市,滕州市', 370400, 1387),
(370500, '东营市', '山东省,东营市', 370000, 142),
(370501, '市辖区', '山东省,东营市,市辖区', 370500, 1388),
(370502, '东营区', '山东省,东营市,东营区', 370500, 1389),
(370503, '河口区', '山东省,东营市,河口区', 370500, 1390),
(370521, '垦利县', '山东省,东营市,垦利县', 370500, 1391),
(370522, '利津县', '山东省,东营市,利津县', 370500, 1392),
(370523, '广饶县', '山东省,东营市,广饶县', 370500, 1393),
(370600, '烟台市', '山东省,烟台市', 370000, 143),
(370601, '市辖区', '山东省,烟台市,市辖区', 370600, 1394),
(370602, '芝罘区', '山东省,烟台市,芝罘区', 370600, 1395),
(370611, '福山区', '山东省,烟台市,福山区', 370600, 1396),
(370612, '牟平区', '山东省,烟台市,牟平区', 370600, 1397),
(370613, '莱山区', '山东省,烟台市,莱山区', 370600, 1398),
(370634, '长岛县', '山东省,烟台市,长岛县', 370600, 1399),
(370681, '龙口市', '山东省,烟台市,龙口市', 370600, 1400),
(370682, '莱阳市', '山东省,烟台市,莱阳市', 370600, 1401),
(370683, '莱州市', '山东省,烟台市,莱州市', 370600, 1402),
(370684, '蓬莱市', '山东省,烟台市,蓬莱市', 370600, 1403),
(370685, '招远市', '山东省,烟台市,招远市', 370600, 1404),
(370686, '栖霞市', '山东省,烟台市,栖霞市', 370600, 1405),
(370687, '海阳市', '山东省,烟台市,海阳市', 370600, 1406),
(370700, '潍坊市', '山东省,潍坊市', 370000, 144),
(370701, '市辖区', '山东省,潍坊市,市辖区', 370700, 1407),
(370702, '潍城区', '山东省,潍坊市,潍城区', 370700, 1408),
(370703, '寒亭区', '山东省,潍坊市,寒亭区', 370700, 1409),
(370704, '坊子区', '山东省,潍坊市,坊子区', 370700, 1410),
(370705, '奎文区', '山东省,潍坊市,奎文区', 370700, 1411),
(370724, '临朐县', '山东省,潍坊市,临朐县', 370700, 1412),
(370725, '昌乐县', '山东省,潍坊市,昌乐县', 370700, 1413),
(370781, '青州市', '山东省,潍坊市,青州市', 370700, 1414),
(370782, '诸城市', '山东省,潍坊市,诸城市', 370700, 1415),
(370783, '寿光市', '山东省,潍坊市,寿光市', 370700, 1416),
(370784, '安丘市', '山东省,潍坊市,安丘市', 370700, 1417),
(370785, '高密市', '山东省,潍坊市,高密市', 370700, 1418),
(370786, '昌邑市', '山东省,潍坊市,昌邑市', 370700, 1419),
(370800, '济宁市', '山东省,济宁市', 370000, 145),
(370801, '市辖区', '山东省,济宁市,市辖区', 370800, 1420),
(370802, '市中区', '山东省,济宁市,市中区', 370800, 1421),
(370811, '任城区', '山东省,济宁市,任城区', 370800, 1422),
(370826, '微山县', '山东省,济宁市,微山县', 370800, 1423),
(370827, '鱼台县', '山东省,济宁市,鱼台县', 370800, 1424),
(370828, '金乡县', '山东省,济宁市,金乡县', 370800, 1425),
(370829, '嘉祥县', '山东省,济宁市,嘉祥县', 370800, 1426),
(370830, '汶上县', '山东省,济宁市,汶上县', 370800, 1427),
(370831, '泗水县', '山东省,济宁市,泗水县', 370800, 1428),
(370832, '梁山县', '山东省,济宁市,梁山县', 370800, 1429),
(370881, '曲阜市', '山东省,济宁市,曲阜市', 370800, 1430),
(370882, '兖州市', '山东省,济宁市,兖州市', 370800, 1431),
(370883, '邹城市', '山东省,济宁市,邹城市', 370800, 1432),
(370900, '泰安市', '山东省,泰安市', 370000, 146),
(370901, '市辖区', '山东省,泰安市,市辖区', 370900, 1433),
(370902, '泰山区', '山东省,泰安市,泰山区', 370900, 1434),
(370903, '岱岳区', '山东省,泰安市,岱岳区', 370900, 1435),
(370921, '宁阳县', '山东省,泰安市,宁阳县', 370900, 1436),
(370923, '东平县', '山东省,泰安市,东平县', 370900, 1437),
(370982, '新泰市', '山东省,泰安市,新泰市', 370900, 1438),
(370983, '肥城市', '山东省,泰安市,肥城市', 370900, 1439),
(371000, '威海市', '山东省,威海市', 370000, 147),
(371001, '市辖区', '山东省,威海市,市辖区', 371000, 1440),
(371002, '环翠区', '山东省,威海市,环翠区', 371000, 1441),
(371081, '文登市', '山东省,威海市,文登市', 371000, 1442),
(371082, '荣成市', '山东省,威海市,荣成市', 371000, 1443),
(371083, '乳山市', '山东省,威海市,乳山市', 371000, 1444),
(371100, '日照市', '山东省,日照市', 370000, 148),
(371101, '市辖区', '山东省,日照市,市辖区', 371100, 1445),
(371102, '东港区', '山东省,日照市,东港区', 371100, 1446),
(371103, '岚山区', '山东省,日照市,岚山区', 371100, 1447),
(371121, '五莲县', '山东省,日照市,五莲县', 371100, 1448),
(371122, '莒　县', '山东省,日照市,莒　县', 371100, 1449),
(371200, '莱芜市', '山东省,莱芜市', 370000, 149),
(371201, '市辖区', '山东省,莱芜市,市辖区', 371200, 1450),
(371202, '莱城区', '山东省,莱芜市,莱城区', 371200, 1451),
(371203, '钢城区', '山东省,莱芜市,钢城区', 371200, 1452),
(371300, '临沂市', '山东省,临沂市', 370000, 150),
(371301, '市辖区', '山东省,临沂市,市辖区', 371300, 1453),
(371302, '兰山区', '山东省,临沂市,兰山区', 371300, 1454),
(371311, '罗庄区', '山东省,临沂市,罗庄区', 371300, 1455),
(371312, '河东区', '山东省,临沂市,河东区', 371300, 1456),
(371321, '沂南县', '山东省,临沂市,沂南县', 371300, 1457),
(371322, '郯城县', '山东省,临沂市,郯城县', 371300, 1458),
(371323, '沂水县', '山东省,临沂市,沂水县', 371300, 1459),
(371324, '苍山县', '山东省,临沂市,苍山县', 371300, 1460),
(371325, '费　县', '山东省,临沂市,费　县', 371300, 1461),
(371326, '平邑县', '山东省,临沂市,平邑县', 371300, 1462),
(371327, '莒南县', '山东省,临沂市,莒南县', 371300, 1463),
(371328, '蒙阴县', '山东省,临沂市,蒙阴县', 371300, 1464),
(371329, '临沭县', '山东省,临沂市,临沭县', 371300, 1465),
(371400, '德州市', '山东省,德州市', 370000, 151),
(371401, '市辖区', '山东省,德州市,市辖区', 371400, 1466),
(371402, '德城区', '山东省,德州市,德城区', 371400, 1467),
(371421, '陵　县', '山东省,德州市,陵　县', 371400, 1468),
(371422, '宁津县', '山东省,德州市,宁津县', 371400, 1469),
(371423, '庆云县', '山东省,德州市,庆云县', 371400, 1470),
(371424, '临邑县', '山东省,德州市,临邑县', 371400, 1471),
(371425, '齐河县', '山东省,德州市,齐河县', 371400, 1472),
(371426, '平原县', '山东省,德州市,平原县', 371400, 1473),
(371427, '夏津县', '山东省,德州市,夏津县', 371400, 1474),
(371428, '武城县', '山东省,德州市,武城县', 371400, 1475),
(371481, '乐陵市', '山东省,德州市,乐陵市', 371400, 1476),
(371482, '禹城市', '山东省,德州市,禹城市', 371400, 1477),
(371500, '聊城市', '山东省,聊城市', 370000, 152),
(371501, '市辖区', '山东省,聊城市,市辖区', 371500, 1478),
(371502, '东昌府区', '山东省,聊城市,东昌府区', 371500, 1479),
(371521, '阳谷县', '山东省,聊城市,阳谷县', 371500, 1480),
(371522, '莘　县', '山东省,聊城市,莘　县', 371500, 1481),
(371523, '茌平县', '山东省,聊城市,茌平县', 371500, 1482),
(371524, '东阿县', '山东省,聊城市,东阿县', 371500, 1483),
(371525, '冠　县', '山东省,聊城市,冠　县', 371500, 1484),
(371526, '高唐县', '山东省,聊城市,高唐县', 371500, 1485),
(371581, '临清市', '山东省,聊城市,临清市', 371500, 1486),
(371600, '滨州市', '山东省,滨州市', 370000, 153),
(371601, '市辖区', '山东省,滨州市,市辖区', 371600, 1487),
(371602, '滨城区', '山东省,滨州市,滨城区', 371600, 1488),
(371621, '惠民县', '山东省,滨州市,惠民县', 371600, 1489),
(371622, '阳信县', '山东省,滨州市,阳信县', 371600, 1490),
(371623, '无棣县', '山东省,滨州市,无棣县', 371600, 1491),
(371624, '沾化县', '山东省,滨州市,沾化县', 371600, 1492),
(371625, '博兴县', '山东省,滨州市,博兴县', 371600, 1493),
(371626, '邹平县', '山东省,滨州市,邹平县', 371600, 1494),
(371700, '菏泽市', '山东省,菏泽市', 370000, 154),
(371701, '市辖区', '山东省,荷泽市,市辖区', 371700, 1495),
(371702, '牡丹区', '山东省,荷泽市,牡丹区', 371700, 1496),
(371721, '曹　县', '山东省,荷泽市,曹　县', 371700, 1497),
(371722, '单　县', '山东省,荷泽市,单　县', 371700, 1498),
(371723, '成武县', '山东省,荷泽市,成武县', 371700, 1499),
(371724, '巨野县', '山东省,荷泽市,巨野县', 371700, 1500),
(371725, '郓城县', '山东省,荷泽市,郓城县', 371700, 1501),
(371726, '鄄城县', '山东省,荷泽市,鄄城县', 371700, 1502),
(371727, '定陶县', '山东省,荷泽市,定陶县', 371700, 1503),
(371728, '东明县', '山东省,荷泽市,东明县', 371700, 1504),
(410000, '河南省', '河南省', 0, 11),
(410100, '郑州市', '河南省,郑州市', 410000, 155),
(410101, '市辖区', '河南省,郑州市,市辖区', 410100, 1505),
(410102, '中原区', '河南省,郑州市,中原区', 410100, 1506),
(410103, '二七区', '河南省,郑州市,二七区', 410100, 1507),
(410104, '管城回族区', '河南省,郑州市,管城回族区', 410100, 1508),
(410105, '金水区', '河南省,郑州市,金水区', 410100, 1509),
(410106, '上街区', '河南省,郑州市,上街区', 410100, 1510),
(410108, '邙山区', '河南省,郑州市,邙山区', 410100, 1511),
(410122, '中牟县', '河南省,郑州市,中牟县', 410100, 1512),
(410181, '巩义市', '河南省,郑州市,巩义市', 410100, 1513),
(410182, '荥阳市', '河南省,郑州市,荥阳市', 410100, 1514),
(410183, '新密市', '河南省,郑州市,新密市', 410100, 1515),
(410184, '新郑市', '河南省,郑州市,新郑市', 410100, 1516),
(410185, '登封市', '河南省,郑州市,登封市', 410100, 1517),
(410200, '开封市', '河南省,开封市', 410000, 156),
(410201, '市辖区', '河南省,开封市,市辖区', 410200, 1518),
(410202, '龙亭区', '河南省,开封市,龙亭区', 410200, 1519),
(410203, '顺河回族区', '河南省,开封市,顺河回族区', 410200, 1520),
(410204, '鼓楼区', '河南省,开封市,鼓楼区', 410200, 1521),
(410205, '南关区', '河南省,开封市,南关区', 410200, 1522),
(410211, '郊　区', '河南省,开封市,郊　区', 410200, 1523),
(410221, '杞　县', '河南省,开封市,杞　县', 410200, 1524),
(410222, '通许县', '河南省,开封市,通许县', 410200, 1525),
(410223, '尉氏县', '河南省,开封市,尉氏县', 410200, 1526),
(410224, '开封县', '河南省,开封市,开封县', 410200, 1527),
(410225, '兰考县', '河南省,开封市,兰考县', 410200, 1528),
(410300, '洛阳市', '河南省,洛阳市', 410000, 157),
(410301, '市辖区', '河南省,洛阳市,市辖区', 410300, 1529),
(410302, '老城区', '河南省,洛阳市,老城区', 410300, 1530),
(410303, '西工区', '河南省,洛阳市,西工区', 410300, 1531),
(410304, '廛河回族区', '河南省,洛阳市,廛河回族区', 410300, 1532),
(410305, '涧西区', '河南省,洛阳市,涧西区', 410300, 1533),
(410306, '吉利区', '河南省,洛阳市,吉利区', 410300, 1534),
(410307, '洛龙区', '河南省,洛阳市,洛龙区', 410300, 1535),
(410322, '孟津县', '河南省,洛阳市,孟津县', 410300, 1536),
(410323, '新安县', '河南省,洛阳市,新安县', 410300, 1537),
(410324, '栾川县', '河南省,洛阳市,栾川县', 410300, 1538),
(410325, '嵩　县', '河南省,洛阳市,嵩　县', 410300, 1539),
(410326, '汝阳县', '河南省,洛阳市,汝阳县', 410300, 1540),
(410327, '宜阳县', '河南省,洛阳市,宜阳县', 410300, 1541),
(410328, '洛宁县', '河南省,洛阳市,洛宁县', 410300, 1542),
(410329, '伊川县', '河南省,洛阳市,伊川县', 410300, 1543),
(410381, '偃师市', '河南省,洛阳市,偃师市', 410300, 1544),
(410400, '平顶山市', '河南省,平顶山市', 410000, 158),
(410401, '市辖区', '河南省,平顶山市,市辖区', 410400, 1545),
(410402, '新华区', '河南省,平顶山市,新华区', 410400, 1546),
(410403, '卫东区', '河南省,平顶山市,卫东区', 410400, 1547),
(410404, '石龙区', '河南省,平顶山市,石龙区', 410400, 1548),
(410411, '湛河区', '河南省,平顶山市,湛河区', 410400, 1549),
(410421, '宝丰县', '河南省,平顶山市,宝丰县', 410400, 1550),
(410422, '叶　县', '河南省,平顶山市,叶　县', 410400, 1551),
(410423, '鲁山县', '河南省,平顶山市,鲁山县', 410400, 1552),
(410425, '郏　县', '河南省,平顶山市,郏　县', 410400, 1553),
(410481, '舞钢市', '河南省,平顶山市,舞钢市', 410400, 1554),
(410482, '汝州市', '河南省,平顶山市,汝州市', 410400, 1555),
(410500, '安阳市', '河南省,安阳市', 410000, 159),
(410501, '市辖区', '河南省,安阳市,市辖区', 410500, 1556),
(410502, '文峰区', '河南省,安阳市,文峰区', 410500, 1557),
(410503, '北关区', '河南省,安阳市,北关区', 410500, 1558),
(410505, '殷都区', '河南省,安阳市,殷都区', 410500, 1559),
(410506, '龙安区', '河南省,安阳市,龙安区', 410500, 1560),
(410522, '安阳县', '河南省,安阳市,安阳县', 410500, 1561),
(410523, '汤阴县', '河南省,安阳市,汤阴县', 410500, 1562),
(410526, '滑　县', '河南省,安阳市,滑　县', 410500, 1563),
(410527, '内黄县', '河南省,安阳市,内黄县', 410500, 1564),
(410581, '林州市', '河南省,安阳市,林州市', 410500, 1565),
(410600, '鹤壁市', '河南省,鹤壁市', 410000, 160),
(410601, '市辖区', '河南省,鹤壁市,市辖区', 410600, 1566),
(410602, '鹤山区', '河南省,鹤壁市,鹤山区', 410600, 1567),
(410603, '山城区', '河南省,鹤壁市,山城区', 410600, 1568),
(410611, '淇滨区', '河南省,鹤壁市,淇滨区', 410600, 1569),
(410621, '浚　县', '河南省,鹤壁市,浚　县', 410600, 1570),
(410622, '淇　县', '河南省,鹤壁市,淇　县', 410600, 1571),
(410700, '新乡市', '河南省,新乡市', 410000, 161),
(410701, '市辖区', '河南省,新乡市,市辖区', 410700, 1572),
(410702, '红旗区', '河南省,新乡市,红旗区', 410700, 1573),
(410703, '卫滨区', '河南省,新乡市,卫滨区', 410700, 1574),
(410704, '凤泉区', '河南省,新乡市,凤泉区', 410700, 1575),
(410711, '牧野区', '河南省,新乡市,牧野区', 410700, 1576),
(410721, '新乡县', '河南省,新乡市,新乡县', 410700, 1577),
(410724, '获嘉县', '河南省,新乡市,获嘉县', 410700, 1578),
(410725, '原阳县', '河南省,新乡市,原阳县', 410700, 1579),
(410726, '延津县', '河南省,新乡市,延津县', 410700, 1580),
(410727, '封丘县', '河南省,新乡市,封丘县', 410700, 1581),
(410728, '长垣县', '河南省,新乡市,长垣县', 410700, 1582),
(410781, '卫辉市', '河南省,新乡市,卫辉市', 410700, 1583),
(410782, '辉县市', '河南省,新乡市,辉县市', 410700, 1584),
(410800, '焦作市', '河南省,焦作市', 410000, 162),
(410801, '市辖区', '河南省,焦作市,市辖区', 410800, 1585),
(410802, '解放区', '河南省,焦作市,解放区', 410800, 1586),
(410803, '中站区', '河南省,焦作市,中站区', 410800, 1587),
(410804, '马村区', '河南省,焦作市,马村区', 410800, 1588),
(410811, '山阳区', '河南省,焦作市,山阳区', 410800, 1589),
(410821, '修武县', '河南省,焦作市,修武县', 410800, 1590),
(410822, '博爱县', '河南省,焦作市,博爱县', 410800, 1591),
(410823, '武陟县', '河南省,焦作市,武陟县', 410800, 1592),
(410825, '温　县', '河南省,焦作市,温　县', 410800, 1593),
(410881, '济源市', '河南省,焦作市,济源市', 410800, 1594),
(410882, '沁阳市', '河南省,焦作市,沁阳市', 410800, 1595),
(410883, '孟州市', '河南省,焦作市,孟州市', 410800, 1596),
(410900, '濮阳市', '河南省,濮阳市', 410000, 163),
(410901, '市辖区', '河南省,濮阳市,市辖区', 410900, 1597),
(410902, '华龙区', '河南省,濮阳市,华龙区', 410900, 1598),
(410922, '清丰县', '河南省,濮阳市,清丰县', 410900, 1599),
(410923, '南乐县', '河南省,濮阳市,南乐县', 410900, 1600),
(410926, '范　县', '河南省,濮阳市,范　县', 410900, 1601),
(410927, '台前县', '河南省,濮阳市,台前县', 410900, 1602),
(410928, '濮阳县', '河南省,濮阳市,濮阳县', 410900, 1603),
(411000, '许昌市', '河南省,许昌市', 410000, 164),
(411001, '市辖区', '河南省,许昌市,市辖区', 411000, 1604),
(411002, '魏都区', '河南省,许昌市,魏都区', 411000, 1605),
(411023, '许昌县', '河南省,许昌市,许昌县', 411000, 1606),
(411024, '鄢陵县', '河南省,许昌市,鄢陵县', 411000, 1607),
(411025, '襄城县', '河南省,许昌市,襄城县', 411000, 1608),
(411081, '禹州市', '河南省,许昌市,禹州市', 411000, 1609),
(411082, '长葛市', '河南省,许昌市,长葛市', 411000, 1610),
(411100, '漯河市', '河南省,漯河市', 410000, 165),
(411101, '市辖区', '河南省,漯河市,市辖区', 411100, 1611),
(411102, '源汇区', '河南省,漯河市,源汇区', 411100, 1612),
(411103, '郾城区', '河南省,漯河市,郾城区', 411100, 1613),
(411104, '召陵区', '河南省,漯河市,召陵区', 411100, 1614),
(411121, '舞阳县', '河南省,漯河市,舞阳县', 411100, 1615),
(411122, '临颍县', '河南省,漯河市,临颍县', 411100, 1616),
(411200, '三门峡市', '河南省,三门峡市', 410000, 166),
(411201, '市辖区', '河南省,三门峡市,市辖区', 411200, 1617),
(411202, '湖滨区', '河南省,三门峡市,湖滨区', 411200, 1618),
(411221, '渑池县', '河南省,三门峡市,渑池县', 411200, 1619),
(411222, '陕　县', '河南省,三门峡市,陕　县', 411200, 1620),
(411224, '卢氏县', '河南省,三门峡市,卢氏县', 411200, 1621),
(411281, '义马市', '河南省,三门峡市,义马市', 411200, 1622),
(411282, '灵宝市', '河南省,三门峡市,灵宝市', 411200, 1623),
(411300, '南阳市', '河南省,南阳市', 410000, 167),
(411301, '市辖区', '河南省,南阳市,市辖区', 411300, 1624),
(411302, '宛城区', '河南省,南阳市,宛城区', 411300, 1625),
(411303, '卧龙区', '河南省,南阳市,卧龙区', 411300, 1626),
(411321, '南召县', '河南省,南阳市,南召县', 411300, 1627),
(411322, '方城县', '河南省,南阳市,方城县', 411300, 1628),
(411323, '西峡县', '河南省,南阳市,西峡县', 411300, 1629),
(411324, '镇平县', '河南省,南阳市,镇平县', 411300, 1630),
(411325, '内乡县', '河南省,南阳市,内乡县', 411300, 1631),
(411326, '淅川县', '河南省,南阳市,淅川县', 411300, 1632),
(411327, '社旗县', '河南省,南阳市,社旗县', 411300, 1633),
(411328, '唐河县', '河南省,南阳市,唐河县', 411300, 1634),
(411329, '新野县', '河南省,南阳市,新野县', 411300, 1635),
(411330, '桐柏县', '河南省,南阳市,桐柏县', 411300, 1636),
(411381, '邓州市', '河南省,南阳市,邓州市', 411300, 1637),
(411400, '商丘市', '河南省,商丘市', 410000, 168),
(411401, '市辖区', '河南省,商丘市,市辖区', 411400, 1638),
(411402, '梁园区', '河南省,商丘市,梁园区', 411400, 1639),
(411403, '睢阳区', '河南省,商丘市,睢阳区', 411400, 1640),
(411421, '民权县', '河南省,商丘市,民权县', 411400, 1641),
(411422, '睢　县', '河南省,商丘市,睢　县', 411400, 1642),
(411423, '宁陵县', '河南省,商丘市,宁陵县', 411400, 1643),
(411424, '柘城县', '河南省,商丘市,柘城县', 411400, 1644),
(411425, '虞城县', '河南省,商丘市,虞城县', 411400, 1645),
(411426, '夏邑县', '河南省,商丘市,夏邑县', 411400, 1646),
(411481, '永城市', '河南省,商丘市,永城市', 411400, 1647),
(411500, '信阳市', '河南省,信阳市', 410000, 169),
(411501, '市辖区', '河南省,信阳市,市辖区', 411500, 1648),
(411502, '师河区', '河南省,信阳市,师河区', 411500, 1649),
(411503, '平桥区', '河南省,信阳市,平桥区', 411500, 1650),
(411521, '罗山县', '河南省,信阳市,罗山县', 411500, 1651),
(411522, '光山县', '河南省,信阳市,光山县', 411500, 1652),
(411523, '新　县', '河南省,信阳市,新　县', 411500, 1653),
(411524, '商城县', '河南省,信阳市,商城县', 411500, 1654),
(411525, '固始县', '河南省,信阳市,固始县', 411500, 1655),
(411526, '潢川县', '河南省,信阳市,潢川县', 411500, 1656),
(411527, '淮滨县', '河南省,信阳市,淮滨县', 411500, 1657),
(411528, '息　县', '河南省,信阳市,息　县', 411500, 1658),
(411600, '周口市', '河南省,周口市', 410000, 170),
(411601, '市辖区', '河南省,周口市,市辖区', 411600, 1659),
(411602, '川汇区', '河南省,周口市,川汇区', 411600, 1660),
(411621, '扶沟县', '河南省,周口市,扶沟县', 411600, 1661),
(411622, '西华县', '河南省,周口市,西华县', 411600, 1662),
(411623, '商水县', '河南省,周口市,商水县', 411600, 1663),
(411624, '沈丘县', '河南省,周口市,沈丘县', 411600, 1664),
(411625, '郸城县', '河南省,周口市,郸城县', 411600, 1665),
(411626, '淮阳县', '河南省,周口市,淮阳县', 411600, 1666),
(411627, '太康县', '河南省,周口市,太康县', 411600, 1667),
(411628, '鹿邑县', '河南省,周口市,鹿邑县', 411600, 1668),
(411681, '项城市', '河南省,周口市,项城市', 411600, 1669),
(411700, '驻马店市', '河南省,驻马店市', 410000, 171),
(411701, '市辖区', '河南省,驻马店市,市辖区', 411700, 1670),
(411702, '驿城区', '河南省,驻马店市,驿城区', 411700, 1671),
(411721, '西平县', '河南省,驻马店市,西平县', 411700, 1672),
(411722, '上蔡县', '河南省,驻马店市,上蔡县', 411700, 1673),
(411723, '平舆县', '河南省,驻马店市,平舆县', 411700, 1674),
(411724, '正阳县', '河南省,驻马店市,正阳县', 411700, 1675),
(411725, '确山县', '河南省,驻马店市,确山县', 411700, 1676),
(411726, '泌阳县', '河南省,驻马店市,泌阳县', 411700, 1677),
(411727, '汝南县', '河南省,驻马店市,汝南县', 411700, 1678),
(411728, '遂平县', '河南省,驻马店市,遂平县', 411700, 1679),
(411729, '新蔡县', '河南省,驻马店市,新蔡县', 411700, 1680),
(420000, '湖北省', '湖北省', 0, 12),
(420100, '武汉市', '湖北省,武汉市', 420000, 172),
(420101, '市辖区', '湖北省,武汉市,市辖区', 420100, 1681),
(420102, '江岸区', '湖北省,武汉市,江岸区', 420100, 1682),
(420103, '江汉区', '湖北省,武汉市,江汉区', 420100, 1683),
(420104, '乔口区', '湖北省,武汉市,乔口区', 420100, 1684),
(420105, '汉阳区', '湖北省,武汉市,汉阳区', 420100, 1685),
(420106, '武昌区', '湖北省,武汉市,武昌区', 420100, 1686),
(420107, '青山区', '湖北省,武汉市,青山区', 420100, 1687),
(420111, '洪山区', '湖北省,武汉市,洪山区', 420100, 1688),
(420112, '东西湖区', '湖北省,武汉市,东西湖区', 420100, 1689),
(420113, '汉南区', '湖北省,武汉市,汉南区', 420100, 1690),
(420114, '蔡甸区', '湖北省,武汉市,蔡甸区', 420100, 1691),
(420115, '江夏区', '湖北省,武汉市,江夏区', 420100, 1692),
(420116, '黄陂区', '湖北省,武汉市,黄陂区', 420100, 1693),
(420117, '新洲区', '湖北省,武汉市,新洲区', 420100, 1694),
(420200, '黄石市', '湖北省,黄石市', 420000, 173),
(420201, '市辖区', '湖北省,黄石市,市辖区', 420200, 1695),
(420202, '黄石港区', '湖北省,黄石市,黄石港区', 420200, 1696),
(420203, '西塞山区', '湖北省,黄石市,西塞山区', 420200, 1697),
(420204, '下陆区', '湖北省,黄石市,下陆区', 420200, 1698),
(420205, '铁山区', '湖北省,黄石市,铁山区', 420200, 1699),
(420222, '阳新县', '湖北省,黄石市,阳新县', 420200, 1700),
(420281, '大冶市', '湖北省,黄石市,大冶市', 420200, 1701),
(420300, '十堰市', '湖北省,十堰市', 420000, 174),
(420301, '市辖区', '湖北省,十堰市,市辖区', 420300, 1702),
(420302, '茅箭区', '湖北省,十堰市,茅箭区', 420300, 1703),
(420303, '张湾区', '湖北省,十堰市,张湾区', 420300, 1704),
(420321, '郧　县', '湖北省,十堰市,郧　县', 420300, 1705),
(420322, '郧西县', '湖北省,十堰市,郧西县', 420300, 1706),
(420323, '竹山县', '湖北省,十堰市,竹山县', 420300, 1707),
(420324, '竹溪县', '湖北省,十堰市,竹溪县', 420300, 1708),
(420325, '房　县', '湖北省,十堰市,房　县', 420300, 1709),
(420381, '丹江口市', '湖北省,十堰市,丹江口市', 420300, 1710),
(420500, '宜昌市', '湖北省,宜昌市', 420000, 175),
(420501, '市辖区', '湖北省,宜昌市,市辖区', 420500, 1711),
(420502, '西陵区', '湖北省,宜昌市,西陵区', 420500, 1712),
(420503, '伍家岗区', '湖北省,宜昌市,伍家岗区', 420500, 1713),
(420504, '点军区', '湖北省,宜昌市,点军区', 420500, 1714),
(420505, '猇亭区', '湖北省,宜昌市,猇亭区', 420500, 1715),
(420506, '夷陵区', '湖北省,宜昌市,夷陵区', 420500, 1716),
(420525, '远安县', '湖北省,宜昌市,远安县', 420500, 1717),
(420526, '兴山县', '湖北省,宜昌市,兴山县', 420500, 1718),
(420527, '秭归县', '湖北省,宜昌市,秭归县', 420500, 1719),
(420528, '长阳土家族自治县', '湖北省,宜昌市,长阳土家族自治县', 420500, 1720),
(420529, '五峰土家族自治县', '湖北省,宜昌市,五峰土家族自治县', 420500, 1721),
(420581, '宜都市', '湖北省,宜昌市,宜都市', 420500, 1722),
(420582, '当阳市', '湖北省,宜昌市,当阳市', 420500, 1723),
(420583, '枝江市', '湖北省,宜昌市,枝江市', 420500, 1724),
(420600, '襄樊市', '湖北省,襄樊市', 420000, 176),
(420601, '市辖区', '湖北省,襄樊市,市辖区', 420600, 1725),
(420602, '襄城区', '湖北省,襄樊市,襄城区', 420600, 1726),
(420606, '樊城区', '湖北省,襄樊市,樊城区', 420600, 1727),
(420607, '襄阳区', '湖北省,襄樊市,襄阳区', 420600, 1728),
(420624, '南漳县', '湖北省,襄樊市,南漳县', 420600, 1729),
(420625, '谷城县', '湖北省,襄樊市,谷城县', 420600, 1730),
(420626, '保康县', '湖北省,襄樊市,保康县', 420600, 1731),
(420682, '老河口市', '湖北省,襄樊市,老河口市', 420600, 1732),
(420683, '枣阳市', '湖北省,襄樊市,枣阳市', 420600, 1733),
(420684, '宜城市', '湖北省,襄樊市,宜城市', 420600, 1734),
(420700, '鄂州市', '湖北省,鄂州市', 420000, 177),
(420701, '市辖区', '湖北省,鄂州市,市辖区', 420700, 1735),
(420702, '梁子湖区', '湖北省,鄂州市,梁子湖区', 420700, 1736),
(420703, '华容区', '湖北省,鄂州市,华容区', 420700, 1737),
(420704, '鄂城区', '湖北省,鄂州市,鄂城区', 420700, 1738),
(420800, '荆门市', '湖北省,荆门市', 420000, 178),
(420801, '市辖区', '湖北省,荆门市,市辖区', 420800, 1739),
(420802, '东宝区', '湖北省,荆门市,东宝区', 420800, 1740),
(420804, '掇刀区', '湖北省,荆门市,掇刀区', 420800, 1741),
(420821, '京山县', '湖北省,荆门市,京山县', 420800, 1742),
(420822, '沙洋县', '湖北省,荆门市,沙洋县', 420800, 1743),
(420881, '钟祥市', '湖北省,荆门市,钟祥市', 420800, 1744),
(420900, '孝感市', '湖北省,孝感市', 420000, 179),
(420901, '市辖区', '湖北省,孝感市,市辖区', 420900, 1745),
(420902, '孝南区', '湖北省,孝感市,孝南区', 420900, 1746),
(420921, '孝昌县', '湖北省,孝感市,孝昌县', 420900, 1747),
(420922, '大悟县', '湖北省,孝感市,大悟县', 420900, 1748),
(420923, '云梦县', '湖北省,孝感市,云梦县', 420900, 1749),
(420981, '应城市', '湖北省,孝感市,应城市', 420900, 1750),
(420982, '安陆市', '湖北省,孝感市,安陆市', 420900, 1751),
(420984, '汉川市', '湖北省,孝感市,汉川市', 420900, 1752),
(421000, '荆州市', '湖北省,荆州市', 420000, 180),
(421001, '市辖区', '湖北省,荆州市,市辖区', 421000, 1753),
(421002, '沙市区', '湖北省,荆州市,沙市区', 421000, 1754),
(421003, '荆州区', '湖北省,荆州市,荆州区', 421000, 1755),
(421022, '公安县', '湖北省,荆州市,公安县', 421000, 1756),
(421023, '监利县', '湖北省,荆州市,监利县', 421000, 1757),
(421024, '江陵县', '湖北省,荆州市,江陵县', 421000, 1758),
(421081, '石首市', '湖北省,荆州市,石首市', 421000, 1759),
(421083, '洪湖市', '湖北省,荆州市,洪湖市', 421000, 1760),
(421087, '松滋市', '湖北省,荆州市,松滋市', 421000, 1761),
(421100, '黄冈市', '湖北省,黄冈市', 420000, 181),
(421101, '市辖区', '湖北省,黄冈市,市辖区', 421100, 1762),
(421102, '黄州区', '湖北省,黄冈市,黄州区', 421100, 1763),
(421121, '团风县', '湖北省,黄冈市,团风县', 421100, 1764),
(421122, '红安县', '湖北省,黄冈市,红安县', 421100, 1765),
(421123, '罗田县', '湖北省,黄冈市,罗田县', 421100, 1766),
(421124, '英山县', '湖北省,黄冈市,英山县', 421100, 1767),
(421125, '浠水县', '湖北省,黄冈市,浠水县', 421100, 1768),
(421126, '蕲春县', '湖北省,黄冈市,蕲春县', 421100, 1769),
(421127, '黄梅县', '湖北省,黄冈市,黄梅县', 421100, 1770),
(421181, '麻城市', '湖北省,黄冈市,麻城市', 421100, 1771),
(421182, '武穴市', '湖北省,黄冈市,武穴市', 421100, 1772),
(421200, '咸宁市', '湖北省,咸宁市', 420000, 182),
(421201, '市辖区', '湖北省,咸宁市,市辖区', 421200, 1773),
(421202, '咸安区', '湖北省,咸宁市,咸安区', 421200, 1774),
(421221, '嘉鱼县', '湖北省,咸宁市,嘉鱼县', 421200, 1775),
(421222, '通城县', '湖北省,咸宁市,通城县', 421200, 1776),
(421223, '崇阳县', '湖北省,咸宁市,崇阳县', 421200, 1777),
(421224, '通山县', '湖北省,咸宁市,通山县', 421200, 1778),
(421281, '赤壁市', '湖北省,咸宁市,赤壁市', 421200, 1779),
(421300, '随州市', '湖北省,随州市', 420000, 183),
(421301, '市辖区', '湖北省,随州市,市辖区', 421300, 1780),
(421302, '曾都区', '湖北省,随州市,曾都区', 421300, 1781),
(421381, '广水市', '湖北省,随州市,广水市', 421300, 1782),
(422800, '恩施土家族苗族自治州', '湖北省,恩施土家族苗族自治州', 420000, 184),
(422801, '恩施市', '湖北省,恩施土家族苗族自治州,恩施市', 422800, 1783),
(422802, '利川市', '湖北省,恩施土家族苗族自治州,利川市', 422800, 1784),
(422822, '建始县', '湖北省,恩施土家族苗族自治州,建始县', 422800, 1785),
(422823, '巴东县', '湖北省,恩施土家族苗族自治州,巴东县', 422800, 1786),
(422825, '宣恩县', '湖北省,恩施土家族苗族自治州,宣恩县', 422800, 1787),
(422826, '咸丰县', '湖北省,恩施土家族苗族自治州,咸丰县', 422800, 1788),
(422827, '来凤县', '湖北省,恩施土家族苗族自治州,来凤县', 422800, 1789),
(422828, '鹤峰县', '湖北省,恩施土家族苗族自治州,鹤峰县', 422800, 1790),
(429000, '省直辖行政单位', '湖北省,省直辖行政单位', 420000, 185),
(429004, '仙桃市', '湖北省,省直辖行政单位,仙桃市', 429000, 1791),
(429005, '潜江市', '湖北省,省直辖行政单位,潜江市', 429000, 1792),
(429006, '天门市', '湖北省,省直辖行政单位,天门市', 429000, 1793),
(429021, '神农架林区', '湖北省,省直辖行政单位,神农架林区', 429000, 1794),
(430000, '湖南省', '湖南省', 0, 13),
(430100, '长沙市', '湖南省,长沙市', 430000, 186),
(430101, '市辖区', '湖南省,长沙市,市辖区', 430100, 1795),
(430102, '芙蓉区', '湖南省,长沙市,芙蓉区', 430100, 1796),
(430103, '天心区', '湖南省,长沙市,天心区', 430100, 1797),
(430104, '岳麓区', '湖南省,长沙市,岳麓区', 430100, 1798),
(430105, '开福区', '湖南省,长沙市,开福区', 430100, 1799),
(430111, '雨花区', '湖南省,长沙市,雨花区', 430100, 1800),
(430121, '长沙县', '湖南省,长沙市,长沙县', 430100, 1801),
(430122, '望城县', '湖南省,长沙市,望城县', 430100, 1802),
(430124, '宁乡县', '湖南省,长沙市,宁乡县', 430100, 1803),
(430181, '浏阳市', '湖南省,长沙市,浏阳市', 430100, 1804),
(430200, '株洲市', '湖南省,株洲市', 430000, 187),
(430201, '市辖区', '湖南省,株洲市,市辖区', 430200, 1805),
(430202, '荷塘区', '湖南省,株洲市,荷塘区', 430200, 1806),
(430203, '芦淞区', '湖南省,株洲市,芦淞区', 430200, 1807),
(430204, '石峰区', '湖南省,株洲市,石峰区', 430200, 1808),
(430211, '天元区', '湖南省,株洲市,天元区', 430200, 1809),
(430221, '株洲县', '湖南省,株洲市,株洲县', 430200, 1810),
(430223, '攸　县', '湖南省,株洲市,攸　县', 430200, 1811),
(430224, '茶陵县', '湖南省,株洲市,茶陵县', 430200, 1812),
(430225, '炎陵县', '湖南省,株洲市,炎陵县', 430200, 1813),
(430281, '醴陵市', '湖南省,株洲市,醴陵市', 430200, 1814),
(430300, '湘潭市', '湖南省,湘潭市', 430000, 188),
(430301, '市辖区', '湖南省,湘潭市,市辖区', 430300, 1815),
(430302, '雨湖区', '湖南省,湘潭市,雨湖区', 430300, 1816),
(430304, '岳塘区', '湖南省,湘潭市,岳塘区', 430300, 1817),
(430321, '湘潭县', '湖南省,湘潭市,湘潭县', 430300, 1818),
(430381, '湘乡市', '湖南省,湘潭市,湘乡市', 430300, 1819),
(430382, '韶山市', '湖南省,湘潭市,韶山市', 430300, 1820),
(430400, '衡阳市', '湖南省,衡阳市', 430000, 189),
(430401, '市辖区', '湖南省,衡阳市,市辖区', 430400, 1821),
(430405, '珠晖区', '湖南省,衡阳市,珠晖区', 430400, 1822),
(430406, '雁峰区', '湖南省,衡阳市,雁峰区', 430400, 1823),
(430407, '石鼓区', '湖南省,衡阳市,石鼓区', 430400, 1824),
(430408, '蒸湘区', '湖南省,衡阳市,蒸湘区', 430400, 1825),
(430412, '南岳区', '湖南省,衡阳市,南岳区', 430400, 1826),
(430421, '衡阳县', '湖南省,衡阳市,衡阳县', 430400, 1827),
(430422, '衡南县', '湖南省,衡阳市,衡南县', 430400, 1828),
(430423, '衡山县', '湖南省,衡阳市,衡山县', 430400, 1829),
(430424, '衡东县', '湖南省,衡阳市,衡东县', 430400, 1830),
(430426, '祁东县', '湖南省,衡阳市,祁东县', 430400, 1831),
(430481, '耒阳市', '湖南省,衡阳市,耒阳市', 430400, 1832),
(430482, '常宁市', '湖南省,衡阳市,常宁市', 430400, 1833),
(430500, '邵阳市', '湖南省,邵阳市', 430000, 190),
(430501, '市辖区', '湖南省,邵阳市,市辖区', 430500, 1834),
(430502, '双清区', '湖南省,邵阳市,双清区', 430500, 1835),
(430503, '大祥区', '湖南省,邵阳市,大祥区', 430500, 1836),
(430511, '北塔区', '湖南省,邵阳市,北塔区', 430500, 1837),
(430521, '邵东县', '湖南省,邵阳市,邵东县', 430500, 1838),
(430522, '新邵县', '湖南省,邵阳市,新邵县', 430500, 1839),
(430523, '邵阳县', '湖南省,邵阳市,邵阳县', 430500, 1840),
(430524, '隆回县', '湖南省,邵阳市,隆回县', 430500, 1841),
(430525, '洞口县', '湖南省,邵阳市,洞口县', 430500, 1842),
(430527, '绥宁县', '湖南省,邵阳市,绥宁县', 430500, 1843),
(430528, '新宁县', '湖南省,邵阳市,新宁县', 430500, 1844),
(430529, '城步苗族自治县', '湖南省,邵阳市,城步苗族自治县', 430500, 1845),
(430581, '武冈市', '湖南省,邵阳市,武冈市', 430500, 1846),
(430600, '岳阳市', '湖南省,岳阳市', 430000, 191),
(430601, '市辖区', '湖南省,岳阳市,市辖区', 430600, 1847),
(430602, '岳阳楼区', '湖南省,岳阳市,岳阳楼区', 430600, 1848),
(430603, '云溪区', '湖南省,岳阳市,云溪区', 430600, 1849),
(430611, '君山区', '湖南省,岳阳市,君山区', 430600, 1850),
(430621, '岳阳县', '湖南省,岳阳市,岳阳县', 430600, 1851),
(430623, '华容县', '湖南省,岳阳市,华容县', 430600, 1852),
(430624, '湘阴县', '湖南省,岳阳市,湘阴县', 430600, 1853),
(430626, '平江县', '湖南省,岳阳市,平江县', 430600, 1854),
(430681, '汨罗市', '湖南省,岳阳市,汨罗市', 430600, 1855),
(430682, '临湘市', '湖南省,岳阳市,临湘市', 430600, 1856),
(430700, '常德市', '湖南省,常德市', 430000, 192),
(430701, '市辖区', '湖南省,常德市,市辖区', 430700, 1857),
(430702, '武陵区', '湖南省,常德市,武陵区', 430700, 1858),
(430703, '鼎城区', '湖南省,常德市,鼎城区', 430700, 1859),
(430721, '安乡县', '湖南省,常德市,安乡县', 430700, 1860),
(430722, '汉寿县', '湖南省,常德市,汉寿县', 430700, 1861),
(430723, '澧　县', '湖南省,常德市,澧　县', 430700, 1862),
(430724, '临澧县', '湖南省,常德市,临澧县', 430700, 1863),
(430725, '桃源县', '湖南省,常德市,桃源县', 430700, 1864),
(430726, '石门县', '湖南省,常德市,石门县', 430700, 1865),
(430781, '津市市', '湖南省,常德市,津市市', 430700, 1866),
(430800, '张家界市', '湖南省,张家界市', 430000, 193),
(430801, '市辖区', '湖南省,张家界市,市辖区', 430800, 1867),
(430802, '永定区', '湖南省,张家界市,永定区', 430800, 1868),
(430811, '武陵源区', '湖南省,张家界市,武陵源区', 430800, 1869),
(430821, '慈利县', '湖南省,张家界市,慈利县', 430800, 1870),
(430822, '桑植县', '湖南省,张家界市,桑植县', 430800, 1871),
(430900, '益阳市', '湖南省,益阳市', 430000, 194),
(430901, '市辖区', '湖南省,益阳市,市辖区', 430900, 1872),
(430902, '资阳区', '湖南省,益阳市,资阳区', 430900, 1873),
(430903, '赫山区', '湖南省,益阳市,赫山区', 430900, 1874),
(430921, '南　县', '湖南省,益阳市,南　县', 430900, 1875),
(430922, '桃江县', '湖南省,益阳市,桃江县', 430900, 1876),
(430923, '安化县', '湖南省,益阳市,安化县', 430900, 1877),
(430981, '沅江市', '湖南省,益阳市,沅江市', 430900, 1878),
(431000, '郴州市', '湖南省,郴州市', 430000, 195),
(431001, '市辖区', '湖南省,郴州市,市辖区', 431000, 1879),
(431002, '北湖区', '湖南省,郴州市,北湖区', 431000, 1880),
(431003, '苏仙区', '湖南省,郴州市,苏仙区', 431000, 1881),
(431021, '桂阳县', '湖南省,郴州市,桂阳县', 431000, 1882),
(431022, '宜章县', '湖南省,郴州市,宜章县', 431000, 1883),
(431023, '永兴县', '湖南省,郴州市,永兴县', 431000, 1884),
(431024, '嘉禾县', '湖南省,郴州市,嘉禾县', 431000, 1885),
(431025, '临武县', '湖南省,郴州市,临武县', 431000, 1886),
(431026, '汝城县', '湖南省,郴州市,汝城县', 431000, 1887),
(431027, '桂东县', '湖南省,郴州市,桂东县', 431000, 1888),
(431028, '安仁县', '湖南省,郴州市,安仁县', 431000, 1889),
(431081, '资兴市', '湖南省,郴州市,资兴市', 431000, 1890),
(431100, '永州市', '湖南省,永州市', 430000, 196),
(431101, '市辖区', '湖南省,永州市,市辖区', 431100, 1891),
(431102, '芝山区', '湖南省,永州市,芝山区', 431100, 1892),
(431103, '冷水滩区', '湖南省,永州市,冷水滩区', 431100, 1893),
(431121, '祁阳县', '湖南省,永州市,祁阳县', 431100, 1894),
(431122, '东安县', '湖南省,永州市,东安县', 431100, 1895),
(431123, '双牌县', '湖南省,永州市,双牌县', 431100, 1896),
(431124, '道　县', '湖南省,永州市,道　县', 431100, 1897),
(431125, '江永县', '湖南省,永州市,江永县', 431100, 1898),
(431126, '宁远县', '湖南省,永州市,宁远县', 431100, 1899),
(431127, '蓝山县', '湖南省,永州市,蓝山县', 431100, 1900),
(431128, '新田县', '湖南省,永州市,新田县', 431100, 1901),
(431129, '江华瑶族自治县', '湖南省,永州市,江华瑶族自治县', 431100, 1902),
(431200, '怀化市', '湖南省,怀化市', 430000, 197),
(431201, '市辖区', '湖南省,怀化市,市辖区', 431200, 1903),
(431202, '鹤城区', '湖南省,怀化市,鹤城区', 431200, 1904),
(431221, '中方县', '湖南省,怀化市,中方县', 431200, 1905),
(431222, '沅陵县', '湖南省,怀化市,沅陵县', 431200, 1906),
(431223, '辰溪县', '湖南省,怀化市,辰溪县', 431200, 1907),
(431224, '溆浦县', '湖南省,怀化市,溆浦县', 431200, 1908),
(431225, '会同县', '湖南省,怀化市,会同县', 431200, 1909),
(431226, '麻阳苗族自治县', '湖南省,怀化市,麻阳苗族自治县', 431200, 1910),
(431227, '新晃侗族自治县', '湖南省,怀化市,新晃侗族自治县', 431200, 1911),
(431228, '芷江侗族自治县', '湖南省,怀化市,芷江侗族自治县', 431200, 1912),
(431229, '靖州苗族侗族自治县', '湖南省,怀化市,靖州苗族侗族自治县', 431200, 1913),
(431230, '通道侗族自治县', '湖南省,怀化市,通道侗族自治县', 431200, 1914),
(431281, '洪江市', '湖南省,怀化市,洪江市', 431200, 1915),
(431300, '娄底市', '湖南省,娄底市', 430000, 198),
(431301, '市辖区', '湖南省,娄底市,市辖区', 431300, 1916),
(431302, '娄星区', '湖南省,娄底市,娄星区', 431300, 1917),
(431321, '双峰县', '湖南省,娄底市,双峰县', 431300, 1918),
(431322, '新化县', '湖南省,娄底市,新化县', 431300, 1919),
(431381, '冷水江市', '湖南省,娄底市,冷水江市', 431300, 1920),
(431382, '涟源市', '湖南省,娄底市,涟源市', 431300, 1921),
(433100, '湘西土家族苗族自治州', '湖南省,湘西土家族苗族自治州', 430000, 199),
(433101, '吉首市', '湖南省,湘西土家族苗族自治州,吉首市', 433100, 1922),
(433122, '泸溪县', '湖南省,湘西土家族苗族自治州,泸溪县', 433100, 1923),
(433123, '凤凰县', '湖南省,湘西土家族苗族自治州,凤凰县', 433100, 1924),
(433124, '花垣县', '湖南省,湘西土家族苗族自治州,花垣县', 433100, 1925),
(433125, '保靖县', '湖南省,湘西土家族苗族自治州,保靖县', 433100, 1926),
(433126, '古丈县', '湖南省,湘西土家族苗族自治州,古丈县', 433100, 1927),
(433127, '永顺县', '湖南省,湘西土家族苗族自治州,永顺县', 433100, 1928),
(433130, '龙山县', '湖南省,湘西土家族苗族自治州,龙山县', 433100, 1929),
(440000, '广东省', '广东省', 0, 6),
(440100, '广州市', '广东省,广州市', 440000, 200),
(440101, '市辖区', '广东省,广州市,市辖区', 440100, 1930),
(440102, '东山区', '广东省,广州市,东山区', 440100, 1931),
(440103, '荔湾区', '广东省,广州市,荔湾区', 440100, 1932),
(440104, '越秀区', '广东省,广州市,越秀区', 440100, 1933),
(440105, '海珠区', '广东省,广州市,海珠区', 440100, 1934),
(440106, '天河区', '广东省,广州市,天河区', 440100, 1935),
(440107, '芳村区', '广东省,广州市,芳村区', 440100, 1936),
(440111, '白云区', '广东省,广州市,白云区', 440100, 1937),
(440112, '黄埔区', '广东省,广州市,黄埔区', 440100, 1938),
(440113, '番禺区', '广东省,广州市,番禺区', 440100, 1939),
(440114, '花都区', '广东省,广州市,花都区', 440100, 1940),
(440183, '增城市', '广东省,广州市,增城市', 440100, 1941),
(440184, '从化市', '广东省,广州市,从化市', 440100, 1942),
(440200, '韶关市', '广东省,韶关市', 440000, 201),
(440201, '市辖区', '广东省,韶关市,市辖区', 440200, 1943),
(440203, '武江区', '广东省,韶关市,武江区', 440200, 1944),
(440204, '浈江区', '广东省,韶关市,浈江区', 440200, 1945),
(440205, '曲江区', '广东省,韶关市,曲江区', 440200, 1946),
(440222, '始兴县', '广东省,韶关市,始兴县', 440200, 1947),
(440224, '仁化县', '广东省,韶关市,仁化县', 440200, 1948),
(440229, '翁源县', '广东省,韶关市,翁源县', 440200, 1949),
(440232, '乳源瑶族自治县', '广东省,韶关市,乳源瑶族自治县', 440200, 1950),
(440233, '新丰县', '广东省,韶关市,新丰县', 440200, 1951),
(440281, '乐昌市', '广东省,韶关市,乐昌市', 440200, 1952),
(440282, '南雄市', '广东省,韶关市,南雄市', 440200, 1953),
(440300, '深圳市', '广东省,深圳市', 440000, 202),
(440301, '市辖区', '广东省,深圳市,市辖区', 440300, 1954),
(440303, '罗湖区', '广东省,深圳市,罗湖区', 440300, 1955),
(440304, '福田区', '广东省,深圳市,福田区', 440300, 1956),
(440305, '南山区', '广东省,深圳市,南山区', 440300, 1957),
(440306, '宝安区', '广东省,深圳市,宝安区', 440300, 1958),
(440307, '龙岗区', '广东省,深圳市,龙岗区', 440300, 1959),
(440308, '盐田区', '广东省,深圳市,盐田区', 440300, 1960),
(440400, '珠海市', '广东省,珠海市', 440000, 203);
INSERT INTO `jydp_areas` (`areaid`, `name`, `joinname`, `parentid`, `vieworder`) VALUES
(440401, '市辖区', '广东省,珠海市,市辖区', 440400, 1961),
(440402, '香洲区', '广东省,珠海市,香洲区', 440400, 1962),
(440403, '斗门区', '广东省,珠海市,斗门区', 440400, 1963),
(440404, '金湾区', '广东省,珠海市,金湾区', 440400, 1964),
(440500, '汕头市', '广东省,汕头市', 440000, 204),
(440501, '市辖区', '广东省,汕头市,市辖区', 440500, 1965),
(440507, '龙湖区', '广东省,汕头市,龙湖区', 440500, 1966),
(440511, '金平区', '广东省,汕头市,金平区', 440500, 1967),
(440512, '濠江区', '广东省,汕头市,濠江区', 440500, 1968),
(440513, '潮阳区', '广东省,汕头市,潮阳区', 440500, 1969),
(440514, '潮南区', '广东省,汕头市,潮南区', 440500, 1970),
(440515, '澄海区', '广东省,汕头市,澄海区', 440500, 1971),
(440523, '南澳县', '广东省,汕头市,南澳县', 440500, 1972),
(440600, '佛山市', '广东省,佛山市', 440000, 205),
(440601, '市辖区', '广东省,佛山市,市辖区', 440600, 1973),
(440604, '禅城区', '广东省,佛山市,禅城区', 440600, 1974),
(440605, '南海区', '广东省,佛山市,南海区', 440600, 1975),
(440606, '顺德区', '广东省,佛山市,顺德区', 440600, 1976),
(440607, '三水区', '广东省,佛山市,三水区', 440600, 1977),
(440608, '高明区', '广东省,佛山市,高明区', 440600, 1978),
(440700, '江门市', '广东省,江门市', 440000, 206),
(440701, '市辖区', '广东省,江门市,市辖区', 440700, 1979),
(440703, '蓬江区', '广东省,江门市,蓬江区', 440700, 1980),
(440704, '江海区', '广东省,江门市,江海区', 440700, 1981),
(440705, '新会区', '广东省,江门市,新会区', 440700, 1982),
(440781, '台山市', '广东省,江门市,台山市', 440700, 1983),
(440783, '开平市', '广东省,江门市,开平市', 440700, 1984),
(440784, '鹤山市', '广东省,江门市,鹤山市', 440700, 1985),
(440785, '恩平市', '广东省,江门市,恩平市', 440700, 1986),
(440800, '湛江市', '广东省,湛江市', 440000, 207),
(440801, '市辖区', '广东省,湛江市,市辖区', 440800, 1987),
(440802, '赤坎区', '广东省,湛江市,赤坎区', 440800, 1988),
(440803, '霞山区', '广东省,湛江市,霞山区', 440800, 1989),
(440804, '坡头区', '广东省,湛江市,坡头区', 440800, 1990),
(440811, '麻章区', '广东省,湛江市,麻章区', 440800, 1991),
(440823, '遂溪县', '广东省,湛江市,遂溪县', 440800, 1992),
(440825, '徐闻县', '广东省,湛江市,徐闻县', 440800, 1993),
(440881, '廉江市', '广东省,湛江市,廉江市', 440800, 1994),
(440882, '雷州市', '广东省,湛江市,雷州市', 440800, 1995),
(440883, '吴川市', '广东省,湛江市,吴川市', 440800, 1996),
(440900, '茂名市', '广东省,茂名市', 440000, 208),
(440901, '市辖区', '广东省,茂名市,市辖区', 440900, 1997),
(440902, '茂南区', '广东省,茂名市,茂南区', 440900, 1998),
(440903, '茂港区', '广东省,茂名市,茂港区', 440900, 1999),
(440923, '电白县', '广东省,茂名市,电白县', 440900, 2000),
(440981, '高州市', '广东省,茂名市,高州市', 440900, 2001),
(440982, '化州市', '广东省,茂名市,化州市', 440900, 2002),
(440983, '信宜市', '广东省,茂名市,信宜市', 440900, 2003),
(441200, '肇庆市', '广东省,肇庆市', 440000, 209),
(441201, '市辖区', '广东省,肇庆市,市辖区', 441200, 2004),
(441202, '端州区', '广东省,肇庆市,端州区', 441200, 2005),
(441203, '鼎湖区', '广东省,肇庆市,鼎湖区', 441200, 2006),
(441223, '广宁县', '广东省,肇庆市,广宁县', 441200, 2007),
(441224, '怀集县', '广东省,肇庆市,怀集县', 441200, 2008),
(441225, '封开县', '广东省,肇庆市,封开县', 441200, 2009),
(441226, '德庆县', '广东省,肇庆市,德庆县', 441200, 2010),
(441283, '高要市', '广东省,肇庆市,高要市', 441200, 2011),
(441284, '四会市', '广东省,肇庆市,四会市', 441200, 2012),
(441300, '惠州市', '广东省,惠州市', 440000, 210),
(441301, '市辖区', '广东省,惠州市,市辖区', 441300, 2013),
(441302, '惠城区', '广东省,惠州市,惠城区', 441300, 2014),
(441303, '惠阳区', '广东省,惠州市,惠阳区', 441300, 2015),
(441322, '博罗县', '广东省,惠州市,博罗县', 441300, 2016),
(441323, '惠东县', '广东省,惠州市,惠东县', 441300, 2017),
(441324, '龙门县', '广东省,惠州市,龙门县', 441300, 2018),
(441400, '梅州市', '广东省,梅州市', 440000, 211),
(441401, '市辖区', '广东省,梅州市,市辖区', 441400, 2019),
(441402, '梅江区', '广东省,梅州市,梅江区', 441400, 2020),
(441421, '梅　县', '广东省,梅州市,梅　县', 441400, 2021),
(441422, '大埔县', '广东省,梅州市,大埔县', 441400, 2022),
(441423, '丰顺县', '广东省,梅州市,丰顺县', 441400, 2023),
(441424, '五华县', '广东省,梅州市,五华县', 441400, 2024),
(441426, '平远县', '广东省,梅州市,平远县', 441400, 2025),
(441427, '蕉岭县', '广东省,梅州市,蕉岭县', 441400, 2026),
(441481, '兴宁市', '广东省,梅州市,兴宁市', 441400, 2027),
(441500, '汕尾市', '广东省,汕尾市', 440000, 212),
(441501, '市辖区', '广东省,汕尾市,市辖区', 441500, 2028),
(441502, '城　区', '广东省,汕尾市,城　区', 441500, 2029),
(441521, '海丰县', '广东省,汕尾市,海丰县', 441500, 2030),
(441523, '陆河县', '广东省,汕尾市,陆河县', 441500, 2031),
(441581, '陆丰市', '广东省,汕尾市,陆丰市', 441500, 2032),
(441600, '河源市', '广东省,河源市', 440000, 213),
(441601, '市辖区', '广东省,河源市,市辖区', 441600, 2033),
(441602, '源城区', '广东省,河源市,源城区', 441600, 2034),
(441621, '紫金县', '广东省,河源市,紫金县', 441600, 2035),
(441622, '龙川县', '广东省,河源市,龙川县', 441600, 2036),
(441623, '连平县', '广东省,河源市,连平县', 441600, 2037),
(441624, '和平县', '广东省,河源市,和平县', 441600, 2038),
(441625, '东源县', '广东省,河源市,东源县', 441600, 2039),
(441700, '阳江市', '广东省,阳江市', 440000, 214),
(441701, '市辖区', '广东省,阳江市,市辖区', 441700, 2040),
(441702, '江城区', '广东省,阳江市,江城区', 441700, 2041),
(441721, '阳西县', '广东省,阳江市,阳西县', 441700, 2042),
(441723, '阳东县', '广东省,阳江市,阳东县', 441700, 2043),
(441781, '阳春市', '广东省,阳江市,阳春市', 441700, 2044),
(441800, '清远市', '广东省,清远市', 440000, 215),
(441801, '市辖区', '广东省,清远市,市辖区', 441800, 2045),
(441802, '清城区', '广东省,清远市,清城区', 441800, 2046),
(441821, '佛冈县', '广东省,清远市,佛冈县', 441800, 2047),
(441823, '阳山县', '广东省,清远市,阳山县', 441800, 2048),
(441825, '连山壮族瑶族自治县', '广东省,清远市,连山壮族瑶族自治县', 441800, 2049),
(441826, '连南瑶族自治县', '广东省,清远市,连南瑶族自治县', 441800, 2050),
(441827, '清新县', '广东省,清远市,清新县', 441800, 2051),
(441881, '英德市', '广东省,清远市,英德市', 441800, 2052),
(441882, '连州市', '广东省,清远市,连州市', 441800, 2053),
(441900, '东莞市', '广东省,东莞市', 440000, 216),
(442000, '中山市', '广东省,中山市', 440000, 217),
(445100, '潮州市', '广东省,潮州市', 440000, 218),
(445101, '市辖区', '广东省,潮州市,市辖区', 445100, 2054),
(445102, '湘桥区', '广东省,潮州市,湘桥区', 445100, 2055),
(445121, '潮安县', '广东省,潮州市,潮安县', 445100, 2056),
(445122, '饶平县', '广东省,潮州市,饶平县', 445100, 2057),
(445200, '揭阳市', '广东省,揭阳市', 440000, 219),
(445201, '市辖区', '广东省,揭阳市,市辖区', 445200, 2058),
(445202, '榕城区', '广东省,揭阳市,榕城区', 445200, 2059),
(445221, '揭东县', '广东省,揭阳市,揭东县', 445200, 2060),
(445222, '揭西县', '广东省,揭阳市,揭西县', 445200, 2061),
(445224, '惠来县', '广东省,揭阳市,惠来县', 445200, 2062),
(445281, '普宁市', '广东省,揭阳市,普宁市', 445200, 2063),
(445300, '云浮市', '广东省,云浮市', 440000, 220),
(445301, '市辖区', '广东省,云浮市,市辖区', 445300, 2064),
(445302, '云城区', '广东省,云浮市,云城区', 445300, 2065),
(445321, '新兴县', '广东省,云浮市,新兴县', 445300, 2066),
(445322, '郁南县', '广东省,云浮市,郁南县', 445300, 2067),
(445323, '云安县', '广东省,云浮市,云安县', 445300, 2068),
(445381, '罗定市', '广东省,云浮市,罗定市', 445300, 2069),
(450000, '广西壮族自治区', '广西壮族自治区', 0, 7),
(450100, '南宁市', '广西壮族自治区,南宁市', 450000, 221),
(450101, '市辖区', '广西壮族自治区,南宁市,市辖区', 450100, 2070),
(450102, '兴宁区', '广西壮族自治区,南宁市,兴宁区', 450100, 2071),
(450103, '青秀区', '广西壮族自治区,南宁市,青秀区', 450100, 2072),
(450105, '江南区', '广西壮族自治区,南宁市,江南区', 450100, 2073),
(450107, '西乡塘区', '广西壮族自治区,南宁市,西乡塘区', 450100, 2074),
(450108, '良庆区', '广西壮族自治区,南宁市,良庆区', 450100, 2075),
(450109, '邕宁区', '广西壮族自治区,南宁市,邕宁区', 450100, 2076),
(450122, '武鸣县', '广西壮族自治区,南宁市,武鸣县', 450100, 2077),
(450123, '隆安县', '广西壮族自治区,南宁市,隆安县', 450100, 2078),
(450124, '马山县', '广西壮族自治区,南宁市,马山县', 450100, 2079),
(450125, '上林县', '广西壮族自治区,南宁市,上林县', 450100, 2080),
(450126, '宾阳县', '广西壮族自治区,南宁市,宾阳县', 450100, 2081),
(450127, '横　县', '广西壮族自治区,南宁市,横　县', 450100, 2082),
(450200, '柳州市', '广西壮族自治区,柳州市', 450000, 222),
(450201, '市辖区', '广西壮族自治区,柳州市,市辖区', 450200, 2083),
(450202, '城中区', '广西壮族自治区,柳州市,城中区', 450200, 2084),
(450203, '鱼峰区', '广西壮族自治区,柳州市,鱼峰区', 450200, 2085),
(450204, '柳南区', '广西壮族自治区,柳州市,柳南区', 450200, 2086),
(450205, '柳北区', '广西壮族自治区,柳州市,柳北区', 450200, 2087),
(450221, '柳江县', '广西壮族自治区,柳州市,柳江县', 450200, 2088),
(450222, '柳城县', '广西壮族自治区,柳州市,柳城县', 450200, 2089),
(450223, '鹿寨县', '广西壮族自治区,柳州市,鹿寨县', 450200, 2090),
(450224, '融安县', '广西壮族自治区,柳州市,融安县', 450200, 2091),
(450225, '融水苗族自治县', '广西壮族自治区,柳州市,融水苗族自治县', 450200, 2092),
(450226, '三江侗族自治县', '广西壮族自治区,柳州市,三江侗族自治县', 450200, 2093),
(450300, '桂林市', '广西壮族自治区,桂林市', 450000, 223),
(450301, '市辖区', '广西壮族自治区,桂林市,市辖区', 450300, 2094),
(450302, '秀峰区', '广西壮族自治区,桂林市,秀峰区', 450300, 2095),
(450303, '叠彩区', '广西壮族自治区,桂林市,叠彩区', 450300, 2096),
(450304, '象山区', '广西壮族自治区,桂林市,象山区', 450300, 2097),
(450305, '七星区', '广西壮族自治区,桂林市,七星区', 450300, 2098),
(450311, '雁山区', '广西壮族自治区,桂林市,雁山区', 450300, 2099),
(450321, '阳朔县', '广西壮族自治区,桂林市,阳朔县', 450300, 2100),
(450322, '临桂县', '广西壮族自治区,桂林市,临桂县', 450300, 2101),
(450323, '灵川县', '广西壮族自治区,桂林市,灵川县', 450300, 2102),
(450324, '全州县', '广西壮族自治区,桂林市,全州县', 450300, 2103),
(450325, '兴安县', '广西壮族自治区,桂林市,兴安县', 450300, 2104),
(450326, '永福县', '广西壮族自治区,桂林市,永福县', 450300, 2105),
(450327, '灌阳县', '广西壮族自治区,桂林市,灌阳县', 450300, 2106),
(450328, '龙胜各族自治县', '广西壮族自治区,桂林市,龙胜各族自治县', 450300, 2107),
(450329, '资源县', '广西壮族自治区,桂林市,资源县', 450300, 2108),
(450330, '平乐县', '广西壮族自治区,桂林市,平乐县', 450300, 2109),
(450331, '荔蒲县', '广西壮族自治区,桂林市,荔蒲县', 450300, 2110),
(450332, '恭城瑶族自治县', '广西壮族自治区,桂林市,恭城瑶族自治县', 450300, 2111),
(450400, '梧州市', '广西壮族自治区,梧州市', 450000, 224),
(450401, '市辖区', '广西壮族自治区,梧州市,市辖区', 450400, 2112),
(450403, '万秀区', '广西壮族自治区,梧州市,万秀区', 450400, 2113),
(450404, '蝶山区', '广西壮族自治区,梧州市,蝶山区', 450400, 2114),
(450405, '长洲区', '广西壮族自治区,梧州市,长洲区', 450400, 2115),
(450421, '苍梧县', '广西壮族自治区,梧州市,苍梧县', 450400, 2116),
(450422, '藤　县', '广西壮族自治区,梧州市,藤　县', 450400, 2117),
(450423, '蒙山县', '广西壮族自治区,梧州市,蒙山县', 450400, 2118),
(450481, '岑溪市', '广西壮族自治区,梧州市,岑溪市', 450400, 2119),
(450500, '北海市', '广西壮族自治区,北海市', 450000, 225),
(450501, '市辖区', '广西壮族自治区,北海市,市辖区', 450500, 2120),
(450502, '海城区', '广西壮族自治区,北海市,海城区', 450500, 2121),
(450503, '银海区', '广西壮族自治区,北海市,银海区', 450500, 2122),
(450512, '铁山港区', '广西壮族自治区,北海市,铁山港区', 450500, 2123),
(450521, '合浦县', '广西壮族自治区,北海市,合浦县', 450500, 2124),
(450600, '防城港市', '广西壮族自治区,防城港市', 450000, 226),
(450601, '市辖区', '广西壮族自治区,防城港市,市辖区', 450600, 2125),
(450602, '港口区', '广西壮族自治区,防城港市,港口区', 450600, 2126),
(450603, '防城区', '广西壮族自治区,防城港市,防城区', 450600, 2127),
(450621, '上思县', '广西壮族自治区,防城港市,上思县', 450600, 2128),
(450681, '东兴市', '广西壮族自治区,防城港市,东兴市', 450600, 2129),
(450700, '钦州市', '广西壮族自治区,钦州市', 450000, 227),
(450701, '市辖区', '广西壮族自治区,钦州市,市辖区', 450700, 2130),
(450702, '钦南区', '广西壮族自治区,钦州市,钦南区', 450700, 2131),
(450703, '钦北区', '广西壮族自治区,钦州市,钦北区', 450700, 2132),
(450721, '灵山县', '广西壮族自治区,钦州市,灵山县', 450700, 2133),
(450722, '浦北县', '广西壮族自治区,钦州市,浦北县', 450700, 2134),
(450800, '贵港市', '广西壮族自治区,贵港市', 450000, 228),
(450801, '市辖区', '广西壮族自治区,贵港市,市辖区', 450800, 2135),
(450802, '港北区', '广西壮族自治区,贵港市,港北区', 450800, 2136),
(450803, '港南区', '广西壮族自治区,贵港市,港南区', 450800, 2137),
(450804, '覃塘区', '广西壮族自治区,贵港市,覃塘区', 450800, 2138),
(450821, '平南县', '广西壮族自治区,贵港市,平南县', 450800, 2139),
(450881, '桂平市', '广西壮族自治区,贵港市,桂平市', 450800, 2140),
(450900, '玉林市', '广西壮族自治区,玉林市', 450000, 229),
(450901, '市辖区', '广西壮族自治区,玉林市,市辖区', 450900, 2141),
(450902, '玉州区', '广西壮族自治区,玉林市,玉州区', 450900, 2142),
(450921, '容　县', '广西壮族自治区,玉林市,容　县', 450900, 2143),
(450922, '陆川县', '广西壮族自治区,玉林市,陆川县', 450900, 2144),
(450923, '博白县', '广西壮族自治区,玉林市,博白县', 450900, 2145),
(450924, '兴业县', '广西壮族自治区,玉林市,兴业县', 450900, 2146),
(450981, '北流市', '广西壮族自治区,玉林市,北流市', 450900, 2147),
(451000, '百色市', '广西壮族自治区,百色市', 450000, 230),
(451001, '市辖区', '广西壮族自治区,百色市,市辖区', 451000, 2148),
(451002, '右江区', '广西壮族自治区,百色市,右江区', 451000, 2149),
(451021, '田阳县', '广西壮族自治区,百色市,田阳县', 451000, 2150),
(451022, '田东县', '广西壮族自治区,百色市,田东县', 451000, 2151),
(451023, '平果县', '广西壮族自治区,百色市,平果县', 451000, 2152),
(451024, '德保县', '广西壮族自治区,百色市,德保县', 451000, 2153),
(451025, '靖西县', '广西壮族自治区,百色市,靖西县', 451000, 2154),
(451026, '那坡县', '广西壮族自治区,百色市,那坡县', 451000, 2155),
(451027, '凌云县', '广西壮族自治区,百色市,凌云县', 451000, 2156),
(451028, '乐业县', '广西壮族自治区,百色市,乐业县', 451000, 2157),
(451029, '田林县', '广西壮族自治区,百色市,田林县', 451000, 2158),
(451030, '西林县', '广西壮族自治区,百色市,西林县', 451000, 2159),
(451031, '隆林各族自治县', '广西壮族自治区,百色市,隆林各族自治县', 451000, 2160),
(451100, '贺州市', '广西壮族自治区,贺州市', 450000, 231),
(451101, '市辖区', '广西壮族自治区,贺州市,市辖区', 451100, 2161),
(451102, '八步区', '广西壮族自治区,贺州市,八步区', 451100, 2162),
(451121, '昭平县', '广西壮族自治区,贺州市,昭平县', 451100, 2163),
(451122, '钟山县', '广西壮族自治区,贺州市,钟山县', 451100, 2164),
(451123, '富川瑶族自治县', '广西壮族自治区,贺州市,富川瑶族自治县', 451100, 2165),
(451200, '河池市', '广西壮族自治区,河池市', 450000, 232),
(451201, '市辖区', '广西壮族自治区,河池市,市辖区', 451200, 2166),
(451202, '金城江区', '广西壮族自治区,河池市,金城江区', 451200, 2167),
(451221, '南丹县', '广西壮族自治区,河池市,南丹县', 451200, 2168),
(451222, '天峨县', '广西壮族自治区,河池市,天峨县', 451200, 2169),
(451223, '凤山县', '广西壮族自治区,河池市,凤山县', 451200, 2170),
(451224, '东兰县', '广西壮族自治区,河池市,东兰县', 451200, 2171),
(451225, '罗城仫佬族自治县', '广西壮族自治区,河池市,罗城仫佬族自治县', 451200, 2172),
(451226, '环江毛南族自治县', '广西壮族自治区,河池市,环江毛南族自治县', 451200, 2173),
(451227, '巴马瑶族自治县', '广西壮族自治区,河池市,巴马瑶族自治县', 451200, 2174),
(451228, '都安瑶族自治县', '广西壮族自治区,河池市,都安瑶族自治县', 451200, 2175),
(451229, '大化瑶族自治县', '广西壮族自治区,河池市,大化瑶族自治县', 451200, 2176),
(451281, '宜州市', '广西壮族自治区,河池市,宜州市', 451200, 2177),
(451300, '来宾市', '广西壮族自治区,来宾市', 450000, 233),
(451301, '市辖区', '广西壮族自治区,来宾市,市辖区', 451300, 2178),
(451302, '兴宾区', '广西壮族自治区,来宾市,兴宾区', 451300, 2179),
(451321, '忻城县', '广西壮族自治区,来宾市,忻城县', 451300, 2180),
(451322, '象州县', '广西壮族自治区,来宾市,象州县', 451300, 2181),
(451323, '武宣县', '广西壮族自治区,来宾市,武宣县', 451300, 2182),
(451324, '金秀瑶族自治县', '广西壮族自治区,来宾市,金秀瑶族自治县', 451300, 2183),
(451381, '合山市', '广西壮族自治区,来宾市,合山市', 451300, 2184),
(451400, '崇左市', '广西壮族自治区,崇左市', 450000, 234),
(451401, '市辖区', '广西壮族自治区,崇左市,市辖区', 451400, 2185),
(451402, '江洲区', '广西壮族自治区,崇左市,江洲区', 451400, 2186),
(451421, '扶绥县', '广西壮族自治区,崇左市,扶绥县', 451400, 2187),
(451422, '宁明县', '广西壮族自治区,崇左市,宁明县', 451400, 2188),
(451423, '龙州县', '广西壮族自治区,崇左市,龙州县', 451400, 2189),
(451424, '大新县', '广西壮族自治区,崇左市,大新县', 451400, 2190),
(451425, '天等县', '广西壮族自治区,崇左市,天等县', 451400, 2191),
(451481, '凭祥市', '广西壮族自治区,崇左市,凭祥市', 451400, 2192),
(460000, '海南省', '海南省', 0, 14),
(460100, '海口市', '海南省,省直辖县级行政单位,海口市', 469000, 235),
(460200, '三亚市', '海南省,省直辖县级行政单位,三亚市', 469000, 236),
(469000, '省直辖县级行政单位', '海南省,省直辖县级行政单位', 460000, 237),
(469001, '五指山市', '海南省,省直辖县级行政单位,五指山市', 469000, 2199),
(469002, '琼海市', '海南省,省直辖县级行政单位,琼海市', 469000, 2200),
(469003, '儋州市', '海南省,省直辖县级行政单位,儋州市', 469000, 2201),
(469005, '文昌市', '海南省,省直辖县级行政单位,文昌市', 469000, 2202),
(469006, '万宁市', '海南省,省直辖县级行政单位,万宁市', 469000, 2203),
(469007, '东方市', '海南省,省直辖县级行政单位,东方市', 469000, 2204),
(469025, '定安县', '海南省,省直辖县级行政单位,定安县', 469000, 2205),
(469026, '屯昌县', '海南省,省直辖县级行政单位,屯昌县', 469000, 2206),
(469027, '澄迈县', '海南省,省直辖县级行政单位,澄迈县', 469000, 2207),
(469028, '临高县', '海南省,省直辖县级行政单位,临高县', 469000, 2208),
(469030, '白沙黎族自治县', '海南省,省直辖县级行政单位,白沙黎族自治县', 469000, 2209),
(469031, '昌江黎族自治县', '海南省,省直辖县级行政单位,昌江黎族自治县', 469000, 2210),
(469033, '乐东黎族自治县', '海南省,省直辖县级行政单位,乐东黎族自治县', 469000, 2211),
(469034, '陵水黎族自治县', '海南省,省直辖县级行政单位,陵水黎族自治县', 469000, 2212),
(469035, '保亭黎族苗族自治县', '海南省,省直辖县级行政单位,保亭黎族苗族自治县', 469000, 2213),
(469036, '琼中黎族苗族自治县', '海南省,省直辖县级行政单位,琼中黎族苗族自治县', 469000, 2214),
(469037, '西沙群岛', '海南省,省直辖县级行政单位,西沙群岛', 469000, 2215),
(469038, '南沙群岛', '海南省,省直辖县级行政单位,南沙群岛', 469000, 2216),
(469039, '中沙群岛的岛礁及其海域', '海南省,省直辖县级行政单位,中沙群岛的岛礁及其海域', 469000, 2217),
(500000, '重庆市', '重庆市', 0, 4),
(500100, '市辖区', '重庆市,市辖区', 500000, 238),
(500101, '万州区', '重庆市,市辖区,万州区', 500100, 2218),
(500102, '涪陵区', '重庆市,市辖区,涪陵区', 500100, 2219),
(500103, '渝中区', '重庆市,市辖区,渝中区', 500100, 2220),
(500104, '大渡口区', '重庆市,市辖区,大渡口区', 500100, 2221),
(500105, '江北区', '重庆市,市辖区,江北区', 500100, 2222),
(500106, '沙坪坝区', '重庆市,市辖区,沙坪坝区', 500100, 2223),
(500107, '九龙坡区', '重庆市,市辖区,九龙坡区', 500100, 2224),
(500108, '南岸区', '重庆市,市辖区,南岸区', 500100, 2225),
(500109, '北碚区', '重庆市,市辖区,北碚区', 500100, 2226),
(500110, '万盛区', '重庆市,市辖区,万盛区', 500100, 2227),
(500111, '双桥区', '重庆市,市辖区,双桥区', 500100, 2228),
(500112, '渝北区', '重庆市,市辖区,渝北区', 500100, 2229),
(500113, '巴南区', '重庆市,市辖区,巴南区', 500100, 2230),
(500114, '黔江区', '重庆市,市辖区,黔江区', 500100, 2231),
(500115, '长寿区', '重庆市,市辖区,长寿区', 500100, 2232),
(500200, '县', '重庆市,县', 500000, 239),
(500222, '綦江县', '重庆市,县,綦江县', 500200, 2233),
(500223, '潼南县', '重庆市,县,潼南县', 500200, 2234),
(500224, '铜梁县', '重庆市,县,铜梁县', 500200, 2235),
(500225, '大足县', '重庆市,县,大足县', 500200, 2236),
(500226, '荣昌县', '重庆市,县,荣昌县', 500200, 2237),
(500227, '璧山县', '重庆市,县,璧山县', 500200, 2238),
(500228, '梁平县', '重庆市,县,梁平县', 500200, 2239),
(500229, '城口县', '重庆市,县,城口县', 500200, 2240),
(500230, '丰都县', '重庆市,县,丰都县', 500200, 2241),
(500231, '垫江县', '重庆市,县,垫江县', 500200, 2242),
(500232, '武隆县', '重庆市,县,武隆县', 500200, 2243),
(500233, '忠　县', '重庆市,县,忠　县', 500200, 2244),
(500234, '开　县', '重庆市,县,开　县', 500200, 2245),
(500235, '云阳县', '重庆市,县,云阳县', 500200, 2246),
(500236, '奉节县', '重庆市,县,奉节县', 500200, 2247),
(500237, '巫山县', '重庆市,县,巫山县', 500200, 2248),
(500238, '巫溪县', '重庆市,县,巫溪县', 500200, 2249),
(500240, '石柱土家族自治县', '重庆市,县,石柱土家族自治县', 500200, 2250),
(500241, '秀山土家族苗族自治县', '重庆市,县,秀山土家族苗族自治县', 500200, 2251),
(500242, '酉阳土家族苗族自治县', '重庆市,县,酉阳土家族苗族自治县', 500200, 2252),
(500243, '彭水苗族土家族自治县', '重庆市,县,彭水苗族土家族自治县', 500200, 2253),
(500300, '市', '重庆市,市', 500000, 240),
(500381, '江津市', '重庆市,市,江津市', 500300, 2254),
(500382, '合川市', '重庆市,市,合川市', 500300, 2255),
(500383, '永川市', '重庆市,市,永川市', 500300, 2256),
(500384, '南川市', '重庆市,市,南川市', 500300, 2257),
(510000, '四川省', '四川省', 0, 26),
(510100, '成都市', '四川省,成都市', 510000, 241),
(510101, '市辖区', '四川省,成都市,市辖区', 510100, 2258),
(510104, '锦江区', '四川省,成都市,锦江区', 510100, 2259),
(510105, '青羊区', '四川省,成都市,青羊区', 510100, 2260),
(510106, '金牛区', '四川省,成都市,金牛区', 510100, 2261),
(510107, '武侯区', '四川省,成都市,武侯区', 510100, 2262),
(510108, '成华区', '四川省,成都市,成华区', 510100, 2263),
(510112, '龙泉驿区', '四川省,成都市,龙泉驿区', 510100, 2264),
(510113, '青白江区', '四川省,成都市,青白江区', 510100, 2265),
(510114, '新都区', '四川省,成都市,新都区', 510100, 2266),
(510115, '温江区', '四川省,成都市,温江区', 510100, 2267),
(510121, '金堂县', '四川省,成都市,金堂县', 510100, 2268),
(510122, '双流县', '四川省,成都市,双流县', 510100, 2269),
(510124, '郫　县', '四川省,成都市,郫　县', 510100, 2270),
(510129, '大邑县', '四川省,成都市,大邑县', 510100, 2271),
(510131, '蒲江县', '四川省,成都市,蒲江县', 510100, 2272),
(510132, '新津县', '四川省,成都市,新津县', 510100, 2273),
(510181, '都江堰市', '四川省,成都市,都江堰市', 510100, 2274),
(510182, '彭州市', '四川省,成都市,彭州市', 510100, 2275),
(510183, '邛崃市', '四川省,成都市,邛崃市', 510100, 2276),
(510184, '崇州市', '四川省,成都市,崇州市', 510100, 2277),
(510300, '自贡市', '四川省,自贡市', 510000, 242),
(510301, '市辖区', '四川省,自贡市,市辖区', 510300, 2278),
(510302, '自流井区', '四川省,自贡市,自流井区', 510300, 2279),
(510303, '贡井区', '四川省,自贡市,贡井区', 510300, 2280),
(510304, '大安区', '四川省,自贡市,大安区', 510300, 2281),
(510311, '沿滩区', '四川省,自贡市,沿滩区', 510300, 2282),
(510321, '荣　县', '四川省,自贡市,荣　县', 510300, 2283),
(510322, '富顺县', '四川省,自贡市,富顺县', 510300, 2284),
(510400, '攀枝花市', '四川省,攀枝花市', 510000, 243),
(510401, '市辖区', '四川省,攀枝花市,市辖区', 510400, 2285),
(510402, '东　区', '四川省,攀枝花市,东　区', 510400, 2286),
(510403, '西　区', '四川省,攀枝花市,西　区', 510400, 2287),
(510411, '仁和区', '四川省,攀枝花市,仁和区', 510400, 2288),
(510421, '米易县', '四川省,攀枝花市,米易县', 510400, 2289),
(510422, '盐边县', '四川省,攀枝花市,盐边县', 510400, 2290),
(510500, '泸州市', '四川省,泸州市', 510000, 244),
(510501, '市辖区', '四川省,泸州市,市辖区', 510500, 2291),
(510502, '江阳区', '四川省,泸州市,江阳区', 510500, 2292),
(510503, '纳溪区', '四川省,泸州市,纳溪区', 510500, 2293),
(510504, '龙马潭区', '四川省,泸州市,龙马潭区', 510500, 2294),
(510521, '泸　县', '四川省,泸州市,泸　县', 510500, 2295),
(510522, '合江县', '四川省,泸州市,合江县', 510500, 2296),
(510524, '叙永县', '四川省,泸州市,叙永县', 510500, 2297),
(510525, '古蔺县', '四川省,泸州市,古蔺县', 510500, 2298),
(510600, '德阳市', '四川省,德阳市', 510000, 245),
(510601, '市辖区', '四川省,德阳市,市辖区', 510600, 2299),
(510603, '旌阳区', '四川省,德阳市,旌阳区', 510600, 2300),
(510623, '中江县', '四川省,德阳市,中江县', 510600, 2301),
(510626, '罗江县', '四川省,德阳市,罗江县', 510600, 2302),
(510681, '广汉市', '四川省,德阳市,广汉市', 510600, 2303),
(510682, '什邡市', '四川省,德阳市,什邡市', 510600, 2304),
(510683, '绵竹市', '四川省,德阳市,绵竹市', 510600, 2305),
(510700, '绵阳市', '四川省,绵阳市', 510000, 246),
(510701, '市辖区', '四川省,绵阳市,市辖区', 510700, 2306),
(510703, '涪城区', '四川省,绵阳市,涪城区', 510700, 2307),
(510704, '游仙区', '四川省,绵阳市,游仙区', 510700, 2308),
(510722, '三台县', '四川省,绵阳市,三台县', 510700, 2309),
(510723, '盐亭县', '四川省,绵阳市,盐亭县', 510700, 2310),
(510724, '安　县', '四川省,绵阳市,安　县', 510700, 2311),
(510725, '梓潼县', '四川省,绵阳市,梓潼县', 510700, 2312),
(510726, '北川羌族自治县', '四川省,绵阳市,北川羌族自治县', 510700, 2313),
(510727, '平武县', '四川省,绵阳市,平武县', 510700, 2314),
(510781, '江油市', '四川省,绵阳市,江油市', 510700, 2315),
(510800, '广元市', '四川省,广元市', 510000, 247),
(510801, '市辖区', '四川省,广元市,市辖区', 510800, 2316),
(510802, '市中区', '四川省,广元市,市中区', 510800, 2317),
(510811, '元坝区', '四川省,广元市,元坝区', 510800, 2318),
(510812, '朝天区', '四川省,广元市,朝天区', 510800, 2319),
(510821, '旺苍县', '四川省,广元市,旺苍县', 510800, 2320),
(510822, '青川县', '四川省,广元市,青川县', 510800, 2321),
(510823, '剑阁县', '四川省,广元市,剑阁县', 510800, 2322),
(510824, '苍溪县', '四川省,广元市,苍溪县', 510800, 2323),
(510900, '遂宁市', '四川省,遂宁市', 510000, 248),
(510901, '市辖区', '四川省,遂宁市,市辖区', 510900, 2324),
(510903, '船山区', '四川省,遂宁市,船山区', 510900, 2325),
(510904, '安居区', '四川省,遂宁市,安居区', 510900, 2326),
(510921, '蓬溪县', '四川省,遂宁市,蓬溪县', 510900, 2327),
(510922, '射洪县', '四川省,遂宁市,射洪县', 510900, 2328),
(510923, '大英县', '四川省,遂宁市,大英县', 510900, 2329),
(511000, '内江市', '四川省,内江市', 510000, 249),
(511001, '市辖区', '四川省,内江市,市辖区', 511000, 2330),
(511002, '市中区', '四川省,内江市,市中区', 511000, 2331),
(511011, '东兴区', '四川省,内江市,东兴区', 511000, 2332),
(511024, '威远县', '四川省,内江市,威远县', 511000, 2333),
(511025, '资中县', '四川省,内江市,资中县', 511000, 2334),
(511028, '隆昌县', '四川省,内江市,隆昌县', 511000, 2335),
(511100, '乐山市', '四川省,乐山市', 510000, 250),
(511101, '市辖区', '四川省,乐山市,市辖区', 511100, 2336),
(511102, '市中区', '四川省,乐山市,市中区', 511100, 2337),
(511111, '沙湾区', '四川省,乐山市,沙湾区', 511100, 2338),
(511112, '五通桥区', '四川省,乐山市,五通桥区', 511100, 2339),
(511113, '金口河区', '四川省,乐山市,金口河区', 511100, 2340),
(511123, '犍为县', '四川省,乐山市,犍为县', 511100, 2341),
(511124, '井研县', '四川省,乐山市,井研县', 511100, 2342),
(511126, '夹江县', '四川省,乐山市,夹江县', 511100, 2343),
(511129, '沐川县', '四川省,乐山市,沐川县', 511100, 2344),
(511132, '峨边彝族自治县', '四川省,乐山市,峨边彝族自治县', 511100, 2345),
(511133, '马边彝族自治县', '四川省,乐山市,马边彝族自治县', 511100, 2346),
(511181, '峨眉山市', '四川省,乐山市,峨眉山市', 511100, 2347),
(511300, '南充市', '四川省,南充市', 510000, 251),
(511301, '市辖区', '四川省,南充市,市辖区', 511300, 2348),
(511302, '顺庆区', '四川省,南充市,顺庆区', 511300, 2349),
(511303, '高坪区', '四川省,南充市,高坪区', 511300, 2350),
(511304, '嘉陵区', '四川省,南充市,嘉陵区', 511300, 2351),
(511321, '南部县', '四川省,南充市,南部县', 511300, 2352),
(511322, '营山县', '四川省,南充市,营山县', 511300, 2353),
(511323, '蓬安县', '四川省,南充市,蓬安县', 511300, 2354),
(511324, '仪陇县', '四川省,南充市,仪陇县', 511300, 2355),
(511325, '西充县', '四川省,南充市,西充县', 511300, 2356),
(511381, '阆中市', '四川省,南充市,阆中市', 511300, 2357),
(511400, '眉山市', '四川省,眉山市', 510000, 252),
(511401, '市辖区', '四川省,眉山市,市辖区', 511400, 2358),
(511402, '东坡区', '四川省,眉山市,东坡区', 511400, 2359),
(511421, '仁寿县', '四川省,眉山市,仁寿县', 511400, 2360),
(511422, '彭山县', '四川省,眉山市,彭山县', 511400, 2361),
(511423, '洪雅县', '四川省,眉山市,洪雅县', 511400, 2362),
(511424, '丹棱县', '四川省,眉山市,丹棱县', 511400, 2363),
(511425, '青神县', '四川省,眉山市,青神县', 511400, 2364),
(511500, '宜宾市', '四川省,宜宾市', 510000, 253),
(511501, '市辖区', '四川省,宜宾市,市辖区', 511500, 2365),
(511502, '翠屏区', '四川省,宜宾市,翠屏区', 511500, 2366),
(511521, '宜宾县', '四川省,宜宾市,宜宾县', 511500, 2367),
(511522, '南溪县', '四川省,宜宾市,南溪县', 511500, 2368),
(511523, '江安县', '四川省,宜宾市,江安县', 511500, 2369),
(511524, '长宁县', '四川省,宜宾市,长宁县', 511500, 2370),
(511525, '高　县', '四川省,宜宾市,高　县', 511500, 2371),
(511526, '珙　县', '四川省,宜宾市,珙　县', 511500, 2372),
(511527, '筠连县', '四川省,宜宾市,筠连县', 511500, 2373),
(511528, '兴文县', '四川省,宜宾市,兴文县', 511500, 2374),
(511529, '屏山县', '四川省,宜宾市,屏山县', 511500, 2375),
(511600, '广安市', '四川省,广安市', 510000, 254),
(511601, '市辖区', '四川省,广安市,市辖区', 511600, 2376),
(511602, '广安区', '四川省,广安市,广安区', 511600, 2377),
(511621, '岳池县', '四川省,广安市,岳池县', 511600, 2378),
(511622, '武胜县', '四川省,广安市,武胜县', 511600, 2379),
(511623, '邻水县', '四川省,广安市,邻水县', 511600, 2380),
(511681, '华莹市', '四川省,广安市,华莹市', 511600, 2381),
(511700, '达州市', '四川省,达州市', 510000, 255),
(511701, '市辖区', '四川省,达州市,市辖区', 511700, 2382),
(511702, '通川区', '四川省,达州市,通川区', 511700, 2383),
(511721, '达　县', '四川省,达州市,达　县', 511700, 2384),
(511722, '宣汉县', '四川省,达州市,宣汉县', 511700, 2385),
(511723, '开江县', '四川省,达州市,开江县', 511700, 2386),
(511724, '大竹县', '四川省,达州市,大竹县', 511700, 2387),
(511725, '渠　县', '四川省,达州市,渠　县', 511700, 2388),
(511781, '万源市', '四川省,达州市,万源市', 511700, 2389),
(511800, '雅安市', '四川省,雅安市', 510000, 256),
(511801, '市辖区', '四川省,雅安市,市辖区', 511800, 2390),
(511802, '雨城区', '四川省,雅安市,雨城区', 511800, 2391),
(511821, '名山县', '四川省,雅安市,名山县', 511800, 2392),
(511822, '荥经县', '四川省,雅安市,荥经县', 511800, 2393),
(511823, '汉源县', '四川省,雅安市,汉源县', 511800, 2394),
(511824, '石棉县', '四川省,雅安市,石棉县', 511800, 2395),
(511825, '天全县', '四川省,雅安市,天全县', 511800, 2396),
(511826, '芦山县', '四川省,雅安市,芦山县', 511800, 2397),
(511827, '宝兴县', '四川省,雅安市,宝兴县', 511800, 2398),
(511900, '巴中市', '四川省,巴中市', 510000, 257),
(511901, '市辖区', '四川省,巴中市,市辖区', 511900, 2399),
(511902, '巴州区', '四川省,巴中市,巴州区', 511900, 2400),
(511921, '通江县', '四川省,巴中市,通江县', 511900, 2401),
(511922, '南江县', '四川省,巴中市,南江县', 511900, 2402),
(511923, '平昌县', '四川省,巴中市,平昌县', 511900, 2403),
(512000, '资阳市', '四川省,资阳市', 510000, 258),
(512001, '市辖区', '四川省,资阳市,市辖区', 512000, 2404),
(512002, '雁江区', '四川省,资阳市,雁江区', 512000, 2405),
(512021, '安岳县', '四川省,资阳市,安岳县', 512000, 2406),
(512022, '乐至县', '四川省,资阳市,乐至县', 512000, 2407),
(512081, '简阳市', '四川省,资阳市,简阳市', 512000, 2408),
(513200, '阿坝藏族羌族自治州', '四川省,阿坝藏族羌族自治州', 510000, 259),
(513221, '汶川县', '四川省,阿坝藏族羌族自治州,汶川县', 513200, 2409),
(513222, '理　县', '四川省,阿坝藏族羌族自治州,理　县', 513200, 2410),
(513223, '茂　县', '四川省,阿坝藏族羌族自治州,茂　县', 513200, 2411),
(513224, '松潘县', '四川省,阿坝藏族羌族自治州,松潘县', 513200, 2412),
(513225, '九寨沟县', '四川省,阿坝藏族羌族自治州,九寨沟县', 513200, 2413),
(513226, '金川县', '四川省,阿坝藏族羌族自治州,金川县', 513200, 2414),
(513227, '小金县', '四川省,阿坝藏族羌族自治州,小金县', 513200, 2415),
(513228, '黑水县', '四川省,阿坝藏族羌族自治州,黑水县', 513200, 2416),
(513229, '马尔康县', '四川省,阿坝藏族羌族自治州,马尔康县', 513200, 2417),
(513230, '壤塘县', '四川省,阿坝藏族羌族自治州,壤塘县', 513200, 2418),
(513231, '阿坝县', '四川省,阿坝藏族羌族自治州,阿坝县', 513200, 2419),
(513232, '若尔盖县', '四川省,阿坝藏族羌族自治州,若尔盖县', 513200, 2420),
(513233, '红原县', '四川省,阿坝藏族羌族自治州,红原县', 513200, 2421),
(513300, '甘孜藏族自治州', '四川省,甘孜藏族自治州', 510000, 260),
(513321, '康定县', '四川省,甘孜藏族自治州,康定县', 513300, 2422),
(513322, '泸定县', '四川省,甘孜藏族自治州,泸定县', 513300, 2423),
(513323, '丹巴县', '四川省,甘孜藏族自治州,丹巴县', 513300, 2424),
(513324, '九龙县', '四川省,甘孜藏族自治州,九龙县', 513300, 2425),
(513325, '雅江县', '四川省,甘孜藏族自治州,雅江县', 513300, 2426),
(513326, '道孚县', '四川省,甘孜藏族自治州,道孚县', 513300, 2427),
(513327, '炉霍县', '四川省,甘孜藏族自治州,炉霍县', 513300, 2428),
(513328, '甘孜县', '四川省,甘孜藏族自治州,甘孜县', 513300, 2429),
(513329, '新龙县', '四川省,甘孜藏族自治州,新龙县', 513300, 2430),
(513330, '德格县', '四川省,甘孜藏族自治州,德格县', 513300, 2431),
(513331, '白玉县', '四川省,甘孜藏族自治州,白玉县', 513300, 2432),
(513332, '石渠县', '四川省,甘孜藏族自治州,石渠县', 513300, 2433),
(513333, '色达县', '四川省,甘孜藏族自治州,色达县', 513300, 2434),
(513334, '理塘县', '四川省,甘孜藏族自治州,理塘县', 513300, 2435),
(513335, '巴塘县', '四川省,甘孜藏族自治州,巴塘县', 513300, 2436),
(513336, '乡城县', '四川省,甘孜藏族自治州,乡城县', 513300, 2437),
(513337, '稻城县', '四川省,甘孜藏族自治州,稻城县', 513300, 2438),
(513338, '得荣县', '四川省,甘孜藏族自治州,得荣县', 513300, 2439),
(513400, '凉山彝族自治州', '四川省,凉山彝族自治州', 510000, 261),
(513401, '西昌市', '四川省,凉山彝族自治州,西昌市', 513400, 2440),
(513422, '木里藏族自治县', '四川省,凉山彝族自治州,木里藏族自治县', 513400, 2441),
(513423, '盐源县', '四川省,凉山彝族自治州,盐源县', 513400, 2442),
(513424, '德昌县', '四川省,凉山彝族自治州,德昌县', 513400, 2443),
(513425, '会理县', '四川省,凉山彝族自治州,会理县', 513400, 2444),
(513426, '会东县', '四川省,凉山彝族自治州,会东县', 513400, 2445),
(513427, '宁南县', '四川省,凉山彝族自治州,宁南县', 513400, 2446),
(513428, '普格县', '四川省,凉山彝族自治州,普格县', 513400, 2447),
(513429, '布拖县', '四川省,凉山彝族自治州,布拖县', 513400, 2448),
(513430, '金阳县', '四川省,凉山彝族自治州,金阳县', 513400, 2449),
(513431, '昭觉县', '四川省,凉山彝族自治州,昭觉县', 513400, 2450),
(513432, '喜德县', '四川省,凉山彝族自治州,喜德县', 513400, 2451),
(513433, '冕宁县', '四川省,凉山彝族自治州,冕宁县', 513400, 2452),
(513434, '越西县', '四川省,凉山彝族自治州,越西县', 513400, 2453),
(513435, '甘洛县', '四川省,凉山彝族自治州,甘洛县', 513400, 2454),
(513436, '美姑县', '四川省,凉山彝族自治州,美姑县', 513400, 2455),
(513437, '雷波县', '四川省,凉山彝族自治州,雷波县', 513400, 2456),
(520000, '贵州省', '贵州省', 0, 8),
(520100, '贵阳市', '贵州省,贵阳市', 520000, 262),
(520101, '市辖区', '贵州省,贵阳市,市辖区', 520100, 2457),
(520102, '南明区', '贵州省,贵阳市,南明区', 520100, 2458),
(520103, '云岩区', '贵州省,贵阳市,云岩区', 520100, 2459),
(520111, '花溪区', '贵州省,贵阳市,花溪区', 520100, 2460),
(520112, '乌当区', '贵州省,贵阳市,乌当区', 520100, 2461),
(520113, '白云区', '贵州省,贵阳市,白云区', 520100, 2462),
(520114, '小河区', '贵州省,贵阳市,小河区', 520100, 2463),
(520121, '开阳县', '贵州省,贵阳市,开阳县', 520100, 2464),
(520122, '息烽县', '贵州省,贵阳市,息烽县', 520100, 2465),
(520123, '修文县', '贵州省,贵阳市,修文县', 520100, 2466),
(520181, '清镇市', '贵州省,贵阳市,清镇市', 520100, 2467),
(520200, '六盘水市', '贵州省,六盘水市', 520000, 263),
(520201, '钟山区', '贵州省,六盘水市,钟山区', 520200, 2468),
(520203, '六枝特区', '贵州省,六盘水市,六枝特区', 520200, 2469),
(520221, '水城县', '贵州省,六盘水市,水城县', 520200, 2470),
(520222, '盘　县', '贵州省,六盘水市,盘　县', 520200, 2471),
(520300, '遵义市', '贵州省,遵义市', 520000, 264),
(520301, '市辖区', '贵州省,遵义市,市辖区', 520300, 2472),
(520302, '红花岗区', '贵州省,遵义市,红花岗区', 520300, 2473),
(520303, '汇川区', '贵州省,遵义市,汇川区', 520300, 2474),
(520321, '遵义县', '贵州省,遵义市,遵义县', 520300, 2475),
(520322, '桐梓县', '贵州省,遵义市,桐梓县', 520300, 2476),
(520323, '绥阳县', '贵州省,遵义市,绥阳县', 520300, 2477),
(520324, '正安县', '贵州省,遵义市,正安县', 520300, 2478),
(520325, '道真仡佬族苗族自治县', '贵州省,遵义市,道真仡佬族苗族自治县', 520300, 2479),
(520326, '务川仡佬族苗族自治县', '贵州省,遵义市,务川仡佬族苗族自治县', 520300, 2480),
(520327, '凤冈县', '贵州省,遵义市,凤冈县', 520300, 2481),
(520328, '湄潭县', '贵州省,遵义市,湄潭县', 520300, 2482),
(520329, '余庆县', '贵州省,遵义市,余庆县', 520300, 2483),
(520330, '习水县', '贵州省,遵义市,习水县', 520300, 2484),
(520381, '赤水市', '贵州省,遵义市,赤水市', 520300, 2485),
(520382, '仁怀市', '贵州省,遵义市,仁怀市', 520300, 2486),
(520400, '安顺市', '贵州省,安顺市', 520000, 265),
(520401, '市辖区', '贵州省,安顺市,市辖区', 520400, 2487),
(520402, '西秀区', '贵州省,安顺市,西秀区', 520400, 2488),
(520421, '平坝县', '贵州省,安顺市,平坝县', 520400, 2489),
(520422, '普定县', '贵州省,安顺市,普定县', 520400, 2490),
(520423, '镇宁布依族苗族自治县', '贵州省,安顺市,镇宁布依族苗族自治县', 520400, 2491),
(520424, '关岭布依族苗族自治县', '贵州省,安顺市,关岭布依族苗族自治县', 520400, 2492),
(520425, '紫云苗族布依族自治县', '贵州省,安顺市,紫云苗族布依族自治县', 520400, 2493),
(522200, '铜仁地区', '贵州省,铜仁地区', 520000, 266),
(522201, '铜仁市', '贵州省,铜仁地区,铜仁市', 522200, 2494),
(522222, '江口县', '贵州省,铜仁地区,江口县', 522200, 2495),
(522223, '玉屏侗族自治县', '贵州省,铜仁地区,玉屏侗族自治县', 522200, 2496),
(522224, '石阡县', '贵州省,铜仁地区,石阡县', 522200, 2497),
(522225, '思南县', '贵州省,铜仁地区,思南县', 522200, 2498),
(522226, '印江土家族苗族自治县', '贵州省,铜仁地区,印江土家族苗族自治县', 522200, 2499),
(522227, '德江县', '贵州省,铜仁地区,德江县', 522200, 2500),
(522228, '沿河土家族自治县', '贵州省,铜仁地区,沿河土家族自治县', 522200, 2501),
(522229, '松桃苗族自治县', '贵州省,铜仁地区,松桃苗族自治县', 522200, 2502),
(522230, '万山特区', '贵州省,铜仁地区,万山特区', 522200, 2503),
(522300, '黔西南布依族苗族自治州', '贵州省,黔西南布依族苗族自治州', 520000, 267),
(522301, '兴义市', '贵州省,黔西南布依族苗族自治州,兴义市', 522300, 2504),
(522322, '兴仁县', '贵州省,黔西南布依族苗族自治州,兴仁县', 522300, 2505),
(522323, '普安县', '贵州省,黔西南布依族苗族自治州,普安县', 522300, 2506),
(522324, '晴隆县', '贵州省,黔西南布依族苗族自治州,晴隆县', 522300, 2507),
(522325, '贞丰县', '贵州省,黔西南布依族苗族自治州,贞丰县', 522300, 2508),
(522326, '望谟县', '贵州省,黔西南布依族苗族自治州,望谟县', 522300, 2509),
(522327, '册亨县', '贵州省,黔西南布依族苗族自治州,册亨县', 522300, 2510),
(522328, '安龙县', '贵州省,黔西南布依族苗族自治州,安龙县', 522300, 2511),
(522400, '毕节地区', '贵州省,毕节地区', 520000, 268),
(522401, '毕节市', '贵州省,毕节地区,毕节市', 522400, 2512),
(522422, '大方县', '贵州省,毕节地区,大方县', 522400, 2513),
(522423, '黔西县', '贵州省,毕节地区,黔西县', 522400, 2514),
(522424, '金沙县', '贵州省,毕节地区,金沙县', 522400, 2515),
(522425, '织金县', '贵州省,毕节地区,织金县', 522400, 2516),
(522426, '纳雍县', '贵州省,毕节地区,纳雍县', 522400, 2517),
(522427, '威宁彝族回族苗族自治县', '贵州省,毕节地区,威宁彝族回族苗族自治县', 522400, 2518),
(522428, '赫章县', '贵州省,毕节地区,赫章县', 522400, 2519),
(522600, '黔东南苗族侗族自治州', '贵州省,黔东南苗族侗族自治州', 520000, 269),
(522601, '凯里市', '贵州省,黔东南苗族侗族自治州,凯里市', 522600, 2520),
(522622, '黄平县', '贵州省,黔东南苗族侗族自治州,黄平县', 522600, 2521),
(522623, '施秉县', '贵州省,黔东南苗族侗族自治州,施秉县', 522600, 2522),
(522624, '三穗县', '贵州省,黔东南苗族侗族自治州,三穗县', 522600, 2523),
(522625, '镇远县', '贵州省,黔东南苗族侗族自治州,镇远县', 522600, 2524),
(522626, '岑巩县', '贵州省,黔东南苗族侗族自治州,岑巩县', 522600, 2525),
(522627, '天柱县', '贵州省,黔东南苗族侗族自治州,天柱县', 522600, 2526),
(522628, '锦屏县', '贵州省,黔东南苗族侗族自治州,锦屏县', 522600, 2527),
(522629, '剑河县', '贵州省,黔东南苗族侗族自治州,剑河县', 522600, 2528),
(522630, '台江县', '贵州省,黔东南苗族侗族自治州,台江县', 522600, 2529),
(522631, '黎平县', '贵州省,黔东南苗族侗族自治州,黎平县', 522600, 2530),
(522632, '榕江县', '贵州省,黔东南苗族侗族自治州,榕江县', 522600, 2531),
(522633, '从江县', '贵州省,黔东南苗族侗族自治州,从江县', 522600, 2532),
(522634, '雷山县', '贵州省,黔东南苗族侗族自治州,雷山县', 522600, 2533),
(522635, '麻江县', '贵州省,黔东南苗族侗族自治州,麻江县', 522600, 2534),
(522636, '丹寨县', '贵州省,黔东南苗族侗族自治州,丹寨县', 522600, 2535),
(522700, '黔南布依族苗族自治州', '贵州省,黔南布依族苗族自治州', 520000, 270),
(522701, '都匀市', '贵州省,黔南布依族苗族自治州,都匀市', 522700, 2536),
(522702, '福泉市', '贵州省,黔南布依族苗族自治州,福泉市', 522700, 2537),
(522722, '荔波县', '贵州省,黔南布依族苗族自治州,荔波县', 522700, 2538),
(522723, '贵定县', '贵州省,黔南布依族苗族自治州,贵定县', 522700, 2539),
(522725, '瓮安县', '贵州省,黔南布依族苗族自治州,瓮安县', 522700, 2540),
(522726, '独山县', '贵州省,黔南布依族苗族自治州,独山县', 522700, 2541),
(522727, '平塘县', '贵州省,黔南布依族苗族自治州,平塘县', 522700, 2542),
(522728, '罗甸县', '贵州省,黔南布依族苗族自治州,罗甸县', 522700, 2543),
(522729, '长顺县', '贵州省,黔南布依族苗族自治州,长顺县', 522700, 2544),
(522730, '龙里县', '贵州省,黔南布依族苗族自治州,龙里县', 522700, 2545),
(522731, '惠水县', '贵州省,黔南布依族苗族自治州,惠水县', 522700, 2546),
(522732, '三都水族自治县', '贵州省,黔南布依族苗族自治州,三都水族自治县', 522700, 2547),
(530000, '云南省', '云南省', 0, 33),
(530100, '昆明市', '云南省,昆明市', 530000, 271),
(530101, '市辖区', '云南省,昆明市,市辖区', 530100, 2548),
(530102, '五华区', '云南省,昆明市,五华区', 530100, 2549),
(530103, '盘龙区', '云南省,昆明市,盘龙区', 530100, 2550),
(530111, '官渡区', '云南省,昆明市,官渡区', 530100, 2551),
(530112, '西山区', '云南省,昆明市,西山区', 530100, 2552),
(530113, '东川区', '云南省,昆明市,东川区', 530100, 2553),
(530121, '呈贡县', '云南省,昆明市,呈贡县', 530100, 2554),
(530122, '晋宁县', '云南省,昆明市,晋宁县', 530100, 2555),
(530124, '富民县', '云南省,昆明市,富民县', 530100, 2556),
(530125, '宜良县', '云南省,昆明市,宜良县', 530100, 2557),
(530126, '石林彝族自治县', '云南省,昆明市,石林彝族自治县', 530100, 2558),
(530127, '嵩明县', '云南省,昆明市,嵩明县', 530100, 2559),
(530128, '禄劝彝族苗族自治县', '云南省,昆明市,禄劝彝族苗族自治县', 530100, 2560),
(530129, '寻甸回族彝族自治县', '云南省,昆明市,寻甸回族彝族自治县', 530100, 2561),
(530181, '安宁市', '云南省,昆明市,安宁市', 530100, 2562),
(530300, '曲靖市', '云南省,曲靖市', 530000, 272);
INSERT INTO `jydp_areas` (`areaid`, `name`, `joinname`, `parentid`, `vieworder`) VALUES
(530301, '市辖区', '云南省,曲靖市,市辖区', 530300, 2563),
(530302, '麒麟区', '云南省,曲靖市,麒麟区', 530300, 2564),
(530321, '马龙县', '云南省,曲靖市,马龙县', 530300, 2565),
(530322, '陆良县', '云南省,曲靖市,陆良县', 530300, 2566),
(530323, '师宗县', '云南省,曲靖市,师宗县', 530300, 2567),
(530324, '罗平县', '云南省,曲靖市,罗平县', 530300, 2568),
(530325, '富源县', '云南省,曲靖市,富源县', 530300, 2569),
(530326, '会泽县', '云南省,曲靖市,会泽县', 530300, 2570),
(530328, '沾益县', '云南省,曲靖市,沾益县', 530300, 2571),
(530381, '宣威市', '云南省,曲靖市,宣威市', 530300, 2572),
(530400, '玉溪市', '云南省,玉溪市', 530000, 273),
(530401, '市辖区', '云南省,玉溪市,市辖区', 530400, 2573),
(530402, '红塔区', '云南省,玉溪市,红塔区', 530400, 2574),
(530421, '江川县', '云南省,玉溪市,江川县', 530400, 2575),
(530422, '澄江县', '云南省,玉溪市,澄江县', 530400, 2576),
(530423, '通海县', '云南省,玉溪市,通海县', 530400, 2577),
(530424, '华宁县', '云南省,玉溪市,华宁县', 530400, 2578),
(530425, '易门县', '云南省,玉溪市,易门县', 530400, 2579),
(530426, '峨山彝族自治县', '云南省,玉溪市,峨山彝族自治县', 530400, 2580),
(530427, '新平彝族傣族自治县', '云南省,玉溪市,新平彝族傣族自治县', 530400, 2581),
(530428, '元江哈尼族彝族傣族自治县', '云南省,玉溪市,元江哈尼族彝族傣族自治县', 530400, 2582),
(530500, '保山市', '云南省,保山市', 530000, 274),
(530501, '市辖区', '云南省,保山市,市辖区', 530500, 2583),
(530502, '隆阳区', '云南省,保山市,隆阳区', 530500, 2584),
(530521, '施甸县', '云南省,保山市,施甸县', 530500, 2585),
(530522, '腾冲县', '云南省,保山市,腾冲县', 530500, 2586),
(530523, '龙陵县', '云南省,保山市,龙陵县', 530500, 2587),
(530524, '昌宁县', '云南省,保山市,昌宁县', 530500, 2588),
(530600, '昭通市', '云南省,昭通市', 530000, 275),
(530601, '市辖区', '云南省,昭通市,市辖区', 530600, 2589),
(530602, '昭阳区', '云南省,昭通市,昭阳区', 530600, 2590),
(530621, '鲁甸县', '云南省,昭通市,鲁甸县', 530600, 2591),
(530622, '巧家县', '云南省,昭通市,巧家县', 530600, 2592),
(530623, '盐津县', '云南省,昭通市,盐津县', 530600, 2593),
(530624, '大关县', '云南省,昭通市,大关县', 530600, 2594),
(530625, '永善县', '云南省,昭通市,永善县', 530600, 2595),
(530626, '绥江县', '云南省,昭通市,绥江县', 530600, 2596),
(530627, '镇雄县', '云南省,昭通市,镇雄县', 530600, 2597),
(530628, '彝良县', '云南省,昭通市,彝良县', 530600, 2598),
(530629, '威信县', '云南省,昭通市,威信县', 530600, 2599),
(530630, '水富县', '云南省,昭通市,水富县', 530600, 2600),
(530700, '丽江市', '云南省,丽江市', 530000, 276),
(530701, '市辖区', '云南省,丽江市,市辖区', 530700, 2601),
(530702, '古城区', '云南省,丽江市,古城区', 530700, 2602),
(530721, '玉龙纳西族自治县', '云南省,丽江市,玉龙纳西族自治县', 530700, 2603),
(530722, '永胜县', '云南省,丽江市,永胜县', 530700, 2604),
(530723, '华坪县', '云南省,丽江市,华坪县', 530700, 2605),
(530724, '宁蒗彝族自治县', '云南省,丽江市,宁蒗彝族自治县', 530700, 2606),
(530800, '思茅市', '云南省,思茅市', 530000, 277),
(530801, '市辖区', '云南省,思茅市,市辖区', 530800, 2607),
(530802, '翠云区', '云南省,思茅市,翠云区', 530800, 2608),
(530821, '普洱哈尼族彝族自治县', '云南省,思茅市,普洱哈尼族彝族自治县', 530800, 2609),
(530822, '墨江哈尼族自治县', '云南省,思茅市,墨江哈尼族自治县', 530800, 2610),
(530823, '景东彝族自治县', '云南省,思茅市,景东彝族自治县', 530800, 2611),
(530824, '景谷傣族彝族自治县', '云南省,思茅市,景谷傣族彝族自治县', 530800, 2612),
(530825, '镇沅彝族哈尼族拉祜族自治县', '云南省,思茅市,镇沅彝族哈尼族拉祜族自治县', 530800, 2613),
(530826, '江城哈尼族彝族自治县', '云南省,思茅市,江城哈尼族彝族自治县', 530800, 2614),
(530827, '孟连傣族拉祜族佤族自治县', '云南省,思茅市,孟连傣族拉祜族佤族自治县', 530800, 2615),
(530828, '澜沧拉祜族自治县', '云南省,思茅市,澜沧拉祜族自治县', 530800, 2616),
(530829, '西盟佤族自治县', '云南省,思茅市,西盟佤族自治县', 530800, 2617),
(530900, '临沧市', '云南省,临沧市', 530000, 278),
(530901, '市辖区', '云南省,临沧市,市辖区', 530900, 2618),
(530902, '临翔区', '云南省,临沧市,临翔区', 530900, 2619),
(530921, '凤庆县', '云南省,临沧市,凤庆县', 530900, 2620),
(530922, '云　县', '云南省,临沧市,云　县', 530900, 2621),
(530923, '永德县', '云南省,临沧市,永德县', 530900, 2622),
(530924, '镇康县', '云南省,临沧市,镇康县', 530900, 2623),
(530925, '双江拉祜族佤族布朗族傣族自治县', '云南省,临沧市,双江拉祜族佤族布朗族傣族自治县', 530900, 2624),
(530926, '耿马傣族佤族自治县', '云南省,临沧市,耿马傣族佤族自治县', 530900, 2625),
(530927, '沧源佤族自治县', '云南省,临沧市,沧源佤族自治县', 530900, 2626),
(532300, '楚雄彝族自治州', '云南省,楚雄彝族自治州', 530000, 279),
(532301, '楚雄市', '云南省,楚雄彝族自治州,楚雄市', 532300, 2627),
(532322, '双柏县', '云南省,楚雄彝族自治州,双柏县', 532300, 2628),
(532323, '牟定县', '云南省,楚雄彝族自治州,牟定县', 532300, 2629),
(532324, '南华县', '云南省,楚雄彝族自治州,南华县', 532300, 2630),
(532325, '姚安县', '云南省,楚雄彝族自治州,姚安县', 532300, 2631),
(532326, '大姚县', '云南省,楚雄彝族自治州,大姚县', 532300, 2632),
(532327, '永仁县', '云南省,楚雄彝族自治州,永仁县', 532300, 2633),
(532328, '元谋县', '云南省,楚雄彝族自治州,元谋县', 532300, 2634),
(532329, '武定县', '云南省,楚雄彝族自治州,武定县', 532300, 2635),
(532331, '禄丰县', '云南省,楚雄彝族自治州,禄丰县', 532300, 2636),
(532500, '红河哈尼族彝族自治州', '云南省,红河哈尼族彝族自治州', 530000, 280),
(532501, '个旧市', '云南省,红河哈尼族彝族自治州,个旧市', 532500, 2637),
(532502, '开远市', '云南省,红河哈尼族彝族自治州,开远市', 532500, 2638),
(532522, '蒙自县', '云南省,红河哈尼族彝族自治州,蒙自县', 532500, 2639),
(532523, '屏边苗族自治县', '云南省,红河哈尼族彝族自治州,屏边苗族自治县', 532500, 2640),
(532524, '建水县', '云南省,红河哈尼族彝族自治州,建水县', 532500, 2641),
(532525, '石屏县', '云南省,红河哈尼族彝族自治州,石屏县', 532500, 2642),
(532526, '弥勒县', '云南省,红河哈尼族彝族自治州,弥勒县', 532500, 2643),
(532527, '泸西县', '云南省,红河哈尼族彝族自治州,泸西县', 532500, 2644),
(532528, '元阳县', '云南省,红河哈尼族彝族自治州,元阳县', 532500, 2645),
(532529, '红河县', '云南省,红河哈尼族彝族自治州,红河县', 532500, 2646),
(532530, '金平苗族瑶族傣族自治县', '云南省,红河哈尼族彝族自治州,金平苗族瑶族傣族自治县', 532500, 2647),
(532531, '绿春县', '云南省,红河哈尼族彝族自治州,绿春县', 532500, 2648),
(532532, '河口瑶族自治县', '云南省,红河哈尼族彝族自治州,河口瑶族自治县', 532500, 2649),
(532600, '文山壮族苗族自治州', '云南省,文山壮族苗族自治州', 530000, 281),
(532621, '文山县', '云南省,文山壮族苗族自治州,文山县', 532600, 2650),
(532622, '砚山县', '云南省,文山壮族苗族自治州,砚山县', 532600, 2651),
(532623, '西畴县', '云南省,文山壮族苗族自治州,西畴县', 532600, 2652),
(532624, '麻栗坡县', '云南省,文山壮族苗族自治州,麻栗坡县', 532600, 2653),
(532625, '马关县', '云南省,文山壮族苗族自治州,马关县', 532600, 2654),
(532626, '丘北县', '云南省,文山壮族苗族自治州,丘北县', 532600, 2655),
(532627, '广南县', '云南省,文山壮族苗族自治州,广南县', 532600, 2656),
(532628, '富宁县', '云南省,文山壮族苗族自治州,富宁县', 532600, 2657),
(532800, '西双版纳傣族自治州', '云南省,西双版纳傣族自治州', 530000, 282),
(532801, '景洪市', '云南省,西双版纳傣族自治州,景洪市', 532800, 2658),
(532822, '勐海县', '云南省,西双版纳傣族自治州,勐海县', 532800, 2659),
(532823, '勐腊县', '云南省,西双版纳傣族自治州,勐腊县', 532800, 2660),
(532900, '大理白族自治州', '云南省,大理白族自治州', 530000, 283),
(532901, '大理市', '云南省,大理白族自治州,大理市', 532900, 2661),
(532922, '漾濞彝族自治县', '云南省,大理白族自治州,漾濞彝族自治县', 532900, 2662),
(532923, '祥云县', '云南省,大理白族自治州,祥云县', 532900, 2663),
(532924, '宾川县', '云南省,大理白族自治州,宾川县', 532900, 2664),
(532925, '弥渡县', '云南省,大理白族自治州,弥渡县', 532900, 2665),
(532926, '南涧彝族自治县', '云南省,大理白族自治州,南涧彝族自治县', 532900, 2666),
(532927, '巍山彝族回族自治县', '云南省,大理白族自治州,巍山彝族回族自治县', 532900, 2667),
(532928, '永平县', '云南省,大理白族自治州,永平县', 532900, 2668),
(532929, '云龙县', '云南省,大理白族自治州,云龙县', 532900, 2669),
(532930, '洱源县', '云南省,大理白族自治州,洱源县', 532900, 2670),
(532931, '剑川县', '云南省,大理白族自治州,剑川县', 532900, 2671),
(532932, '鹤庆县', '云南省,大理白族自治州,鹤庆县', 532900, 2672),
(533100, '德宏傣族景颇族自治州', '云南省,德宏傣族景颇族自治州', 530000, 284),
(533102, '瑞丽市', '云南省,德宏傣族景颇族自治州,瑞丽市', 533100, 2673),
(533103, '潞西市', '云南省,德宏傣族景颇族自治州,潞西市', 533100, 2674),
(533122, '梁河县', '云南省,德宏傣族景颇族自治州,梁河县', 533100, 2675),
(533123, '盈江县', '云南省,德宏傣族景颇族自治州,盈江县', 533100, 2676),
(533124, '陇川县', '云南省,德宏傣族景颇族自治州,陇川县', 533100, 2677),
(533300, '怒江傈僳族自治州', '云南省,怒江傈僳族自治州', 530000, 285),
(533321, '泸水县', '云南省,怒江傈僳族自治州,泸水县', 533300, 2678),
(533323, '福贡县', '云南省,怒江傈僳族自治州,福贡县', 533300, 2679),
(533324, '贡山独龙族怒族自治县', '云南省,怒江傈僳族自治州,贡山独龙族怒族自治县', 533300, 2680),
(533325, '兰坪白族普米族自治县', '云南省,怒江傈僳族自治州,兰坪白族普米族自治县', 533300, 2681),
(533400, '迪庆藏族自治州', '云南省,迪庆藏族自治州', 530000, 286),
(533421, '香格里拉县', '云南省,迪庆藏族自治州,香格里拉县', 533400, 2682),
(533422, '德钦县', '云南省,迪庆藏族自治州,德钦县', 533400, 2683),
(533423, '维西傈僳族自治县', '云南省,迪庆藏族自治州,维西傈僳族自治县', 533400, 2684),
(540000, '西藏自治区', '西藏自治区', 0, 30),
(540100, '拉萨市', '西藏自治区,拉萨市', 540000, 287),
(540101, '市辖区', '西藏自治区,拉萨市,市辖区', 540100, 2685),
(540102, '城关区', '西藏自治区,拉萨市,城关区', 540100, 2686),
(540121, '林周县', '西藏自治区,拉萨市,林周县', 540100, 2687),
(540122, '当雄县', '西藏自治区,拉萨市,当雄县', 540100, 2688),
(540123, '尼木县', '西藏自治区,拉萨市,尼木县', 540100, 2689),
(540124, '曲水县', '西藏自治区,拉萨市,曲水县', 540100, 2690),
(540125, '堆龙德庆县', '西藏自治区,拉萨市,堆龙德庆县', 540100, 2691),
(540126, '达孜县', '西藏自治区,拉萨市,达孜县', 540100, 2692),
(540127, '墨竹工卡县', '西藏自治区,拉萨市,墨竹工卡县', 540100, 2693),
(542100, '昌都地区', '西藏自治区,昌都地区', 540000, 288),
(542121, '昌都县', '西藏自治区,昌都地区,昌都县', 542100, 2694),
(542122, '江达县', '西藏自治区,昌都地区,江达县', 542100, 2695),
(542123, '贡觉县', '西藏自治区,昌都地区,贡觉县', 542100, 2696),
(542124, '类乌齐县', '西藏自治区,昌都地区,类乌齐县', 542100, 2697),
(542125, '丁青县', '西藏自治区,昌都地区,丁青县', 542100, 2698),
(542126, '察雅县', '西藏自治区,昌都地区,察雅县', 542100, 2699),
(542127, '八宿县', '西藏自治区,昌都地区,八宿县', 542100, 2700),
(542128, '左贡县', '西藏自治区,昌都地区,左贡县', 542100, 2701),
(542129, '芒康县', '西藏自治区,昌都地区,芒康县', 542100, 2702),
(542132, '洛隆县', '西藏自治区,昌都地区,洛隆县', 542100, 2703),
(542133, '边坝县', '西藏自治区,昌都地区,边坝县', 542100, 2704),
(542200, '山南地区', '西藏自治区,山南地区', 540000, 289),
(542221, '乃东县', '西藏自治区,山南地区,乃东县', 542200, 2705),
(542222, '扎囊县', '西藏自治区,山南地区,扎囊县', 542200, 2706),
(542223, '贡嘎县', '西藏自治区,山南地区,贡嘎县', 542200, 2707),
(542224, '桑日县', '西藏自治区,山南地区,桑日县', 542200, 2708),
(542225, '琼结县', '西藏自治区,山南地区,琼结县', 542200, 2709),
(542226, '曲松县', '西藏自治区,山南地区,曲松县', 542200, 2710),
(542227, '措美县', '西藏自治区,山南地区,措美县', 542200, 2711),
(542228, '洛扎县', '西藏自治区,山南地区,洛扎县', 542200, 2712),
(542229, '加查县', '西藏自治区,山南地区,加查县', 542200, 2713),
(542231, '隆子县', '西藏自治区,山南地区,隆子县', 542200, 2714),
(542232, '错那县', '西藏自治区,山南地区,错那县', 542200, 2715),
(542233, '浪卡子县', '西藏自治区,山南地区,浪卡子县', 542200, 2716),
(542300, '日喀则地区', '西藏自治区,日喀则地区', 540000, 290),
(542301, '日喀则市', '西藏自治区,日喀则地区,日喀则市', 542300, 2717),
(542322, '南木林县', '西藏自治区,日喀则地区,南木林县', 542300, 2718),
(542323, '江孜县', '西藏自治区,日喀则地区,江孜县', 542300, 2719),
(542324, '定日县', '西藏自治区,日喀则地区,定日县', 542300, 2720),
(542325, '萨迦县', '西藏自治区,日喀则地区,萨迦县', 542300, 2721),
(542326, '拉孜县', '西藏自治区,日喀则地区,拉孜县', 542300, 2722),
(542327, '昂仁县', '西藏自治区,日喀则地区,昂仁县', 542300, 2723),
(542328, '谢通门县', '西藏自治区,日喀则地区,谢通门县', 542300, 2724),
(542329, '白朗县', '西藏自治区,日喀则地区,白朗县', 542300, 2725),
(542330, '仁布县', '西藏自治区,日喀则地区,仁布县', 542300, 2726),
(542331, '康马县', '西藏自治区,日喀则地区,康马县', 542300, 2727),
(542332, '定结县', '西藏自治区,日喀则地区,定结县', 542300, 2728),
(542333, '仲巴县', '西藏自治区,日喀则地区,仲巴县', 542300, 2729),
(542334, '亚东县', '西藏自治区,日喀则地区,亚东县', 542300, 2730),
(542335, '吉隆县', '西藏自治区,日喀则地区,吉隆县', 542300, 2731),
(542336, '聂拉木县', '西藏自治区,日喀则地区,聂拉木县', 542300, 2732),
(542337, '萨嘎县', '西藏自治区,日喀则地区,萨嘎县', 542300, 2733),
(542338, '岗巴县', '西藏自治区,日喀则地区,岗巴县', 542300, 2734),
(542400, '那曲地区', '西藏自治区,那曲地区', 540000, 291),
(542421, '那曲县', '西藏自治区,那曲地区,那曲县', 542400, 2735),
(542422, '嘉黎县', '西藏自治区,那曲地区,嘉黎县', 542400, 2736),
(542423, '比如县', '西藏自治区,那曲地区,比如县', 542400, 2737),
(542424, '聂荣县', '西藏自治区,那曲地区,聂荣县', 542400, 2738),
(542425, '安多县', '西藏自治区,那曲地区,安多县', 542400, 2739),
(542426, '申扎县', '西藏自治区,那曲地区,申扎县', 542400, 2740),
(542427, '索　县', '西藏自治区,那曲地区,索　县', 542400, 2741),
(542428, '班戈县', '西藏自治区,那曲地区,班戈县', 542400, 2742),
(542429, '巴青县', '西藏自治区,那曲地区,巴青县', 542400, 2743),
(542430, '尼玛县', '西藏自治区,那曲地区,尼玛县', 542400, 2744),
(542500, '阿里地区', '西藏自治区,阿里地区', 540000, 292),
(542521, '普兰县', '西藏自治区,阿里地区,普兰县', 542500, 2745),
(542522, '札达县', '西藏自治区,阿里地区,札达县', 542500, 2746),
(542523, '噶尔县', '西藏自治区,阿里地区,噶尔县', 542500, 2747),
(542524, '日土县', '西藏自治区,阿里地区,日土县', 542500, 2748),
(542525, '革吉县', '西藏自治区,阿里地区,革吉县', 542500, 2749),
(542526, '改则县', '西藏自治区,阿里地区,改则县', 542500, 2750),
(542527, '措勤县', '西藏自治区,阿里地区,措勤县', 542500, 2751),
(542600, '林芝地区', '西藏自治区,林芝地区', 540000, 293),
(542621, '林芝县', '西藏自治区,林芝地区,林芝县', 542600, 2752),
(542622, '工布江达县', '西藏自治区,林芝地区,工布江达县', 542600, 2753),
(542623, '米林县', '西藏自治区,林芝地区,米林县', 542600, 2754),
(542624, '墨脱县', '西藏自治区,林芝地区,墨脱县', 542600, 2755),
(542625, '波密县', '西藏自治区,林芝地区,波密县', 542600, 2756),
(542626, '察隅县', '西藏自治区,林芝地区,察隅县', 542600, 2757),
(542627, '朗　县', '西藏自治区,林芝地区,朗　县', 542600, 2758),
(610000, '陕西省', '陕西省', 0, 27),
(610100, '西安市', '陕西省,西安市', 610000, 294),
(610101, '市辖区', '陕西省,西安市,市辖区', 610100, 2759),
(610102, '新城区', '陕西省,西安市,新城区', 610100, 2760),
(610103, '碑林区', '陕西省,西安市,碑林区', 610100, 2761),
(610104, '莲湖区', '陕西省,西安市,莲湖区', 610100, 2762),
(610111, '灞桥区', '陕西省,西安市,灞桥区', 610100, 2763),
(610112, '未央区', '陕西省,西安市,未央区', 610100, 2764),
(610113, '雁塔区', '陕西省,西安市,雁塔区', 610100, 2765),
(610114, '阎良区', '陕西省,西安市,阎良区', 610100, 2766),
(610115, '临潼区', '陕西省,西安市,临潼区', 610100, 2767),
(610116, '长安区', '陕西省,西安市,长安区', 610100, 2768),
(610122, '蓝田县', '陕西省,西安市,蓝田县', 610100, 2769),
(610124, '周至县', '陕西省,西安市,周至县', 610100, 2770),
(610125, '户　县', '陕西省,西安市,户　县', 610100, 2771),
(610126, '高陵县', '陕西省,西安市,高陵县', 610100, 2772),
(610200, '铜川市', '陕西省,铜川市', 610000, 295),
(610201, '市辖区', '陕西省,铜川市,市辖区', 610200, 2773),
(610202, '王益区', '陕西省,铜川市,王益区', 610200, 2774),
(610203, '印台区', '陕西省,铜川市,印台区', 610200, 2775),
(610204, '耀州区', '陕西省,铜川市,耀州区', 610200, 2776),
(610222, '宜君县', '陕西省,铜川市,宜君县', 610200, 2777),
(610300, '宝鸡市', '陕西省,宝鸡市', 610000, 296),
(610301, '市辖区', '陕西省,宝鸡市,市辖区', 610300, 2778),
(610302, '渭滨区', '陕西省,宝鸡市,渭滨区', 610300, 2779),
(610303, '金台区', '陕西省,宝鸡市,金台区', 610300, 2780),
(610304, '陈仓区', '陕西省,宝鸡市,陈仓区', 610300, 2781),
(610322, '凤翔县', '陕西省,宝鸡市,凤翔县', 610300, 2782),
(610323, '岐山县', '陕西省,宝鸡市,岐山县', 610300, 2783),
(610324, '扶风县', '陕西省,宝鸡市,扶风县', 610300, 2784),
(610326, '眉　县', '陕西省,宝鸡市,眉　县', 610300, 2785),
(610327, '陇　县', '陕西省,宝鸡市,陇　县', 610300, 2786),
(610328, '千阳县', '陕西省,宝鸡市,千阳县', 610300, 2787),
(610329, '麟游县', '陕西省,宝鸡市,麟游县', 610300, 2788),
(610330, '凤　县', '陕西省,宝鸡市,凤　县', 610300, 2789),
(610331, '太白县', '陕西省,宝鸡市,太白县', 610300, 2790),
(610400, '咸阳市', '陕西省,咸阳市', 610000, 297),
(610401, '市辖区', '陕西省,咸阳市,市辖区', 610400, 2791),
(610402, '秦都区', '陕西省,咸阳市,秦都区', 610400, 2792),
(610403, '杨凌区', '陕西省,咸阳市,杨凌区', 610400, 2793),
(610404, '渭城区', '陕西省,咸阳市,渭城区', 610400, 2794),
(610422, '三原县', '陕西省,咸阳市,三原县', 610400, 2795),
(610423, '泾阳县', '陕西省,咸阳市,泾阳县', 610400, 2796),
(610424, '乾　县', '陕西省,咸阳市,乾　县', 610400, 2797),
(610425, '礼泉县', '陕西省,咸阳市,礼泉县', 610400, 2798),
(610426, '永寿县', '陕西省,咸阳市,永寿县', 610400, 2799),
(610427, '彬　县', '陕西省,咸阳市,彬　县', 610400, 2800),
(610428, '长武县', '陕西省,咸阳市,长武县', 610400, 2801),
(610429, '旬邑县', '陕西省,咸阳市,旬邑县', 610400, 2802),
(610430, '淳化县', '陕西省,咸阳市,淳化县', 610400, 2803),
(610431, '武功县', '陕西省,咸阳市,武功县', 610400, 2804),
(610481, '兴平市', '陕西省,咸阳市,兴平市', 610400, 2805),
(610500, '渭南市', '陕西省,渭南市', 610000, 298),
(610501, '市辖区', '陕西省,渭南市,市辖区', 610500, 2806),
(610502, '临渭区', '陕西省,渭南市,临渭区', 610500, 2807),
(610521, '华　县', '陕西省,渭南市,华　县', 610500, 2808),
(610522, '潼关县', '陕西省,渭南市,潼关县', 610500, 2809),
(610523, '大荔县', '陕西省,渭南市,大荔县', 610500, 2810),
(610524, '合阳县', '陕西省,渭南市,合阳县', 610500, 2811),
(610525, '澄城县', '陕西省,渭南市,澄城县', 610500, 2812),
(610526, '蒲城县', '陕西省,渭南市,蒲城县', 610500, 2813),
(610527, '白水县', '陕西省,渭南市,白水县', 610500, 2814),
(610528, '富平县', '陕西省,渭南市,富平县', 610500, 2815),
(610581, '韩城市', '陕西省,渭南市,韩城市', 610500, 2816),
(610582, '华阴市', '陕西省,渭南市,华阴市', 610500, 2817),
(610600, '延安市', '陕西省,延安市', 610000, 299),
(610601, '市辖区', '陕西省,延安市,市辖区', 610600, 2818),
(610602, '宝塔区', '陕西省,延安市,宝塔区', 610600, 2819),
(610621, '延长县', '陕西省,延安市,延长县', 610600, 2820),
(610622, '延川县', '陕西省,延安市,延川县', 610600, 2821),
(610623, '子长县', '陕西省,延安市,子长县', 610600, 2822),
(610624, '安塞县', '陕西省,延安市,安塞县', 610600, 2823),
(610625, '志丹县', '陕西省,延安市,志丹县', 610600, 2824),
(610626, '吴旗县', '陕西省,延安市,吴旗县', 610600, 2825),
(610627, '甘泉县', '陕西省,延安市,甘泉县', 610600, 2826),
(610628, '富　县', '陕西省,延安市,富　县', 610600, 2827),
(610629, '洛川县', '陕西省,延安市,洛川县', 610600, 2828),
(610630, '宜川县', '陕西省,延安市,宜川县', 610600, 2829),
(610631, '黄龙县', '陕西省,延安市,黄龙县', 610600, 2830),
(610632, '黄陵县', '陕西省,延安市,黄陵县', 610600, 2831),
(610700, '汉中市', '陕西省,汉中市', 610000, 300),
(610701, '市辖区', '陕西省,汉中市,市辖区', 610700, 2832),
(610702, '汉台区', '陕西省,汉中市,汉台区', 610700, 2833),
(610721, '南郑县', '陕西省,汉中市,南郑县', 610700, 2834),
(610722, '城固县', '陕西省,汉中市,城固县', 610700, 2835),
(610723, '洋　县', '陕西省,汉中市,洋　县', 610700, 2836),
(610724, '西乡县', '陕西省,汉中市,西乡县', 610700, 2837),
(610725, '勉　县', '陕西省,汉中市,勉　县', 610700, 2838),
(610726, '宁强县', '陕西省,汉中市,宁强县', 610700, 2839),
(610727, '略阳县', '陕西省,汉中市,略阳县', 610700, 2840),
(610728, '镇巴县', '陕西省,汉中市,镇巴县', 610700, 2841),
(610729, '留坝县', '陕西省,汉中市,留坝县', 610700, 2842),
(610730, '佛坪县', '陕西省,汉中市,佛坪县', 610700, 2843),
(610800, '榆林市', '陕西省,榆林市', 610000, 301),
(610801, '市辖区', '陕西省,榆林市,市辖区', 610800, 2844),
(610802, '榆阳区', '陕西省,榆林市,榆阳区', 610800, 2845),
(610821, '神木县', '陕西省,榆林市,神木县', 610800, 2846),
(610822, '府谷县', '陕西省,榆林市,府谷县', 610800, 2847),
(610823, '横山县', '陕西省,榆林市,横山县', 610800, 2848),
(610824, '靖边县', '陕西省,榆林市,靖边县', 610800, 2849),
(610825, '定边县', '陕西省,榆林市,定边县', 610800, 2850),
(610826, '绥德县', '陕西省,榆林市,绥德县', 610800, 2851),
(610827, '米脂县', '陕西省,榆林市,米脂县', 610800, 2852),
(610828, '佳　县', '陕西省,榆林市,佳　县', 610800, 2853),
(610829, '吴堡县', '陕西省,榆林市,吴堡县', 610800, 2854),
(610830, '清涧县', '陕西省,榆林市,清涧县', 610800, 2855),
(610831, '子洲县', '陕西省,榆林市,子洲县', 610800, 2856),
(610900, '安康市', '陕西省,安康市', 610000, 302),
(610901, '市辖区', '陕西省,安康市,市辖区', 610900, 2857),
(610902, '汉滨区', '陕西省,安康市,汉滨区', 610900, 2858),
(610921, '汉阴县', '陕西省,安康市,汉阴县', 610900, 2859),
(610922, '石泉县', '陕西省,安康市,石泉县', 610900, 2860),
(610923, '宁陕县', '陕西省,安康市,宁陕县', 610900, 2861),
(610924, '紫阳县', '陕西省,安康市,紫阳县', 610900, 2862),
(610925, '岚皋县', '陕西省,安康市,岚皋县', 610900, 2863),
(610926, '平利县', '陕西省,安康市,平利县', 610900, 2864),
(610927, '镇坪县', '陕西省,安康市,镇坪县', 610900, 2865),
(610928, '旬阳县', '陕西省,安康市,旬阳县', 610900, 2866),
(610929, '白河县', '陕西省,安康市,白河县', 610900, 2867),
(611000, '商洛市', '陕西省,商洛市', 610000, 303),
(611001, '市辖区', '陕西省,商洛市,市辖区', 611000, 2868),
(611002, '商州区', '陕西省,商洛市,商州区', 611000, 2869),
(611021, '洛南县', '陕西省,商洛市,洛南县', 611000, 2870),
(611022, '丹凤县', '陕西省,商洛市,丹凤县', 611000, 2871),
(611023, '商南县', '陕西省,商洛市,商南县', 611000, 2872),
(611024, '山阳县', '陕西省,商洛市,山阳县', 611000, 2873),
(611025, '镇安县', '陕西省,商洛市,镇安县', 611000, 2874),
(611026, '柞水县', '陕西省,商洛市,柞水县', 611000, 2875),
(620000, '甘肃省', '甘肃省', 0, 9),
(620100, '兰州市', '甘肃省,兰州市', 620000, 304),
(620101, '市辖区', '甘肃省,兰州市,市辖区', 620100, 2876),
(620102, '城关区', '甘肃省,兰州市,城关区', 620100, 2877),
(620103, '七里河区', '甘肃省,兰州市,七里河区', 620100, 2878),
(620104, '西固区', '甘肃省,兰州市,西固区', 620100, 2879),
(620105, '安宁区', '甘肃省,兰州市,安宁区', 620100, 2880),
(620111, '红古区', '甘肃省,兰州市,红古区', 620100, 2881),
(620121, '永登县', '甘肃省,兰州市,永登县', 620100, 2882),
(620122, '皋兰县', '甘肃省,兰州市,皋兰县', 620100, 2883),
(620123, '榆中县', '甘肃省,兰州市,榆中县', 620100, 2884),
(620200, '嘉峪关市', '甘肃省,嘉峪关市', 620000, 305),
(620201, '市辖区', '甘肃省,嘉峪关市,市辖区', 620200, 2885),
(620300, '金昌市', '甘肃省,金昌市', 620000, 306),
(620301, '市辖区', '甘肃省,金昌市,市辖区', 620300, 2886),
(620302, '金川区', '甘肃省,金昌市,金川区', 620300, 2887),
(620321, '永昌县', '甘肃省,金昌市,永昌县', 620300, 2888),
(620400, '白银市', '甘肃省,白银市', 620000, 307),
(620401, '市辖区', '甘肃省,白银市,市辖区', 620400, 2889),
(620402, '白银区', '甘肃省,白银市,白银区', 620400, 2890),
(620403, '平川区', '甘肃省,白银市,平川区', 620400, 2891),
(620421, '靖远县', '甘肃省,白银市,靖远县', 620400, 2892),
(620422, '会宁县', '甘肃省,白银市,会宁县', 620400, 2893),
(620423, '景泰县', '甘肃省,白银市,景泰县', 620400, 2894),
(620500, '天水市', '甘肃省,天水市', 620000, 308),
(620501, '市辖区', '甘肃省,天水市,市辖区', 620500, 2895),
(620502, '秦城区', '甘肃省,天水市,秦城区', 620500, 2896),
(620503, '北道区', '甘肃省,天水市,北道区', 620500, 2897),
(620521, '清水县', '甘肃省,天水市,清水县', 620500, 2898),
(620522, '秦安县', '甘肃省,天水市,秦安县', 620500, 2899),
(620523, '甘谷县', '甘肃省,天水市,甘谷县', 620500, 2900),
(620524, '武山县', '甘肃省,天水市,武山县', 620500, 2901),
(620525, '张家川回族自治县', '甘肃省,天水市,张家川回族自治县', 620500, 2902),
(620600, '武威市', '甘肃省,武威市', 620000, 309),
(620601, '市辖区', '甘肃省,武威市,市辖区', 620600, 2903),
(620602, '凉州区', '甘肃省,武威市,凉州区', 620600, 2904),
(620621, '民勤县', '甘肃省,武威市,民勤县', 620600, 2905),
(620622, '古浪县', '甘肃省,武威市,古浪县', 620600, 2906),
(620623, '天祝藏族自治县', '甘肃省,武威市,天祝藏族自治县', 620600, 2907),
(620700, '张掖市', '甘肃省,张掖市', 620000, 310),
(620701, '市辖区', '甘肃省,张掖市,市辖区', 620700, 2908),
(620702, '甘州区', '甘肃省,张掖市,甘州区', 620700, 2909),
(620721, '肃南裕固族自治县', '甘肃省,张掖市,肃南裕固族自治县', 620700, 2910),
(620722, '民乐县', '甘肃省,张掖市,民乐县', 620700, 2911),
(620723, '临泽县', '甘肃省,张掖市,临泽县', 620700, 2912),
(620724, '高台县', '甘肃省,张掖市,高台县', 620700, 2913),
(620725, '山丹县', '甘肃省,张掖市,山丹县', 620700, 2914),
(620800, '平凉市', '甘肃省,平凉市', 620000, 311),
(620801, '市辖区', '甘肃省,平凉市,市辖区', 620800, 2915),
(620802, '崆峒区', '甘肃省,平凉市,崆峒区', 620800, 2916),
(620821, '泾川县', '甘肃省,平凉市,泾川县', 620800, 2917),
(620822, '灵台县', '甘肃省,平凉市,灵台县', 620800, 2918),
(620823, '崇信县', '甘肃省,平凉市,崇信县', 620800, 2919),
(620824, '华亭县', '甘肃省,平凉市,华亭县', 620800, 2920),
(620825, '庄浪县', '甘肃省,平凉市,庄浪县', 620800, 2921),
(620826, '静宁县', '甘肃省,平凉市,静宁县', 620800, 2922),
(620900, '酒泉市', '甘肃省,酒泉市', 620000, 312),
(620901, '市辖区', '甘肃省,酒泉市,市辖区', 620900, 2923),
(620902, '肃州区', '甘肃省,酒泉市,肃州区', 620900, 2924),
(620921, '金塔县', '甘肃省,酒泉市,金塔县', 620900, 2925),
(620922, '安西县', '甘肃省,酒泉市,安西县', 620900, 2926),
(620923, '肃北蒙古族自治县', '甘肃省,酒泉市,肃北蒙古族自治县', 620900, 2927),
(620924, '阿克塞哈萨克族自治县', '甘肃省,酒泉市,阿克塞哈萨克族自治县', 620900, 2928),
(620981, '玉门市', '甘肃省,酒泉市,玉门市', 620900, 2929),
(620982, '敦煌市', '甘肃省,酒泉市,敦煌市', 620900, 2930),
(621000, '庆阳市', '甘肃省,庆阳市', 620000, 313),
(621001, '市辖区', '甘肃省,庆阳市,市辖区', 621000, 2931),
(621002, '西峰区', '甘肃省,庆阳市,西峰区', 621000, 2932),
(621021, '庆城县', '甘肃省,庆阳市,庆城县', 621000, 2933),
(621022, '环　县', '甘肃省,庆阳市,环　县', 621000, 2934),
(621023, '华池县', '甘肃省,庆阳市,华池县', 621000, 2935),
(621024, '合水县', '甘肃省,庆阳市,合水县', 621000, 2936),
(621025, '正宁县', '甘肃省,庆阳市,正宁县', 621000, 2937),
(621026, '宁　县', '甘肃省,庆阳市,宁　县', 621000, 2938),
(621027, '镇原县', '甘肃省,庆阳市,镇原县', 621000, 2939),
(621100, '定西市', '甘肃省,定西市', 620000, 314),
(621101, '市辖区', '甘肃省,定西市,市辖区', 621100, 2940),
(621102, '安定区', '甘肃省,定西市,安定区', 621100, 2941),
(621121, '通渭县', '甘肃省,定西市,通渭县', 621100, 2942),
(621122, '陇西县', '甘肃省,定西市,陇西县', 621100, 2943),
(621123, '渭源县', '甘肃省,定西市,渭源县', 621100, 2944),
(621124, '临洮县', '甘肃省,定西市,临洮县', 621100, 2945),
(621125, '漳　县', '甘肃省,定西市,漳　县', 621100, 2946),
(621126, '岷　县', '甘肃省,定西市,岷　县', 621100, 2947),
(621200, '陇南市', '甘肃省,陇南市', 620000, 315),
(621201, '市辖区', '甘肃省,陇南市,市辖区', 621200, 2948),
(621202, '武都区', '甘肃省,陇南市,武都区', 621200, 2949),
(621221, '成　县', '甘肃省,陇南市,成　县', 621200, 2950),
(621222, '文　县', '甘肃省,陇南市,文　县', 621200, 2951),
(621223, '宕昌县', '甘肃省,陇南市,宕昌县', 621200, 2952),
(621224, '康　县', '甘肃省,陇南市,康　县', 621200, 2953),
(621225, '西和县', '甘肃省,陇南市,西和县', 621200, 2954),
(621226, '礼　县', '甘肃省,陇南市,礼　县', 621200, 2955),
(621227, '徽　县', '甘肃省,陇南市,徽　县', 621200, 2956),
(621228, '两当县', '甘肃省,陇南市,两当县', 621200, 2957),
(622900, '临夏回族自治州', '甘肃省,临夏回族自治州', 620000, 316),
(622901, '临夏市', '甘肃省,临夏回族自治州,临夏市', 622900, 2958),
(622921, '临夏县', '甘肃省,临夏回族自治州,临夏县', 622900, 2959),
(622922, '康乐县', '甘肃省,临夏回族自治州,康乐县', 622900, 2960),
(622923, '永靖县', '甘肃省,临夏回族自治州,永靖县', 622900, 2961),
(622924, '广河县', '甘肃省,临夏回族自治州,广河县', 622900, 2962),
(622925, '和政县', '甘肃省,临夏回族自治州,和政县', 622900, 2963),
(622926, '东乡族自治县', '甘肃省,临夏回族自治州,东乡族自治县', 622900, 2964),
(622927, '积石山保安族东乡族撒拉族自治县', '甘肃省,临夏回族自治州,积石山保安族东乡族撒拉族自治县', 622900, 2965),
(623000, '甘南藏族自治州', '甘肃省,甘南藏族自治州', 620000, 317),
(623001, '合作市', '甘肃省,甘南藏族自治州,合作市', 623000, 2966),
(623021, '临潭县', '甘肃省,甘南藏族自治州,临潭县', 623000, 2967),
(623022, '卓尼县', '甘肃省,甘南藏族自治州,卓尼县', 623000, 2968),
(623023, '舟曲县', '甘肃省,甘南藏族自治州,舟曲县', 623000, 2969),
(623024, '迭部县', '甘肃省,甘南藏族自治州,迭部县', 623000, 2970),
(623025, '玛曲县', '甘肃省,甘南藏族自治州,玛曲县', 623000, 2971),
(623026, '碌曲县', '甘肃省,甘南藏族自治州,碌曲县', 623000, 2972),
(623027, '夏河县', '甘肃省,甘南藏族自治州,夏河县', 623000, 2973),
(630000, '青海省', '青海省', 0, 22),
(630100, '西宁市', '青海省,西宁市', 630000, 318),
(630101, '市辖区', '青海省,西宁市,市辖区', 630100, 2974),
(630102, '城东区', '青海省,西宁市,城东区', 630100, 2975),
(630103, '城中区', '青海省,西宁市,城中区', 630100, 2976),
(630104, '城西区', '青海省,西宁市,城西区', 630100, 2977),
(630105, '城北区', '青海省,西宁市,城北区', 630100, 2978),
(630121, '大通回族土族自治县', '青海省,西宁市,大通回族土族自治县', 630100, 2979),
(630122, '湟中县', '青海省,西宁市,湟中县', 630100, 2980),
(630123, '湟源县', '青海省,西宁市,湟源县', 630100, 2981),
(632100, '海东地区', '青海省,海东地区', 630000, 319),
(632121, '平安县', '青海省,海东地区,平安县', 632100, 2982),
(632122, '民和回族土族自治县', '青海省,海东地区,民和回族土族自治县', 632100, 2983),
(632123, '乐都县', '青海省,海东地区,乐都县', 632100, 2984),
(632126, '互助土族自治县', '青海省,海东地区,互助土族自治县', 632100, 2985),
(632127, '化隆回族自治县', '青海省,海东地区,化隆回族自治县', 632100, 2986),
(632128, '循化撒拉族自治县', '青海省,海东地区,循化撒拉族自治县', 632100, 2987),
(632200, '海北藏族自治州', '青海省,海北藏族自治州', 630000, 320),
(632221, '门源回族自治县', '青海省,海北藏族自治州,门源回族自治县', 632200, 2988),
(632222, '祁连县', '青海省,海北藏族自治州,祁连县', 632200, 2989),
(632223, '海晏县', '青海省,海北藏族自治州,海晏县', 632200, 2990),
(632224, '刚察县', '青海省,海北藏族自治州,刚察县', 632200, 2991),
(632300, '黄南藏族自治州', '青海省,黄南藏族自治州', 630000, 321),
(632321, '同仁县', '青海省,黄南藏族自治州,同仁县', 632300, 2992),
(632322, '尖扎县', '青海省,黄南藏族自治州,尖扎县', 632300, 2993),
(632323, '泽库县', '青海省,黄南藏族自治州,泽库县', 632300, 2994),
(632324, '河南蒙古族自治县', '青海省,黄南藏族自治州,河南蒙古族自治县', 632300, 2995),
(632500, '海南藏族自治州', '青海省,海南藏族自治州', 630000, 322),
(632521, '共和县', '青海省,海南藏族自治州,共和县', 632500, 2996),
(632522, '同德县', '青海省,海南藏族自治州,同德县', 632500, 2997),
(632523, '贵德县', '青海省,海南藏族自治州,贵德县', 632500, 2998),
(632524, '兴海县', '青海省,海南藏族自治州,兴海县', 632500, 2999),
(632525, '贵南县', '青海省,海南藏族自治州,贵南县', 632500, 3000),
(632600, '果洛藏族自治州', '青海省,果洛藏族自治州', 630000, 323),
(632621, '玛沁县', '青海省,果洛藏族自治州,玛沁县', 632600, 3001),
(632622, '班玛县', '青海省,果洛藏族自治州,班玛县', 632600, 3002),
(632623, '甘德县', '青海省,果洛藏族自治州,甘德县', 632600, 3003),
(632624, '达日县', '青海省,果洛藏族自治州,达日县', 632600, 3004),
(632625, '久治县', '青海省,果洛藏族自治州,久治县', 632600, 3005),
(632626, '玛多县', '青海省,果洛藏族自治州,玛多县', 632600, 3006),
(632700, '玉树藏族自治州', '青海省,玉树藏族自治州', 630000, 324),
(632721, '玉树县', '青海省,玉树藏族自治州,玉树县', 632700, 3007),
(632722, '杂多县', '青海省,玉树藏族自治州,杂多县', 632700, 3008),
(632723, '称多县', '青海省,玉树藏族自治州,称多县', 632700, 3009),
(632724, '治多县', '青海省,玉树藏族自治州,治多县', 632700, 3010),
(632725, '囊谦县', '青海省,玉树藏族自治州,囊谦县', 632700, 3011),
(632726, '曲麻莱县', '青海省,玉树藏族自治州,曲麻莱县', 632700, 3012),
(632800, '海西蒙古族藏族自治州', '青海省,海西蒙古族藏族自治州', 630000, 325),
(632801, '格尔木市', '青海省,海西蒙古族藏族自治州,格尔木市', 632800, 3013),
(632802, '德令哈市', '青海省,海西蒙古族藏族自治州,德令哈市', 632800, 3014),
(632821, '乌兰县', '青海省,海西蒙古族藏族自治州,乌兰县', 632800, 3015),
(632822, '都兰县', '青海省,海西蒙古族藏族自治州,都兰县', 632800, 3016),
(632823, '天峻县', '青海省,海西蒙古族藏族自治州,天峻县', 632800, 3017),
(640000, '宁夏回族自治区', '宁夏回族自治区', 0, 21),
(640100, '银川市', '宁夏回族自治区,银川市', 640000, 326),
(640101, '市辖区', '宁夏回族自治区,银川市,市辖区', 640100, 3018),
(640104, '兴庆区', '宁夏回族自治区,银川市,兴庆区', 640100, 3019),
(640105, '西夏区', '宁夏回族自治区,银川市,西夏区', 640100, 3020),
(640106, '金凤区', '宁夏回族自治区,银川市,金凤区', 640100, 3021),
(640121, '永宁县', '宁夏回族自治区,银川市,永宁县', 640100, 3022),
(640122, '贺兰县', '宁夏回族自治区,银川市,贺兰县', 640100, 3023),
(640181, '灵武市', '宁夏回族自治区,银川市,灵武市', 640100, 3024),
(640200, '石嘴山市', '宁夏回族自治区,石嘴山市', 640000, 327),
(640201, '市辖区', '宁夏回族自治区,石嘴山市,市辖区', 640200, 3025),
(640202, '大武口区', '宁夏回族自治区,石嘴山市,大武口区', 640200, 3026),
(640205, '惠农区', '宁夏回族自治区,石嘴山市,惠农区', 640200, 3027),
(640221, '平罗县', '宁夏回族自治区,石嘴山市,平罗县', 640200, 3028),
(640300, '吴忠市', '宁夏回族自治区,吴忠市', 640000, 328),
(640301, '市辖区', '宁夏回族自治区,吴忠市,市辖区', 640300, 3029),
(640302, '利通区', '宁夏回族自治区,吴忠市,利通区', 640300, 3030),
(640323, '盐池县', '宁夏回族自治区,吴忠市,盐池县', 640300, 3031),
(640324, '同心县', '宁夏回族自治区,吴忠市,同心县', 640300, 3032),
(640381, '青铜峡市', '宁夏回族自治区,吴忠市,青铜峡市', 640300, 3033),
(640400, '固原市', '宁夏回族自治区,固原市', 640000, 329),
(640401, '市辖区', '宁夏回族自治区,固原市,市辖区', 640400, 3034),
(640402, '原州区', '宁夏回族自治区,固原市,原州区', 640400, 3035),
(640422, '西吉县', '宁夏回族自治区,固原市,西吉县', 640400, 3036),
(640423, '隆德县', '宁夏回族自治区,固原市,隆德县', 640400, 3037),
(640424, '泾源县', '宁夏回族自治区,固原市,泾源县', 640400, 3038),
(640425, '彭阳县', '宁夏回族自治区,固原市,彭阳县', 640400, 3039),
(640500, '中卫市', '宁夏回族自治区,中卫市', 640000, 330),
(640501, '市辖区', '宁夏回族自治区,中卫市,市辖区', 640500, 3040),
(640502, '沙坡头区', '宁夏回族自治区,中卫市,沙坡头区', 640500, 3041),
(640521, '中宁县', '宁夏回族自治区,中卫市,中宁县', 640500, 3042),
(640522, '海原县', '宁夏回族自治区,中卫市,海原县', 640500, 3043),
(650000, '新疆维吾尔自治区', '新疆维吾尔自治区', 0, 31),
(650100, '乌鲁木齐市', '新疆维吾尔自治区,乌鲁木齐市', 650000, 331),
(650101, '市辖区', '新疆维吾尔自治区,乌鲁木齐市,市辖区', 650100, 3044),
(650102, '天山区', '新疆维吾尔自治区,乌鲁木齐市,天山区', 650100, 3045),
(650103, '沙依巴克区', '新疆维吾尔自治区,乌鲁木齐市,沙依巴克区', 650100, 3046),
(650104, '新市区', '新疆维吾尔自治区,乌鲁木齐市,新市区', 650100, 3047),
(650105, '水磨沟区', '新疆维吾尔自治区,乌鲁木齐市,水磨沟区', 650100, 3048),
(650106, '头屯河区', '新疆维吾尔自治区,乌鲁木齐市,头屯河区', 650100, 3049),
(650107, '达坂城区', '新疆维吾尔自治区,乌鲁木齐市,达坂城区', 650100, 3050),
(650108, '东山区', '新疆维吾尔自治区,乌鲁木齐市,东山区', 650100, 3051),
(650121, '乌鲁木齐县', '新疆维吾尔自治区,乌鲁木齐市,乌鲁木齐县', 650100, 3052),
(650200, '克拉玛依市', '新疆维吾尔自治区,克拉玛依市', 650000, 332),
(650201, '市辖区', '新疆维吾尔自治区,克拉玛依市,市辖区', 650200, 3053),
(650202, '独山子区', '新疆维吾尔自治区,克拉玛依市,独山子区', 650200, 3054),
(650203, '克拉玛依区', '新疆维吾尔自治区,克拉玛依市,克拉玛依区', 650200, 3055),
(650204, '白碱滩区', '新疆维吾尔自治区,克拉玛依市,白碱滩区', 650200, 3056),
(650205, '乌尔禾区', '新疆维吾尔自治区,克拉玛依市,乌尔禾区', 650200, 3057),
(652100, '吐鲁番地区', '新疆维吾尔自治区,吐鲁番地区', 650000, 333),
(652101, '吐鲁番市', '新疆维吾尔自治区,吐鲁番地区,吐鲁番市', 652100, 3058),
(652122, '鄯善县', '新疆维吾尔自治区,吐鲁番地区,鄯善县', 652100, 3059),
(652123, '托克逊县', '新疆维吾尔自治区,吐鲁番地区,托克逊县', 652100, 3060),
(652200, '哈密地区', '新疆维吾尔自治区,哈密地区', 650000, 334),
(652201, '哈密市', '新疆维吾尔自治区,哈密地区,哈密市', 652200, 3061),
(652222, '巴里坤哈萨克自治县', '新疆维吾尔自治区,哈密地区,巴里坤哈萨克自治县', 652200, 3062),
(652223, '伊吾县', '新疆维吾尔自治区,哈密地区,伊吾县', 652200, 3063),
(652300, '昌吉回族自治州', '新疆维吾尔自治区,昌吉回族自治州', 650000, 335),
(652301, '昌吉市', '新疆维吾尔自治区,昌吉回族自治州,昌吉市', 652300, 3064),
(652302, '阜康市', '新疆维吾尔自治区,昌吉回族自治州,阜康市', 652300, 3065),
(652303, '米泉市', '新疆维吾尔自治区,昌吉回族自治州,米泉市', 652300, 3066),
(652323, '呼图壁县', '新疆维吾尔自治区,昌吉回族自治州,呼图壁县', 652300, 3067),
(652324, '玛纳斯县', '新疆维吾尔自治区,昌吉回族自治州,玛纳斯县', 652300, 3068),
(652325, '奇台县', '新疆维吾尔自治区,昌吉回族自治州,奇台县', 652300, 3069),
(652327, '吉木萨尔县', '新疆维吾尔自治区,昌吉回族自治州,吉木萨尔县', 652300, 3070),
(652328, '木垒哈萨克自治县', '新疆维吾尔自治区,昌吉回族自治州,木垒哈萨克自治县', 652300, 3071),
(652700, '博尔塔拉蒙古自治州', '新疆维吾尔自治区,博尔塔拉蒙古自治州', 650000, 336),
(652701, '博乐市', '新疆维吾尔自治区,博尔塔拉蒙古自治州,博乐市', 652700, 3072),
(652722, '精河县', '新疆维吾尔自治区,博尔塔拉蒙古自治州,精河县', 652700, 3073),
(652723, '温泉县', '新疆维吾尔自治区,博尔塔拉蒙古自治州,温泉县', 652700, 3074),
(652800, '巴音郭楞蒙古自治州', '新疆维吾尔自治区,巴音郭楞蒙古自治州', 650000, 337),
(652801, '库尔勒市', '新疆维吾尔自治区,巴音郭楞蒙古自治州,库尔勒市', 652800, 3075),
(652822, '轮台县', '新疆维吾尔自治区,巴音郭楞蒙古自治州,轮台县', 652800, 3076),
(652823, '尉犁县', '新疆维吾尔自治区,巴音郭楞蒙古自治州,尉犁县', 652800, 3077),
(652824, '若羌县', '新疆维吾尔自治区,巴音郭楞蒙古自治州,若羌县', 652800, 3078),
(652825, '且末县', '新疆维吾尔自治区,巴音郭楞蒙古自治州,且末县', 652800, 3079),
(652826, '焉耆回族自治县', '新疆维吾尔自治区,巴音郭楞蒙古自治州,焉耆回族自治县', 652800, 3080),
(652827, '和静县', '新疆维吾尔自治区,巴音郭楞蒙古自治州,和静县', 652800, 3081),
(652828, '和硕县', '新疆维吾尔自治区,巴音郭楞蒙古自治州,和硕县', 652800, 3082),
(652829, '博湖县', '新疆维吾尔自治区,巴音郭楞蒙古自治州,博湖县', 652800, 3083),
(652900, '阿克苏地区', '新疆维吾尔自治区,阿克苏地区', 650000, 338),
(652901, '阿克苏市', '新疆维吾尔自治区,阿克苏地区,阿克苏市', 652900, 3084),
(652922, '温宿县', '新疆维吾尔自治区,阿克苏地区,温宿县', 652900, 3085),
(652923, '库车县', '新疆维吾尔自治区,阿克苏地区,库车县', 652900, 3086),
(652924, '沙雅县', '新疆维吾尔自治区,阿克苏地区,沙雅县', 652900, 3087),
(652925, '新和县', '新疆维吾尔自治区,阿克苏地区,新和县', 652900, 3088),
(652926, '拜城县', '新疆维吾尔自治区,阿克苏地区,拜城县', 652900, 3089),
(652927, '乌什县', '新疆维吾尔自治区,阿克苏地区,乌什县', 652900, 3090),
(652928, '阿瓦提县', '新疆维吾尔自治区,阿克苏地区,阿瓦提县', 652900, 3091),
(652929, '柯坪县', '新疆维吾尔自治区,阿克苏地区,柯坪县', 652900, 3092),
(653000, '克孜勒苏柯尔克孜自治州', '新疆维吾尔自治区,克孜勒苏柯尔克孜自治州', 650000, 339),
(653001, '阿图什市', '新疆维吾尔自治区,克孜勒苏柯尔克孜自治州,阿图什市', 653000, 3093),
(653022, '阿克陶县', '新疆维吾尔自治区,克孜勒苏柯尔克孜自治州,阿克陶县', 653000, 3094),
(653023, '阿合奇县', '新疆维吾尔自治区,克孜勒苏柯尔克孜自治州,阿合奇县', 653000, 3095),
(653024, '乌恰县', '新疆维吾尔自治区,克孜勒苏柯尔克孜自治州,乌恰县', 653000, 3096),
(653100, '喀什地区', '新疆维吾尔自治区,喀什地区', 650000, 340),
(653101, '喀什市', '新疆维吾尔自治区,喀什地区,喀什市', 653100, 3097),
(653121, '疏附县', '新疆维吾尔自治区,喀什地区,疏附县', 653100, 3098),
(653122, '疏勒县', '新疆维吾尔自治区,喀什地区,疏勒县', 653100, 3099),
(653123, '英吉沙县', '新疆维吾尔自治区,喀什地区,英吉沙县', 653100, 3100),
(653124, '泽普县', '新疆维吾尔自治区,喀什地区,泽普县', 653100, 3101),
(653125, '莎车县', '新疆维吾尔自治区,喀什地区,莎车县', 653100, 3102),
(653126, '叶城县', '新疆维吾尔自治区,喀什地区,叶城县', 653100, 3103),
(653127, '麦盖提县', '新疆维吾尔自治区,喀什地区,麦盖提县', 653100, 3104),
(653128, '岳普湖县', '新疆维吾尔自治区,喀什地区,岳普湖县', 653100, 3105),
(653129, '伽师县', '新疆维吾尔自治区,喀什地区,伽师县', 653100, 3106),
(653130, '巴楚县', '新疆维吾尔自治区,喀什地区,巴楚县', 653100, 3107),
(653131, '塔什库尔干塔吉克自治县', '新疆维吾尔自治区,喀什地区,塔什库尔干塔吉克自治县', 653100, 3108),
(653200, '和田地区', '新疆维吾尔自治区,和田地区', 650000, 341),
(653201, '和田市', '新疆维吾尔自治区,和田地区,和田市', 653200, 3109),
(653221, '和田县', '新疆维吾尔自治区,和田地区,和田县', 653200, 3110),
(653222, '墨玉县', '新疆维吾尔自治区,和田地区,墨玉县', 653200, 3111),
(653223, '皮山县', '新疆维吾尔自治区,和田地区,皮山县', 653200, 3112),
(653224, '洛浦县', '新疆维吾尔自治区,和田地区,洛浦县', 653200, 3113),
(653225, '策勒县', '新疆维吾尔自治区,和田地区,策勒县', 653200, 3114),
(653226, '于田县', '新疆维吾尔自治区,和田地区,于田县', 653200, 3115),
(653227, '民丰县', '新疆维吾尔自治区,和田地区,民丰县', 653200, 3116),
(654000, '伊犁哈萨克自治州', '新疆维吾尔自治区,伊犁哈萨克自治州', 650000, 342),
(654002, '伊宁市', '新疆维吾尔自治区,伊犁哈萨克自治州,伊宁市', 654000, 3117),
(654003, '奎屯市', '新疆维吾尔自治区,伊犁哈萨克自治州,奎屯市', 654000, 3118),
(654021, '伊宁县', '新疆维吾尔自治区,伊犁哈萨克自治州,伊宁县', 654000, 3119),
(654022, '察布查尔锡伯自治县', '新疆维吾尔自治区,伊犁哈萨克自治州,察布查尔锡伯自治县', 654000, 3120),
(654023, '霍城县', '新疆维吾尔自治区,伊犁哈萨克自治州,霍城县', 654000, 3121),
(654024, '巩留县', '新疆维吾尔自治区,伊犁哈萨克自治州,巩留县', 654000, 3122),
(654025, '新源县', '新疆维吾尔自治区,伊犁哈萨克自治州,新源县', 654000, 3123);
INSERT INTO `jydp_areas` (`areaid`, `name`, `joinname`, `parentid`, `vieworder`) VALUES
(654026, '昭苏县', '新疆维吾尔自治区,伊犁哈萨克自治州,昭苏县', 654000, 3124),
(654027, '特克斯县', '新疆维吾尔自治区,伊犁哈萨克自治州,特克斯县', 654000, 3125),
(654028, '尼勒克县', '新疆维吾尔自治区,伊犁哈萨克自治州,尼勒克县', 654000, 3126),
(654200, '塔城地区', '新疆维吾尔自治区,塔城地区', 650000, 343),
(654201, '塔城市', '新疆维吾尔自治区,塔城地区,塔城市', 654200, 3127),
(654202, '乌苏市', '新疆维吾尔自治区,塔城地区,乌苏市', 654200, 3128),
(654221, '额敏县', '新疆维吾尔自治区,塔城地区,额敏县', 654200, 3129),
(654223, '沙湾县', '新疆维吾尔自治区,塔城地区,沙湾县', 654200, 3130),
(654224, '托里县', '新疆维吾尔自治区,塔城地区,托里县', 654200, 3131),
(654225, '裕民县', '新疆维吾尔自治区,塔城地区,裕民县', 654200, 3132),
(654226, '和布克赛尔蒙古自治县', '新疆维吾尔自治区,塔城地区,和布克赛尔蒙古自治县', 654200, 3133),
(654300, '阿勒泰地区', '新疆维吾尔自治区,阿勒泰地区', 650000, 344),
(654301, '阿勒泰市', '新疆维吾尔自治区,阿勒泰地区,阿勒泰市', 654300, 3134),
(654321, '布尔津县', '新疆维吾尔自治区,阿勒泰地区,布尔津县', 654300, 3135),
(654322, '富蕴县', '新疆维吾尔自治区,阿勒泰地区,富蕴县', 654300, 3136),
(654323, '福海县', '新疆维吾尔自治区,阿勒泰地区,福海县', 654300, 3137),
(654324, '哈巴河县', '新疆维吾尔自治区,阿勒泰地区,哈巴河县', 654300, 3138),
(654325, '青河县', '新疆维吾尔自治区,阿勒泰地区,青河县', 654300, 3139),
(654326, '吉木乃县', '新疆维吾尔自治区,阿勒泰地区,吉木乃县', 654300, 3140),
(659000, '省直辖行政单位', '新疆维吾尔自治区,省直辖行政单位', 650000, 345),
(659001, '石河子市', '新疆维吾尔自治区,省直辖行政单位,石河子市', 659000, 3141),
(659002, '阿拉尔市', '新疆维吾尔自治区,省直辖行政单位,阿拉尔市', 659000, 3142),
(659003, '图木舒克市', '新疆维吾尔自治区,省直辖行政单位,图木舒克市', 659000, 3143),
(659004, '五家渠市', '新疆维吾尔自治区,省直辖行政单位,五家渠市', 659000, 3144),
(710000, '台湾省', '台湾省', 0, 29),
(710001, '台北市', '台湾省,台北市', 710000, 1),
(710002, '高雄市', '台湾省,高雄市', 710000, 2),
(710003, '基隆市', '台湾省,基隆市', 710000, 3),
(710004, '台中市', '台湾省,台中市', 710000, 4),
(710005, '台南市', '台湾省,台南市', 710000, 5),
(710006, '新竹市', '台湾省,新竹市', 710000, 6),
(710007, '嘉义市', '台湾省,嘉义市', 710000, 7),
(710008, '台北县', '台湾省,台北县', 710000, 8),
(710009, '宜兰县', '台湾省,宜兰县', 710000, 9),
(710010, '桃园县', '台湾省,桃园县', 710000, 10),
(710011, '新竹县', '台湾省,新竹县', 710000, 11),
(710012, '苗栗县', '台湾省,苗栗县', 710000, 12),
(710013, '台中县', '台湾省,台中县', 710000, 13),
(710014, '彰化县', '台湾省,彰化县', 710000, 14),
(710015, '南投县', '台湾省,南投县', 710000, 15),
(710016, '云林县', '台湾省,云林县', 710000, 16),
(710017, '嘉义县', '台湾省,嘉义县', 710000, 17),
(710018, '台南县', '台湾省,台南县', 710000, 18),
(710019, '高雄县', '台湾省,高雄县', 710000, 19),
(710020, '屏东县', '台湾省,屏东县', 710000, 20),
(710021, '澎湖县', '台湾省,澎湖县', 710000, 21),
(710022, '台东县', '台湾省,台东县', 710000, 22),
(710023, '花莲县', '台湾省,花莲县', 710000, 23),
(810000, '香港特别行政区', '香港特别行政区', 0, 32),
(810001, '香港', '香港特别行政区,香港', 810000, 1),
(810002, '中西区', '香港特别行政区,香港,中西区', 810001, 1),
(810003, '九龙城区', '香港特别行政区,香港,九龙城区', 810001, 2),
(810004, '南区', '香港特别行政区,香港,南区', 810001, 3),
(810005, '黄大仙区', '香港特别行政区,香港,黄大仙区', 810001, 4),
(810006, '油尖旺区', '香港特别行政区,香港,油尖旺区', 810001, 5),
(810007, '葵青区', '香港特别行政区,香港,葵青区', 810001, 6),
(810008, '西贡区', '香港特别行政区,香港,西贡区', 810001, 7),
(810009, '屯门区', '香港特别行政区,香港,屯门区', 810001, 8),
(810010, '荃湾区', '香港特别行政区,香港,荃湾区', 810001, 9),
(810011, '东区', '香港特别行政区,香港,东区', 810001, 10),
(810012, '观塘区', '香港特别行政区,香港,观塘区', 810001, 11),
(810013, '深水步区', '香港特别行政区,香港,深水步区', 810001, 12),
(810014, '湾仔区', '香港特别行政区,香港,湾仔区', 810001, 13),
(810015, '离岛区', '香港特别行政区,香港,离岛区', 810001, 14),
(810016, '北区', '香港特别行政区,香港,北区', 810001, 15),
(810017, '沙田区', '香港特别行政区,香港,沙田区', 810001, 16),
(810018, '大埔区', '香港特别行政区,香港,大埔区', 810001, 17),
(810019, '元朗区', '香港特别行政区,香港,元朗区', 810001, 18),
(820000, '澳门特别行政区', '澳门特别行政区', 0, 2),
(820001, '澳门', '澳门特别行政区,澳门', 820000, 0),
(820101, '大堂区', '澳门特别行政区,澳门,大堂区', 820001, 1),
(820102, '氹仔', '澳门特别行政区,澳门,氹仔', 820001, 2),
(820103, '风顺堂区', '澳门特别行政区,澳门,风顺堂区', 820001, 3),
(820104, '花地玛堂区', '澳门特别行政区,澳门,花地玛堂区', 820001, 4),
(820105, '路环岛', '澳门特别行政区,澳门,路环岛', 820001, 5),
(820106, '圣安多尼堂区', '澳门特别行政区,澳门,圣安多尼堂区', 820001, 6),
(820107, '望德堂区', '澳门特别行政区,澳门,望德堂区', 820001, 7),
(910005, '中山市', '广东省,中山市,中山市', 442000, 217),
(910006, '东莞市', '广东省,东莞市,东莞市', 441900, 0);

-- --------------------------------------------------------

--
-- 表的结构 `jydp_attachment`
--

CREATE TABLE IF NOT EXISTS `jydp_attachment` (
  `aid` int(10) unsigned NOT NULL AUTO_INCREMENT,
  `module` char(15) NOT NULL,
  `catid` smallint(5) unsigned NOT NULL DEFAULT '0',
  `filename` char(50) NOT NULL,
  `filepath` char(200) NOT NULL,
  `filesize` int(10) unsigned NOT NULL DEFAULT '0',
  `fileext` char(10) NOT NULL,
  `isimage` tinyint(1) unsigned NOT NULL DEFAULT '0',
  `isthumb` tinyint(1) unsigned NOT NULL DEFAULT '0',
  `downloads` mediumint(8) unsigned NOT NULL DEFAULT '0',
  `userid` mediumint(8) unsigned NOT NULL DEFAULT '0',
  `uploadtime` int(10) unsigned NOT NULL DEFAULT '0',
  `uploadip` char(15) NOT NULL,
  `status` tinyint(1) NOT NULL DEFAULT '0',
  `authcode` char(32) NOT NULL,
  `siteid` smallint(5) unsigned NOT NULL DEFAULT '0',
  PRIMARY KEY (`aid`),
  KEY `authcode` (`authcode`)
) ENGINE=MyISAM  DEFAULT CHARSET=utf8 ROW_FORMAT=FIXED AUTO_INCREMENT=25 ;

--
-- 转存表中的数据 `jydp_attachment`
--

INSERT INTO `jydp_attachment` (`aid`, `module`, `catid`, `filename`, `filepath`, `filesize`, `fileext`, `isimage`, `isthumb`, `downloads`, `userid`, `uploadtime`, `uploadip`, `status`, `authcode`, `siteid`) VALUES
(1, 'content', 12, 'cover.png', '2017/0620/20170620050537867.png', 579278, 'png', 1, 0, 0, 1, 1497949537, '59.52.13.4', 1, '0cc8a1c4508f0388fda6a00f80588d72', 1),
(2, 'content', 13, 'phptXotVW.1466584828.jpg', '2017/0620/20170620051144119.jpg', 429816, 'jpg', 1, 0, 0, 1, 1497949904, '59.52.13.4', 1, 'e7817c92ec881a0aceb01f0a0c954a12', 1),
(3, 'content', 13, '20170620051207443.jpg', '2017/0620/20170620051207902.jpg', 169364, 'jpg', 1, 0, 0, 1, 1497949927, '59.52.13.4', 1, '8e1e976862aea294d7fe6a6a534ccc3b', 1),
(4, 'content', 14, 'timg.jpg', '2017/0620/20170620051321313.jpg', 124499, 'jpg', 1, 0, 0, 1, 1497950001, '59.52.13.4', 1, '7fd1eb0f8b85f238c999f216908e9c1c', 1),
(5, 'content', 15, 'share_tip.png', '2017/0620/20170620051448278.png', 107588, 'png', 1, 0, 0, 1, 1497950088, '59.52.13.4', 1, 'bd48a9c5d87ad93f3851356f909ee182', 1),
(6, 'content', 11, 'sy_69522878697.jpg', '2017/0626/20170626073932965.jpg', 61533, 'jpg', 1, 0, 0, 1, 1498477172, '182.109.226.106', 1, '954e16f86db4ca278b5422d30b2fbad9', 1),
(7, 'content', 11, 'timg (1).jpg', '2017/0626/20170626074006406.jpg', 173152, 'jpg', 1, 0, 0, 1, 1498477206, '182.109.226.106', 1, 'b58b4a3db5de9e7bb79188fbdb7834cb', 1),
(8, 'content', 11, '微信图片_20170605163538.png', '2017/0626/20170626075634267.png', 458039, 'png', 1, 0, 0, 1, 1498478194, '182.109.226.106', 1, 'bab82d3328cbe004483da65268fece2c', 1),
(9, 'content', 11, '微信图片_20170605163552.png', '2017/0626/20170626075700954.png', 339302, 'png', 1, 0, 0, 1, 1498478220, '182.109.226.106', 1, '0c1a0160da735da40462cd181b4e6cc6', 1),
(10, 'content', 11, 'sy_69522878697.jpg', '2017/0628/20170628095130978.jpg', 61533, 'jpg', 1, 0, 0, 1, 1498614690, '111.75.13.66', 1, '6cc39d319e05d833e4e702adde9a3d92', 1),
(11, 'content', 12, '3.png', '2017/0703/20170703102129575.png', 9660, 'png', 1, 0, 0, 1, 1499048489, '220.177.141.200', 1, 'c2ae95e8eb8ed5697ef012c77ffe7bc0', 1),
(12, 'content', 12, 'JZ9JIWDF$D~P6IPPDNINR9K.png', '2017/0703/20170703102201322.png', 6834, 'png', 1, 0, 0, 1, 1499048521, '220.177.141.200', 1, '1853e4c863dc905790da9ebca85f91d9', 1),
(13, 'content', 12, 'logo1.jpg', '2017/0703/20170703102220112.jpg', 13873, 'jpg', 1, 0, 0, 1, 1499048540, '220.177.141.200', 1, 'ee1ea339dcec8a313460d4f1a6ba5245', 1),
(14, 'content', 11, 'logo1.jpg', '2017/0703/20170703104448849.jpg', 13873, 'jpg', 1, 0, 0, 1, 1499049888, '220.177.141.200', 1, '4a3d37f1aa65491abdb672e60a081a0c', 1),
(15, 'content', 0, '20130604080439612.jpg', '2017/0706/20170706030912859.jpg', 74686, 'jpg', 1, 0, 0, 1, 1499324952, '115.152.103.91', 1, '5bedf88466bd244782fee3ebd7dc6139', 1),
(16, 'content', 0, 'af34f7562faaf78349d9e562051870c2.jpg', '2017/0706/20170706030912529.jpg', 101709, 'jpg', 1, 0, 0, 1, 1499324952, '115.152.103.91', 1, '5d8a6a6fb32942023738f8fbeaab2cf1', 1),
(17, 'content', 0, 'sy_69522878697.jpg', '2017/0706/20170706030912236.jpg', 61533, 'jpg', 1, 0, 0, 1, 1499324952, '115.152.103.91', 1, 'd90377488d47adccb745c12b24df440b', 1),
(18, 'content', 19, '1.png', '2017/0706/20170706062454298.png', 189743, 'png', 1, 0, 0, 1, 1499336694, '115.152.103.91', 1, 'eb66d61bbd5a938b8bef41ca7d2f413b', 1),
(19, 'content', 19, 'coupon.png', '2017/0706/20170706062454203.png', 47675, 'png', 1, 0, 0, 1, 1499336694, '115.152.103.91', 1, '42ee23da614abf848349b89b9498770d', 1),
(20, 'content', 16, 'coupon.png', '2017/0707/20170707093103763.png', 47675, 'png', 1, 0, 0, 1, 1499391063, '115.152.103.91', 1, '7abc11f10d779c12a27051f3dddbee7b', 1),
(21, 'content', 0, 'timg (1).jpg', '2017/0707/20170707120755111.jpg', 173152, 'jpg', 1, 0, 0, 16, 1499400475, '115.152.103.91', 0, 'bb0dd203df7235c9f603af2737548957', 1),
(22, 'content', 0, 'timg (1).jpg', '2017/0707/20170707120909873.jpg', 173152, 'jpg', 1, 0, 0, 16, 1499400549, '115.152.103.91', 0, 'c46330edf10682b4e0a065719b356929', 1),
(23, 'content', 0, 'card_17.png', '2017/0707/20170707122317243.png', 85491, 'png', 1, 0, 0, 17, 1499401397, '115.152.103.91', 0, 'ff1e2f136df5e76b58e4061b22963b78', 1),
(24, 'content', 0, 'card_17.png', '2017/0707/20170707043508833.png', 85491, 'png', 1, 0, 0, 17, 1499416508, '115.152.103.91', 0, 'e728417deb3b2dca07bb4c43a8be7964', 1);

-- --------------------------------------------------------

--
-- 表的结构 `jydp_attachment_index`
--

CREATE TABLE IF NOT EXISTS `jydp_attachment_index` (
  `keyid` char(30) NOT NULL,
  `aid` char(10) NOT NULL,
  KEY `keyid` (`keyid`),
  KEY `aid` (`aid`)
) ENGINE=MyISAM DEFAULT CHARSET=utf8 ROW_FORMAT=FIXED;

--
-- 转存表中的数据 `jydp_attachment_index`
--

INSERT INTO `jydp_attachment_index` (`keyid`, `aid`) VALUES
('c-12-3', '1'),
('c-13-4', '2'),
('c-13-4', '3'),
('c-14-5', '4'),
('c-15-6', '5'),
('c-11-1', '6'),
('c-11-1', '7'),
('c-11-2', '8'),
('c-11-2', '9'),
('c-11-1', '10'),
('c-12-7', '11'),
('c-12-7', '12'),
('c-12-7', '13'),
('c-11-3', '12'),
('c-11-3', '13'),
('c-11-3', '7'),
('c-11-3', '13'),
('c-11-3', '12'),
('c-11-3', '14'),
('c-17-1', '15'),
('c-17-1', '16'),
('c-17-1', '17'),
('c-19-1', '18'),
('c-19-1', '19'),
('c-16-1', '20');

-- --------------------------------------------------------

--
-- 表的结构 `jydp_badword`
--

CREATE TABLE IF NOT EXISTS `jydp_badword` (
  `badid` smallint(5) unsigned NOT NULL AUTO_INCREMENT,
  `badword` char(20) NOT NULL,
  `level` tinyint(5) NOT NULL DEFAULT '1',
  `replaceword` char(20) NOT NULL DEFAULT '0',
  `lastusetime` int(10) unsigned NOT NULL DEFAULT '0',
  `listorder` tinyint(3) unsigned NOT NULL DEFAULT '0',
  PRIMARY KEY (`badid`),
  UNIQUE KEY `badword` (`badword`),
  KEY `usetimes` (`replaceword`,`listorder`),
  KEY `hits` (`listorder`)
) ENGINE=MyISAM DEFAULT CHARSET=utf8 ROW_FORMAT=FIXED AUTO_INCREMENT=1 ;

-- --------------------------------------------------------

--
-- 表的结构 `jydp_block`
--

CREATE TABLE IF NOT EXISTS `jydp_block` (
  `id` int(10) NOT NULL AUTO_INCREMENT,
  `siteid` smallint(5) unsigned DEFAULT '0',
  `name` char(50) DEFAULT NULL,
  `pos` char(30) DEFAULT NULL,
  `type` tinyint(1) DEFAULT '0',
  `data` text,
  `template` text,
  PRIMARY KEY (`id`),
  KEY `pos` (`pos`),
  KEY `type` (`type`),
  KEY `siteid` (`siteid`)
) ENGINE=MyISAM DEFAULT CHARSET=utf8 ROW_FORMAT=DYNAMIC AUTO_INCREMENT=1 ;

-- --------------------------------------------------------

--
-- 表的结构 `jydp_block_history`
--

CREATE TABLE IF NOT EXISTS `jydp_block_history` (
  `id` int(10) NOT NULL AUTO_INCREMENT,
  `blockid` int(10) unsigned DEFAULT '0',
  `data` text,
  `creat_at` int(10) unsigned DEFAULT '0',
  `userid` mediumint(8) unsigned DEFAULT '0',
  `username` char(20) DEFAULT NULL,
  PRIMARY KEY (`id`)
) ENGINE=MyISAM DEFAULT CHARSET=utf8 ROW_FORMAT=DYNAMIC AUTO_INCREMENT=1 ;

-- --------------------------------------------------------

--
-- 表的结构 `jydp_block_priv`
--

CREATE TABLE IF NOT EXISTS `jydp_block_priv` (
  `id` int(10) unsigned NOT NULL AUTO_INCREMENT,
  `roleid` tinyint(3) unsigned DEFAULT '0',
  `siteid` smallint(5) unsigned DEFAULT '0',
  `blockid` int(10) unsigned DEFAULT '0',
  PRIMARY KEY (`id`),
  KEY `blockid` (`blockid`),
  KEY `roleid` (`roleid`,`siteid`)
) ENGINE=MyISAM DEFAULT CHARSET=utf8 ROW_FORMAT=FIXED AUTO_INCREMENT=1 ;

-- --------------------------------------------------------

--
-- 表的结构 `jydp_cache`
--

CREATE TABLE IF NOT EXISTS `jydp_cache` (
  `filename` char(50) NOT NULL,
  `path` char(50) NOT NULL,
  `data` mediumtext NOT NULL,
  PRIMARY KEY (`filename`,`path`)
) ENGINE=MyISAM DEFAULT CHARSET=utf8 ROW_FORMAT=DYNAMIC;

--
-- 转存表中的数据 `jydp_cache`
--

INSERT INTO `jydp_cache` (`filename`, `path`, `data`) VALUES
('workflow_1.cache.php', 'caches_commons/caches_data/', '<?php\nreturn array (\n  4 => \n  array (\n    ''workflowid'' => ''4'',\n    ''siteid'' => ''1'',\n    ''steps'' => ''4'',\n    ''workname'' => ''四级审核'',\n    ''description'' => ''四级审核'',\n    ''setting'' => '''',\n    ''flag'' => ''0'',\n  ),\n  1 => \n  array (\n    ''workflowid'' => ''1'',\n    ''siteid'' => ''1'',\n    ''steps'' => ''1'',\n    ''workname'' => ''一级审核'',\n    ''description'' => ''审核一次'',\n    ''setting'' => '''',\n    ''flag'' => ''0'',\n  ),\n  2 => \n  array (\n    ''workflowid'' => ''2'',\n    ''siteid'' => ''1'',\n    ''steps'' => ''2'',\n    ''workname'' => ''二级审核'',\n    ''description'' => ''审核两次'',\n    ''setting'' => '''',\n    ''flag'' => ''0'',\n  ),\n  3 => \n  array (\n    ''workflowid'' => ''3'',\n    ''siteid'' => ''1'',\n    ''steps'' => ''3'',\n    ''workname'' => ''三级审核'',\n    ''description'' => ''审核三次'',\n    ''setting'' => '''',\n    ''flag'' => ''0'',\n  ),\n);\n?>'),
('ipbanned.cache.php', 'caches_commons/caches_data/', '<?php\nreturn array (\n);\n?>'),
('keylink.cache.php', 'caches_commons/caches_data/', '<?php\nreturn array (\n);\n?>'),
('model.cache.php', 'caches_commons/caches_data/', '<?php\nreturn array (\n  11 => \n  array (\n    ''modelid'' => ''11'',\n    ''siteid'' => ''1'',\n    ''name'' => ''视频模型'',\n    ''description'' => '''',\n    ''tablename'' => ''video'',\n    ''setting'' => '''',\n    ''addtime'' => ''0'',\n    ''items'' => ''0'',\n    ''enablesearch'' => ''1'',\n    ''disabled'' => ''0'',\n    ''default_style'' => ''default'',\n    ''category_template'' => ''category_video'',\n    ''list_template'' => ''list_video'',\n    ''show_template'' => ''show_video'',\n    ''js_template'' => '''',\n    ''admin_list_template'' => '''',\n    ''member_add_template'' => '''',\n    ''member_list_template'' => '''',\n    ''sort'' => ''0'',\n    ''type'' => ''0'',\n  ),\n  2 => \n  array (\n    ''modelid'' => ''2'',\n    ''siteid'' => ''1'',\n    ''name'' => ''下载模型'',\n    ''description'' => '''',\n    ''tablename'' => ''download'',\n    ''setting'' => '''',\n    ''addtime'' => ''0'',\n    ''items'' => ''0'',\n    ''enablesearch'' => ''1'',\n    ''disabled'' => ''0'',\n    ''default_style'' => ''default'',\n    ''category_template'' => ''category_download'',\n    ''list_template'' => ''list_download'',\n    ''show_template'' => ''show_download'',\n    ''js_template'' => '''',\n    ''admin_list_template'' => '''',\n    ''member_add_template'' => '''',\n    ''member_list_template'' => '''',\n    ''sort'' => ''0'',\n    ''type'' => ''0'',\n  ),\n  3 => \n  array (\n    ''modelid'' => ''3'',\n    ''siteid'' => ''1'',\n    ''name'' => ''图片模型'',\n    ''description'' => '''',\n    ''tablename'' => ''picture'',\n    ''setting'' => '''',\n    ''addtime'' => ''0'',\n    ''items'' => ''0'',\n    ''enablesearch'' => ''1'',\n    ''disabled'' => ''0'',\n    ''default_style'' => ''default'',\n    ''category_template'' => ''category_picture'',\n    ''list_template'' => ''list_picture'',\n    ''show_template'' => ''show_picture'',\n    ''js_template'' => '''',\n    ''admin_list_template'' => '''',\n    ''member_add_template'' => '''',\n    ''member_list_template'' => '''',\n    ''sort'' => ''0'',\n    ''type'' => ''0'',\n  ),\n  1 => \n  array (\n    ''modelid'' => ''1'',\n    ''siteid'' => ''1'',\n    ''name'' => ''文章模型'',\n    ''description'' => '''',\n    ''tablename'' => ''news'',\n    ''setting'' => '''',\n    ''addtime'' => ''0'',\n    ''items'' => ''0'',\n    ''enablesearch'' => ''1'',\n    ''disabled'' => ''0'',\n    ''default_style'' => ''default'',\n    ''category_template'' => ''category'',\n    ''list_template'' => ''list'',\n    ''show_template'' => ''show'',\n    ''js_template'' => '''',\n    ''admin_list_template'' => '''',\n    ''member_add_template'' => '''',\n    ''member_list_template'' => '''',\n    ''sort'' => ''0'',\n    ''type'' => ''0'',\n  ),\n  12 => \n  array (\n    ''modelid'' => ''12'',\n    ''siteid'' => ''1'',\n    ''name'' => ''精选模型'',\n    ''description'' => ''精选模型'',\n    ''tablename'' => ''jingxuan'',\n    ''setting'' => '''',\n    ''addtime'' => ''0'',\n    ''items'' => ''0'',\n    ''enablesearch'' => ''1'',\n    ''disabled'' => ''0'',\n    ''default_style'' => ''default'',\n    ''category_template'' => ''category'',\n    ''list_template'' => ''list'',\n    ''show_template'' => ''show'',\n    ''js_template'' => '''',\n    ''admin_list_template'' => '''',\n    ''member_add_template'' => '''',\n    ''member_list_template'' => '''',\n    ''sort'' => ''0'',\n    ''type'' => ''0'',\n  ),\n  13 => \n  array (\n    ''modelid'' => ''13'',\n    ''siteid'' => ''1'',\n    ''name'' => ''潮派模型'',\n    ''description'' => ''活动模型'',\n    ''tablename'' => ''chaopai'',\n    ''setting'' => '''',\n    ''addtime'' => ''0'',\n    ''items'' => ''0'',\n    ''enablesearch'' => ''1'',\n    ''disabled'' => ''0'',\n    ''default_style'' => ''default'',\n    ''category_template'' => ''category'',\n    ''list_template'' => ''list'',\n    ''show_template'' => ''show'',\n    ''js_template'' => '''',\n    ''admin_list_template'' => '''',\n    ''member_add_template'' => '''',\n    ''member_list_template'' => '''',\n    ''sort'' => ''0'',\n    ''type'' => ''0'',\n  ),\n  14 => \n  array (\n    ''modelid'' => ''14'',\n    ''siteid'' => ''1'',\n    ''name'' => ''好物模型'',\n    ''description'' => '''',\n    ''tablename'' => ''haowu'',\n    ''setting'' => '''',\n    ''addtime'' => ''0'',\n    ''items'' => ''0'',\n    ''enablesearch'' => ''1'',\n    ''disabled'' => ''0'',\n    ''default_style'' => ''default'',\n    ''category_template'' => ''category'',\n    ''list_template'' => ''list'',\n    ''show_template'' => ''show'',\n    ''js_template'' => '''',\n    ''admin_list_template'' => '''',\n    ''member_add_template'' => '''',\n    ''member_list_template'' => '''',\n    ''sort'' => ''0'',\n    ''type'' => ''0'',\n  ),\n  15 => \n  array (\n    ''modelid'' => ''15'',\n    ''siteid'' => ''1'',\n    ''name'' => ''直播模型'',\n    ''description'' => '''',\n    ''tablename'' => ''zhibo'',\n    ''setting'' => '''',\n    ''addtime'' => ''0'',\n    ''items'' => ''0'',\n    ''enablesearch'' => ''1'',\n    ''disabled'' => ''0'',\n    ''default_style'' => ''default'',\n    ''category_template'' => ''category'',\n    ''list_template'' => ''list'',\n    ''show_template'' => ''show'',\n    ''js_template'' => '''',\n    ''admin_list_template'' => '''',\n    ''member_add_template'' => '''',\n    ''member_list_template'' => '''',\n    ''sort'' => ''0'',\n    ''type'' => ''0'',\n  ),\n);\n?>'),
('role_siteid.cache.php', 'caches_commons/caches_data/', '<?php\nreturn array (\n);\n?>'),
('sitelist.cache.php', 'caches_commons/caches_data/', '<?php\nreturn array (\n  1 => \n  array (\n    ''siteid'' => ''1'',\n    ''name'' => ''南昌'',\n    ''dirname'' => '''',\n    ''domain'' => ''http://api.yzhcb.com/'',\n    ''site_title'' => ''南昌'',\n    ''keywords'' => ''南昌'',\n    ''description'' => ''南昌'',\n    ''release_point'' => '''',\n    ''default_style'' => ''default'',\n    ''template'' => ''default'',\n    ''setting'' => ''{"upload_maxsize":"2048","upload_allowext":"jpg|jpeg|gif|bmp|png|doc|docx|xls|xlsx|ppt|pptx|pdf|txt|rar|zip|swf","watermark_enable":"1","watermark_minwidth":"300","watermark_minheight":"300","watermark_img":"statics\\\\/images\\\\/water\\\\/\\\\/mark.png","watermark_pct":"85","watermark_quality":"80","watermark_pos":"9"}'',\n    ''uuid'' => ''0e6e3e73-266a-11e7-ac24-00163e10acfe'',\n    ''url'' => ''http://api.yzhcb.com/'',\n  ),\n  2 => \n  array (\n    ''siteid'' => ''2'',\n    ''name'' => ''赣州'',\n    ''dirname'' => ''ganzhou'',\n    ''domain'' => ''http://www.ganzhou.cn/'',\n    ''site_title'' => ''赣州'',\n    ''keywords'' => ''赣州'',\n    ''description'' => ''赣州'',\n    ''release_point'' => '''',\n    ''default_style'' => ''default'',\n    ''template'' => ''default'',\n    ''setting'' => ''{"upload_maxsize":"2000","upload_allowext":"jpg|jpeg|gif|bmp|png|doc|docx|xls|xlsx|ppt|pptx|pdf|txt|rar|zip|swf","watermark_enable":"0","watermark_minwidth":"300","watermark_minheight":"300","watermark_img":"http:\\\\/\\\\/101.37.168.200\\\\/statics\\\\/images\\\\/water\\\\/mark.gif","watermark_pct":"100","watermark_quality":"80","watermark_pos":"9"}'',\n    ''uuid'' => '''',\n    ''url'' => ''http://www.ganzhou.cn/'',\n  ),\n);\n?>'),
('category_items_2.cache.php', 'caches_commons/caches_data/', '<?php\nreturn array (\n  7 => ''0'',\n);\n?>'),
('category_content_1.cache.php', 'caches_commons/caches_data/', '<?php\nreturn array (\n  1 => \n  array (\n    ''catid'' => ''1'',\n    ''siteid'' => ''1'',\n    ''type'' => ''1'',\n    ''modelid'' => ''0'',\n    ''parentid'' => ''0'',\n    ''arrparentid'' => ''0'',\n    ''child'' => ''1'',\n    ''arrchildid'' => ''1,2,3,4,5'',\n    ''catname'' => ''网站介绍'',\n    ''style'' => '''',\n    ''image'' => '''',\n    ''description'' => '''',\n    ''parentdir'' => '''',\n    ''catdir'' => ''about'',\n    ''url'' => ''http://api.yzhcb.com/html/about/'',\n    ''items'' => ''0'',\n    ''hits'' => ''0'',\n    ''setting'' => ''array (\n  \\''ishtml\\'' => \\''1\\'',\n  \\''template_list\\'' => \\''default\\'',\n  \\''page_template\\'' => \\''page\\'',\n  \\''meta_title\\'' => \\''\\'',\n  \\''meta_keywords\\'' => \\''\\'',\n  \\''meta_description\\'' => \\''\\'',\n  \\''category_ruleid\\'' => \\''1\\'',\n  \\''show_ruleid\\'' => \\''\\'',\n  \\''repeatchargedays\\'' => \\''1\\'',\n)'',\n    ''listorder'' => ''1'',\n    ''ismenu'' => ''0'',\n    ''sethtml'' => ''0'',\n    ''letter'' => ''wangzhanjieshao'',\n    ''usable_type'' => '''',\n    ''create_to_html_root'' => NULL,\n    ''ishtml'' => ''1'',\n    ''content_ishtml'' => NULL,\n    ''category_ruleid'' => ''1'',\n    ''show_ruleid'' => '''',\n    ''workflowid'' => NULL,\n    ''isdomain'' => ''0'',\n  ),\n  2 => \n  array (\n    ''catid'' => ''2'',\n    ''siteid'' => ''1'',\n    ''type'' => ''1'',\n    ''modelid'' => ''0'',\n    ''parentid'' => ''1'',\n    ''arrparentid'' => ''0,1'',\n    ''child'' => ''0'',\n    ''arrchildid'' => ''2'',\n    ''catname'' => ''关于我们'',\n    ''style'' => '''',\n    ''image'' => '''',\n    ''description'' => '''',\n    ''parentdir'' => ''about/'',\n    ''catdir'' => ''aboutus'',\n    ''url'' => ''http://api.yzhcb.com/html/about/aboutus/'',\n    ''items'' => ''0'',\n    ''hits'' => ''0'',\n    ''setting'' => ''array (\n  \\''ishtml\\'' => \\''1\\'',\n  \\''template_list\\'' => \\''default\\'',\n  \\''page_template\\'' => \\''page\\'',\n  \\''meta_title\\'' => \\''关于我们\\'',\n  \\''meta_keywords\\'' => \\''关于我们\\'',\n  \\''meta_description\\'' => \\''关于我们\\'',\n  \\''category_ruleid\\'' => \\''1\\'',\n  \\''show_ruleid\\'' => \\''\\'',\n  \\''repeatchargedays\\'' => \\''1\\'',\n)'',\n    ''listorder'' => ''1'',\n    ''ismenu'' => ''1'',\n    ''sethtml'' => ''0'',\n    ''letter'' => ''guanyuwomen'',\n    ''usable_type'' => '''',\n    ''create_to_html_root'' => NULL,\n    ''ishtml'' => ''1'',\n    ''content_ishtml'' => NULL,\n    ''category_ruleid'' => ''1'',\n    ''show_ruleid'' => '''',\n    ''workflowid'' => NULL,\n    ''isdomain'' => ''0'',\n  ),\n  6 => \n  array (\n    ''catid'' => ''6'',\n    ''siteid'' => ''1'',\n    ''type'' => ''0'',\n    ''modelid'' => ''1'',\n    ''parentid'' => ''0'',\n    ''arrparentid'' => ''0'',\n    ''child'' => ''0'',\n    ''arrchildid'' => ''6'',\n    ''catname'' => ''国内'',\n    ''style'' => '''',\n    ''image'' => '''',\n    ''description'' => '''',\n    ''parentdir'' => '''',\n    ''catdir'' => ''guonei'',\n    ''url'' => ''http://101.37.168.200/index.php?m=content&c=index&a=lists&catid=6'',\n    ''items'' => ''2'',\n    ''hits'' => ''0'',\n    ''setting'' => ''array (\n  \\''workflowid\\'' => \\''\\'',\n  \\''ishtml\\'' => \\''0\\'',\n  \\''content_ishtml\\'' => \\''0\\'',\n  \\''create_to_html_root\\'' => \\''0\\'',\n  \\''template_list\\'' => \\''default\\'',\n  \\''category_template\\'' => \\''category\\'',\n  \\''list_template\\'' => \\''list\\'',\n  \\''show_template\\'' => \\''show\\'',\n  \\''meta_title\\'' => \\''\\'',\n  \\''meta_keywords\\'' => \\''\\'',\n  \\''meta_description\\'' => \\''\\'',\n  \\''presentpoint\\'' => \\''1\\'',\n  \\''defaultchargepoint\\'' => \\''0\\'',\n  \\''paytype\\'' => \\''0\\'',\n  \\''repeatchargedays\\'' => \\''1\\'',\n  \\''category_ruleid\\'' => \\''6\\'',\n  \\''show_ruleid\\'' => \\''16\\'',\n)'',\n    ''listorder'' => ''1'',\n    ''ismenu'' => ''1'',\n    ''sethtml'' => ''0'',\n    ''letter'' => ''guonei'',\n    ''usable_type'' => '''',\n    ''create_to_html_root'' => ''0'',\n    ''ishtml'' => ''0'',\n    ''content_ishtml'' => ''0'',\n    ''category_ruleid'' => ''6'',\n    ''show_ruleid'' => ''16'',\n    ''workflowid'' => '''',\n    ''isdomain'' => ''0'',\n  ),\n  3 => \n  array (\n    ''catid'' => ''3'',\n    ''siteid'' => ''1'',\n    ''type'' => ''1'',\n    ''modelid'' => ''0'',\n    ''parentid'' => ''1'',\n    ''arrparentid'' => ''0,1'',\n    ''child'' => ''0'',\n    ''arrchildid'' => ''3'',\n    ''catname'' => ''联系方式'',\n    ''style'' => '''',\n    ''image'' => '''',\n    ''description'' => '''',\n    ''parentdir'' => ''about/'',\n    ''catdir'' => ''contactus'',\n    ''url'' => ''http://api.yzhcb.com/html/about/contactus/'',\n    ''items'' => ''0'',\n    ''hits'' => ''0'',\n    ''setting'' => ''array (\n  \\''ishtml\\'' => \\''1\\'',\n  \\''template_list\\'' => \\''default\\'',\n  \\''page_template\\'' => \\''page\\'',\n  \\''meta_title\\'' => \\''联系方式\\'',\n  \\''meta_keywords\\'' => \\''联系方式\\'',\n  \\''meta_description\\'' => \\''联系方式\\'',\n  \\''category_ruleid\\'' => \\''1\\'',\n  \\''show_ruleid\\'' => \\''\\'',\n  \\''repeatchargedays\\'' => \\''1\\'',\n)'',\n    ''listorder'' => ''2'',\n    ''ismenu'' => ''1'',\n    ''sethtml'' => ''0'',\n    ''letter'' => ''lianxifangshi'',\n    ''usable_type'' => '''',\n    ''create_to_html_root'' => NULL,\n    ''ishtml'' => ''1'',\n    ''content_ishtml'' => NULL,\n    ''category_ruleid'' => ''1'',\n    ''show_ruleid'' => '''',\n    ''workflowid'' => NULL,\n    ''isdomain'' => ''0'',\n  ),\n  7 => \n  array (\n    ''catid'' => ''7'',\n    ''siteid'' => ''1'',\n    ''type'' => ''0'',\n    ''modelid'' => ''2'',\n    ''parentid'' => ''0'',\n    ''arrparentid'' => ''0'',\n    ''child'' => ''0'',\n    ''arrchildid'' => ''7'',\n    ''catname'' => ''下载'',\n    ''style'' => '''',\n    ''image'' => '''',\n    ''description'' => '''',\n    ''parentdir'' => '''',\n    ''catdir'' => ''down'',\n    ''url'' => ''http://101.37.168.200/index.php?m=content&c=index&a=lists&catid=7'',\n    ''items'' => ''0'',\n    ''hits'' => ''0'',\n    ''setting'' => ''array (\n  \\''workflowid\\'' => \\''\\'',\n  \\''ishtml\\'' => \\''0\\'',\n  \\''content_ishtml\\'' => \\''0\\'',\n  \\''create_to_html_root\\'' => \\''0\\'',\n  \\''template_list\\'' => \\''default\\'',\n  \\''category_template\\'' => \\''category_download\\'',\n  \\''list_template\\'' => \\''list_download\\'',\n  \\''show_template\\'' => \\''show_download\\'',\n  \\''meta_title\\'' => \\''\\'',\n  \\''meta_keywords\\'' => \\''\\'',\n  \\''meta_description\\'' => \\''\\'',\n  \\''presentpoint\\'' => \\''1\\'',\n  \\''defaultchargepoint\\'' => \\''0\\'',\n  \\''paytype\\'' => \\''0\\'',\n  \\''repeatchargedays\\'' => \\''1\\'',\n  \\''category_ruleid\\'' => \\''6\\'',\n  \\''show_ruleid\\'' => \\''16\\'',\n)'',\n    ''listorder'' => ''2'',\n    ''ismenu'' => ''1'',\n    ''sethtml'' => ''0'',\n    ''letter'' => ''xiazai'',\n    ''usable_type'' => '''',\n    ''create_to_html_root'' => ''0'',\n    ''ishtml'' => ''0'',\n    ''content_ishtml'' => ''0'',\n    ''category_ruleid'' => ''6'',\n    ''show_ruleid'' => ''16'',\n    ''workflowid'' => '''',\n    ''isdomain'' => ''0'',\n  ),\n  4 => \n  array (\n    ''catid'' => ''4'',\n    ''siteid'' => ''1'',\n    ''type'' => ''1'',\n    ''modelid'' => ''0'',\n    ''parentid'' => ''1'',\n    ''arrparentid'' => ''0,1'',\n    ''child'' => ''0'',\n    ''arrchildid'' => ''4'',\n    ''catname'' => ''版权声明'',\n    ''style'' => '''',\n    ''image'' => '''',\n    ''description'' => '''',\n    ''parentdir'' => ''about/'',\n    ''catdir'' => ''copyright'',\n    ''url'' => ''http://101.37.168.200/index.php?m=content&c=index&a=lists&catid=4'',\n    ''items'' => ''0'',\n    ''hits'' => ''0'',\n    ''setting'' => ''array (\n  \\''ishtml\\'' => \\''0\\'',\n  \\''template_list\\'' => \\''default\\'',\n  \\''page_template\\'' => \\''page\\'',\n  \\''meta_title\\'' => \\''版权声明\\'',\n  \\''meta_keywords\\'' => \\''版权声明\\'',\n  \\''meta_description\\'' => \\''版权声明\\'',\n  \\''category_ruleid\\'' => \\''6\\'',\n  \\''show_ruleid\\'' => \\''\\'',\n  \\''repeatchargedays\\'' => \\''1\\'',\n)'',\n    ''listorder'' => ''3'',\n    ''ismenu'' => ''1'',\n    ''sethtml'' => ''0'',\n    ''letter'' => ''banquanshengming'',\n    ''usable_type'' => '''',\n    ''create_to_html_root'' => NULL,\n    ''ishtml'' => ''0'',\n    ''content_ishtml'' => NULL,\n    ''category_ruleid'' => ''6'',\n    ''show_ruleid'' => '''',\n    ''workflowid'' => NULL,\n    ''isdomain'' => ''0'',\n  ),\n  8 => \n  array (\n    ''catid'' => ''8'',\n    ''siteid'' => ''1'',\n    ''type'' => ''0'',\n    ''modelid'' => ''3'',\n    ''parentid'' => ''0'',\n    ''arrparentid'' => ''0'',\n    ''child'' => ''0'',\n    ''arrchildid'' => ''8'',\n    ''catname'' => ''图片'',\n    ''style'' => '''',\n    ''image'' => '''',\n    ''description'' => '''',\n    ''parentdir'' => '''',\n    ''catdir'' => ''pps'',\n    ''url'' => ''http://101.37.168.200/index.php?m=content&c=index&a=lists&catid=8'',\n    ''items'' => ''0'',\n    ''hits'' => ''0'',\n    ''setting'' => ''array (\n  \\''workflowid\\'' => \\''\\'',\n  \\''ishtml\\'' => \\''0\\'',\n  \\''content_ishtml\\'' => \\''0\\'',\n  \\''create_to_html_root\\'' => \\''0\\'',\n  \\''template_list\\'' => \\''default\\'',\n  \\''category_template\\'' => \\''category_picture\\'',\n  \\''list_template\\'' => \\''list_picture\\'',\n  \\''show_template\\'' => \\''show_picture\\'',\n  \\''meta_title\\'' => \\''\\'',\n  \\''meta_keywords\\'' => \\''\\'',\n  \\''meta_description\\'' => \\''\\'',\n  \\''presentpoint\\'' => \\''1\\'',\n  \\''defaultchargepoint\\'' => \\''0\\'',\n  \\''paytype\\'' => \\''0\\'',\n  \\''repeatchargedays\\'' => \\''1\\'',\n  \\''category_ruleid\\'' => \\''6\\'',\n  \\''show_ruleid\\'' => \\''16\\'',\n)'',\n    ''listorder'' => ''3'',\n    ''ismenu'' => ''1'',\n    ''sethtml'' => ''0'',\n    ''letter'' => ''tupian'',\n    ''usable_type'' => '''',\n    ''create_to_html_root'' => ''0'',\n    ''ishtml'' => ''0'',\n    ''content_ishtml'' => ''0'',\n    ''category_ruleid'' => ''6'',\n    ''show_ruleid'' => ''16'',\n    ''workflowid'' => '''',\n    ''isdomain'' => ''0'',\n  ),\n  5 => \n  array (\n    ''catid'' => ''5'',\n    ''siteid'' => ''1'',\n    ''type'' => ''1'',\n    ''modelid'' => ''0'',\n    ''parentid'' => ''1'',\n    ''arrparentid'' => ''0,1'',\n    ''child'' => ''0'',\n    ''arrchildid'' => ''5'',\n    ''catname'' => ''招聘信息'',\n    ''style'' => '''',\n    ''image'' => '''',\n    ''description'' => '''',\n    ''parentdir'' => ''about/'',\n    ''catdir'' => ''hr'',\n    ''url'' => ''http://api.yzhcb.com/html/about/hr/'',\n    ''items'' => ''0'',\n    ''hits'' => ''0'',\n    ''setting'' => ''array (\n  \\''ishtml\\'' => \\''1\\'',\n  \\''template_list\\'' => \\''default\\'',\n  \\''page_template\\'' => \\''page\\'',\n  \\''meta_title\\'' => \\''\\'',\n  \\''meta_keywords\\'' => \\''\\'',\n  \\''meta_description\\'' => \\''\\'',\n  \\''category_ruleid\\'' => \\''1\\'',\n  \\''show_ruleid\\'' => \\''\\'',\n  \\''repeatchargedays\\'' => \\''1\\'',\n)'',\n    ''listorder'' => ''4'',\n    ''ismenu'' => ''1'',\n    ''sethtml'' => ''0'',\n    ''letter'' => ''zhaopinxinxi'',\n    ''usable_type'' => '''',\n    ''create_to_html_root'' => NULL,\n    ''ishtml'' => ''1'',\n    ''content_ishtml'' => NULL,\n    ''category_ruleid'' => ''1'',\n    ''show_ruleid'' => '''',\n    ''workflowid'' => NULL,\n    ''isdomain'' => ''0'',\n  ),\n  9 => \n  array (\n    ''catid'' => ''9'',\n    ''siteid'' => ''1'',\n    ''type'' => ''0'',\n    ''modelid'' => ''1'',\n    ''parentid'' => ''0'',\n    ''arrparentid'' => ''0'',\n    ''child'' => ''1'',\n    ''arrchildid'' => ''9,12,13,14,15,16'',\n    ''catname'' => ''精彩'',\n    ''style'' => '''',\n    ''image'' => '''',\n    ''description'' => '''',\n    ''parentdir'' => '''',\n    ''catdir'' => ''jingcai'',\n    ''url'' => ''http://101.37.168.200/list-9-1.html'',\n    ''items'' => ''0'',\n    ''hits'' => ''0'',\n    ''setting'' => ''{"workflowid":"","ishtml":"0","content_ishtml":"0","create_to_html_root":"0","template_list":"default","category_template":"category","list_template":"list","show_template":"show","meta_title":"","meta_keywords":"","meta_description":"","presentpoint":"1","defaultchargepoint":"0","paytype":"0","repeatchargedays":"1","category_ruleid":"30","show_ruleid":"16"}'',\n    ''listorder'' => ''9'',\n    ''ismenu'' => ''1'',\n    ''sethtml'' => ''0'',\n    ''letter'' => ''jingcai'',\n    ''usable_type'' => '''',\n    ''create_to_html_root'' => ''0'',\n    ''ishtml'' => ''0'',\n    ''content_ishtml'' => ''0'',\n    ''category_ruleid'' => ''30'',\n    ''show_ruleid'' => ''16'',\n    ''workflowid'' => '''',\n    ''isdomain'' => ''0'',\n  ),\n  10 => \n  array (\n    ''catid'' => ''10'',\n    ''siteid'' => ''1'',\n    ''type'' => ''0'',\n    ''modelid'' => ''12'',\n    ''parentid'' => ''0'',\n    ''arrparentid'' => ''0'',\n    ''child'' => ''1'',\n    ''arrchildid'' => ''10,17,18,19,20'',\n    ''catname'' => ''精选'',\n    ''style'' => '''',\n    ''image'' => '''',\n    ''description'' => '''',\n    ''parentdir'' => '''',\n    ''catdir'' => ''jingxuan'',\n    ''url'' => ''http://101.37.168.200/list-10-1.html'',\n    ''items'' => ''0'',\n    ''hits'' => ''0'',\n    ''setting'' => ''{"workflowid":"","ishtml":"0","content_ishtml":"0","create_to_html_root":"0","template_list":"default","category_template":"category","list_template":"list","show_template":"show","meta_title":"","meta_keywords":"","meta_description":"","presentpoint":"1","defaultchargepoint":"0","paytype":"0","repeatchargedays":"1","category_ruleid":"30","show_ruleid":"16"}'',\n    ''listorder'' => ''10'',\n    ''ismenu'' => ''1'',\n    ''sethtml'' => ''0'',\n    ''letter'' => ''jingxuan'',\n    ''usable_type'' => '''',\n    ''create_to_html_root'' => ''0'',\n    ''ishtml'' => ''0'',\n    ''content_ishtml'' => ''0'',\n    ''category_ruleid'' => ''30'',\n    ''show_ruleid'' => ''16'',\n    ''workflowid'' => '''',\n    ''isdomain'' => ''0'',\n  ),\n  11 => \n  array (\n    ''catid'' => ''11'',\n    ''siteid'' => ''1'',\n    ''type'' => ''0'',\n    ''modelid'' => ''13'',\n    ''parentid'' => ''0'',\n    ''arrparentid'' => ''0'',\n    ''child'' => ''0'',\n    ''arrchildid'' => ''11'',\n    ''catname'' => ''潮派'',\n    ''style'' => '''',\n    ''image'' => '''',\n    ''description'' => '''',\n    ''parentdir'' => '''',\n    ''catdir'' => ''chaopai'',\n    ''url'' => ''http://101.37.168.200/list-11-1.html'',\n    ''items'' => ''3'',\n    ''hits'' => ''0'',\n    ''setting'' => ''{"workflowid":"","ishtml":"0","content_ishtml":"0","create_to_html_root":"0","template_list":"default","category_template":"category","list_template":"list","show_template":"show","meta_title":"","meta_keywords":"","meta_description":"","presentpoint":"1","defaultchargepoint":"0","paytype":"0","repeatchargedays":"1","category_ruleid":"30","show_ruleid":"16"}'',\n    ''listorder'' => ''11'',\n    ''ismenu'' => ''1'',\n    ''sethtml'' => ''0'',\n    ''letter'' => ''chaopai'',\n    ''usable_type'' => '''',\n    ''create_to_html_root'' => ''0'',\n    ''ishtml'' => ''0'',\n    ''content_ishtml'' => ''0'',\n    ''category_ruleid'' => ''30'',\n    ''show_ruleid'' => ''16'',\n    ''workflowid'' => '''',\n    ''isdomain'' => ''0'',\n  ),\n  12 => \n  array (\n    ''catid'' => ''12'',\n    ''siteid'' => ''1'',\n    ''type'' => ''0'',\n    ''modelid'' => ''1'',\n    ''parentid'' => ''9'',\n    ''arrparentid'' => ''0,9'',\n    ''child'' => ''0'',\n    ''arrchildid'' => ''12'',\n    ''catname'' => ''城事'',\n    ''style'' => '''',\n    ''image'' => '''',\n    ''description'' => ''城事'',\n    ''parentdir'' => ''jingcai/'',\n    ''catdir'' => ''chengshi'',\n    ''url'' => ''http://101.37.168.200/list-12-1.html'',\n    ''items'' => ''2'',\n    ''hits'' => ''0'',\n    ''setting'' => ''{"workflowid":"","ishtml":"0","content_ishtml":"0","create_to_html_root":"0","template_list":"default","category_template":"category","list_template":"list","show_template":"show","meta_title":"","meta_keywords":"","meta_description":"","presentpoint":"1","defaultchargepoint":"0","paytype":"0","repeatchargedays":"1","category_ruleid":"30","show_ruleid":"16"}'',\n    ''listorder'' => ''12'',\n    ''ismenu'' => ''1'',\n    ''sethtml'' => ''0'',\n    ''letter'' => ''chengshi'',\n    ''usable_type'' => '''',\n    ''create_to_html_root'' => ''0'',\n    ''ishtml'' => ''0'',\n    ''content_ishtml'' => ''0'',\n    ''category_ruleid'' => ''30'',\n    ''show_ruleid'' => ''16'',\n    ''workflowid'' => '''',\n    ''isdomain'' => ''0'',\n  ),\n  13 => \n  array (\n    ''catid'' => ''13'',\n    ''siteid'' => ''1'',\n    ''type'' => ''0'',\n    ''modelid'' => ''1'',\n    ''parentid'' => ''9'',\n    ''arrparentid'' => ''0,9'',\n    ''child'' => ''0'',\n    ''arrchildid'' => ''13'',\n    ''catname'' => ''资讯'',\n    ''style'' => '''',\n    ''image'' => '''',\n    ''description'' => ''资讯'',\n    ''parentdir'' => ''jingcai/'',\n    ''catdir'' => ''zixun'',\n    ''url'' => ''http://101.37.168.200/list-13-1.html'',\n    ''items'' => ''1'',\n    ''hits'' => ''0'',\n    ''setting'' => ''{"workflowid":"","ishtml":"0","content_ishtml":"0","create_to_html_root":"0","template_list":"default","category_template":"category","list_template":"list","show_template":"show","meta_title":"","meta_keywords":"","meta_description":"","presentpoint":"1","defaultchargepoint":"0","paytype":"0","repeatchargedays":"1","category_ruleid":"30","show_ruleid":"16"}'',\n    ''listorder'' => ''13'',\n    ''ismenu'' => ''1'',\n    ''sethtml'' => ''0'',\n    ''letter'' => ''zixun'',\n    ''usable_type'' => '''',\n    ''create_to_html_root'' => ''0'',\n    ''ishtml'' => ''0'',\n    ''content_ishtml'' => ''0'',\n    ''category_ruleid'' => ''30'',\n    ''show_ruleid'' => ''16'',\n    ''workflowid'' => '''',\n    ''isdomain'' => ''0'',\n  ),\n  14 => \n  array (\n    ''catid'' => ''14'',\n    ''siteid'' => ''1'',\n    ''type'' => ''0'',\n    ''modelid'' => ''1'',\n    ''parentid'' => ''9'',\n    ''arrparentid'' => ''0,9'',\n    ''child'' => ''0'',\n    ''arrchildid'' => ''14'',\n    ''catname'' => ''黑精'',\n    ''style'' => '''',\n    ''image'' => '''',\n    ''description'' => ''黑精'',\n    ''parentdir'' => ''jingcai/'',\n    ''catdir'' => ''heijing'',\n    ''url'' => ''http://101.37.168.200/list-14-1.html'',\n    ''items'' => ''1'',\n    ''hits'' => ''0'',\n    ''setting'' => ''{"workflowid":"","ishtml":"0","content_ishtml":"0","create_to_html_root":"0","template_list":"default","category_template":"category","list_template":"list","show_template":"show","meta_title":"","meta_keywords":"","meta_description":"","presentpoint":"1","defaultchargepoint":"0","paytype":"0","repeatchargedays":"1","category_ruleid":"30","show_ruleid":"16"}'',\n    ''listorder'' => ''14'',\n    ''ismenu'' => ''1'',\n    ''sethtml'' => ''0'',\n    ''letter'' => ''heijing'',\n    ''usable_type'' => '''',\n    ''create_to_html_root'' => ''0'',\n    ''ishtml'' => ''0'',\n    ''content_ishtml'' => ''0'',\n    ''category_ruleid'' => ''30'',\n    ''show_ruleid'' => ''16'',\n    ''workflowid'' => '''',\n    ''isdomain'' => ''0'',\n  ),\n  15 => \n  array (\n    ''catid'' => ''15'',\n    ''siteid'' => ''1'',\n    ''type'' => ''0'',\n    ''modelid'' => ''1'',\n    ''parentid'' => ''9'',\n    ''arrparentid'' => ''0,9'',\n    ''child'' => ''0'',\n    ''arrchildid'' => ''15'',\n    ''catname'' => ''视界'',\n    ''style'' => '''',\n    ''image'' => '''',\n    ''description'' => ''视界'',\n    ''parentdir'' => ''jingcai/'',\n    ''catdir'' => ''shijie'',\n    ''url'' => ''http://101.37.168.200/list-15-1.html'',\n    ''items'' => ''1'',\n    ''hits'' => ''0'',\n    ''setting'' => ''{"workflowid":"","ishtml":"0","content_ishtml":"0","create_to_html_root":"0","template_list":"default","category_template":"category","list_template":"list","show_template":"show","meta_title":"","meta_keywords":"","meta_description":"","presentpoint":"1","defaultchargepoint":"0","paytype":"0","repeatchargedays":"1","category_ruleid":"30","show_ruleid":"16"}'',\n    ''listorder'' => ''15'',\n    ''ismenu'' => ''1'',\n    ''sethtml'' => ''0'',\n    ''letter'' => ''shijie'',\n    ''usable_type'' => '''',\n    ''create_to_html_root'' => ''0'',\n    ''ishtml'' => ''0'',\n    ''content_ishtml'' => ''0'',\n    ''category_ruleid'' => ''30'',\n    ''show_ruleid'' => ''16'',\n    ''workflowid'' => '''',\n    ''isdomain'' => ''0'',\n  ),\n  16 => \n  array (\n    ''catid'' => ''16'',\n    ''siteid'' => ''1'',\n    ''type'' => ''0'',\n    ''modelid'' => ''15'',\n    ''parentid'' => ''9'',\n    ''arrparentid'' => ''0,9'',\n    ''child'' => ''0'',\n    ''arrchildid'' => ''16'',\n    ''catname'' => ''直播'',\n    ''style'' => '''',\n    ''image'' => '''',\n    ''description'' => ''直播'',\n    ''parentdir'' => ''jingcai/'',\n    ''catdir'' => ''zhibo'',\n    ''url'' => ''http://101.37.168.200/list-16-1.html'',\n    ''items'' => ''0'',\n    ''hits'' => ''0'',\n    ''setting'' => ''{"workflowid":"","ishtml":"0","content_ishtml":"0","create_to_html_root":"0","template_list":"default","category_template":"category","list_template":"list","show_template":"show","meta_title":"","meta_keywords":"","meta_description":"","presentpoint":"1","defaultchargepoint":"0","paytype":"0","repeatchargedays":"1","category_ruleid":"30","show_ruleid":"16"}'',\n    ''listorder'' => ''16'',\n    ''ismenu'' => ''1'',\n    ''sethtml'' => ''0'',\n    ''letter'' => ''zhibo'',\n    ''usable_type'' => '''',\n    ''create_to_html_root'' => ''0'',\n    ''ishtml'' => ''0'',\n    ''content_ishtml'' => ''0'',\n    ''category_ruleid'' => ''30'',\n    ''show_ruleid'' => ''16'',\n    ''workflowid'' => '''',\n    ''isdomain'' => ''0'',\n  ),\n  17 => \n  array (\n    ''catid'' => ''17'',\n    ''siteid'' => ''1'',\n    ''type'' => ''0'',\n    ''modelid'' => ''12'',\n    ''parentid'' => ''10'',\n    ''arrparentid'' => ''0,10'',\n    ''child'' => ''0'',\n    ''arrchildid'' => ''17'',\n    ''catname'' => ''美食'',\n    ''style'' => '''',\n    ''image'' => '''',\n    ''description'' => '''',\n    ''parentdir'' => ''jingxuan/'',\n    ''catdir'' => ''meishi'',\n    ''url'' => ''http://101.37.168.200/list-17-1.html'',\n    ''items'' => ''1'',\n    ''hits'' => ''0'',\n    ''setting'' => ''{"workflowid":"","ishtml":"0","content_ishtml":"0","create_to_html_root":"0","template_list":"default","category_template":"category","list_template":"list","show_template":"show","meta_title":"","meta_keywords":"","meta_description":"","presentpoint":"1","defaultchargepoint":"0","paytype":"0","repeatchargedays":"1","category_ruleid":"30","show_ruleid":"16"}'',\n    ''listorder'' => ''17'',\n    ''ismenu'' => ''1'',\n    ''sethtml'' => ''0'',\n    ''letter'' => ''meishi'',\n    ''usable_type'' => '''',\n    ''create_to_html_root'' => ''0'',\n    ''ishtml'' => ''0'',\n    ''content_ishtml'' => ''0'',\n    ''category_ruleid'' => ''30'',\n    ''show_ruleid'' => ''16'',\n    ''workflowid'' => '''',\n    ''isdomain'' => ''0'',\n  ),\n  18 => \n  array (\n    ''catid'' => ''18'',\n    ''siteid'' => ''1'',\n    ''type'' => ''0'',\n    ''modelid'' => ''12'',\n    ''parentid'' => ''10'',\n    ''arrparentid'' => ''0,10'',\n    ''child'' => ''0'',\n    ''arrchildid'' => ''18'',\n    ''catname'' => ''潮玩'',\n    ''style'' => '''',\n    ''image'' => '''',\n    ''description'' => '''',\n    ''parentdir'' => ''jingxuan/'',\n    ''catdir'' => ''chaowan'',\n    ''url'' => ''http://101.37.168.200/list-18-1.html'',\n    ''items'' => ''0'',\n    ''hits'' => ''0'',\n    ''setting'' => ''{"workflowid":"","ishtml":"0","content_ishtml":"0","create_to_html_root":"0","template_list":"default","category_template":"category","list_template":"list","show_template":"show","meta_title":"","meta_keywords":"","meta_description":"","presentpoint":"1","defaultchargepoint":"0","paytype":"0","repeatchargedays":"1","category_ruleid":"30","show_ruleid":"16"}'',\n    ''listorder'' => ''18'',\n    ''ismenu'' => ''1'',\n    ''sethtml'' => ''0'',\n    ''letter'' => ''chaowan'',\n    ''usable_type'' => '''',\n    ''create_to_html_root'' => ''0'',\n    ''ishtml'' => ''0'',\n    ''content_ishtml'' => ''0'',\n    ''category_ruleid'' => ''30'',\n    ''show_ruleid'' => ''16'',\n    ''workflowid'' => '''',\n    ''isdomain'' => ''0'',\n  ),\n  19 => \n  array (\n    ''catid'' => ''19'',\n    ''siteid'' => ''1'',\n    ''type'' => ''0'',\n    ''modelid'' => ''14'',\n    ''parentid'' => ''10'',\n    ''arrparentid'' => ''0,10'',\n    ''child'' => ''0'',\n    ''arrchildid'' => ''19'',\n    ''catname'' => ''好物'',\n    ''style'' => '''',\n    ''image'' => '''',\n    ''description'' => '''',\n    ''parentdir'' => ''jingxuan/'',\n    ''catdir'' => ''haowu'',\n    ''url'' => ''http://101.37.168.200/list-19-1.html'',\n    ''items'' => ''1'',\n    ''hits'' => ''0'',\n    ''setting'' => ''{"workflowid":"","ishtml":"0","content_ishtml":"0","create_to_html_root":"0","template_list":"default","category_template":"category","list_template":"list","show_template":"show","meta_title":"","meta_keywords":"","meta_description":"","presentpoint":"1","defaultchargepoint":"0","paytype":"0","repeatchargedays":"1","category_ruleid":"30","show_ruleid":"16"}'',\n    ''listorder'' => ''19'',\n    ''ismenu'' => ''1'',\n    ''sethtml'' => ''0'',\n    ''letter'' => ''haowu'',\n    ''usable_type'' => '''',\n    ''create_to_html_root'' => ''0'',\n    ''ishtml'' => ''0'',\n    ''content_ishtml'' => ''0'',\n    ''category_ruleid'' => ''30'',\n    ''show_ruleid'' => ''16'',\n    ''workflowid'' => '''',\n    ''isdomain'' => ''0'',\n  ),\n  20 => \n  array (\n    ''catid'' => ''20'',\n    ''siteid'' => ''1'',\n    ''type'' => ''0'',\n    ''modelid'' => ''1'',\n    ''parentid'' => ''10'',\n    ''arrparentid'' => ''0,10'',\n    ''child'' => ''0'',\n    ''arrchildid'' => ''20'',\n    ''catname'' => ''其他'',\n    ''style'' => '''',\n    ''image'' => '''',\n    ''description'' => '''',\n    ''parentdir'' => ''jingxuan/'',\n    ''catdir'' => ''qita'',\n    ''url'' => ''http://101.37.168.200/list-20-1.html'',\n    ''items'' => ''0'',\n    ''hits'' => ''0'',\n    ''setting'' => ''{"workflowid":"","ishtml":"0","content_ishtml":"0","create_to_html_root":"0","template_list":"default","category_template":"category","list_template":"list","show_template":"show","meta_title":"","meta_keywords":"","meta_description":"","presentpoint":"1","defaultchargepoint":"0","paytype":"0","repeatchargedays":"1","category_ruleid":"30","show_ruleid":"16"}'',\n    ''listorder'' => ''20'',\n    ''ismenu'' => ''1'',\n    ''sethtml'' => ''0'',\n    ''letter'' => ''qita'',\n    ''usable_type'' => '''',\n    ''create_to_html_root'' => ''0'',\n    ''ishtml'' => ''0'',\n    ''content_ishtml'' => ''0'',\n    ''category_ruleid'' => ''30'',\n    ''show_ruleid'' => ''16'',\n    ''workflowid'' => '''',\n    ''isdomain'' => ''0'',\n  ),\n);\n?>'),
('downservers.cache.php', 'caches_commons/caches_data/', '<?php\nreturn NULL;\n?>'),
('role.cache.php', 'caches_commons/caches_data/', '<?php\nreturn array (\n  1 => ''超级管理员'',\n  2 => ''站点管理员'',\n  3 => ''运营总监'',\n  4 => ''总编'',\n  5 => ''编辑'',\n  7 => ''发布人员'',\n);\n?>'),
('category_content.cache.php', 'caches_commons/caches_data/', '<?php\nreturn array (\n  6 => ''1'',\n  1 => ''1'',\n  2 => ''1'',\n  7 => ''1'',\n  3 => ''1'',\n  8 => ''1'',\n  4 => ''1'',\n  5 => ''1'',\n  9 => ''1'',\n  10 => ''1'',\n  11 => ''1'',\n  12 => ''1'',\n  13 => ''1'',\n  14 => ''1'',\n  15 => ''1'',\n  16 => ''1'',\n  17 => ''1'',\n  18 => ''1'',\n  19 => ''1'',\n  20 => ''1'',\n);\n?>'),
('member_model.cache.php', 'caches_commons/caches_data/', '<?php\nreturn array (\n  10 => \n  array (\n    ''modelid'' => ''10'',\n    ''siteid'' => ''1'',\n    ''name'' => ''普通会员'',\n    ''description'' => ''普通会员'',\n    ''tablename'' => ''member_detail'',\n    ''setting'' => '''',\n    ''addtime'' => ''0'',\n    ''items'' => ''0'',\n    ''enablesearch'' => ''1'',\n    ''disabled'' => ''0'',\n    ''default_style'' => '''',\n    ''category_template'' => '''',\n    ''list_template'' => '''',\n    ''show_template'' => '''',\n    ''js_template'' => '''',\n    ''admin_list_template'' => '''',\n    ''member_add_template'' => '''',\n    ''member_list_template'' => '''',\n    ''sort'' => ''0'',\n    ''type'' => ''2'',\n  ),\n);\n?>'),
('mood_program.cache.php', 'caches_commons/caches_data/', '<?php\nreturn array (\n  1 => \n  array (\n    1 => \n    array (\n      ''use'' => ''1'',\n      ''name'' => ''震惊'',\n      ''pic'' => ''mood/a1.gif'',\n    ),\n    2 => \n    array (\n      ''use'' => ''1'',\n      ''name'' => ''不解'',\n      ''pic'' => ''mood/a2.gif'',\n    ),\n    3 => \n    array (\n      ''use'' => ''1'',\n      ''name'' => ''愤怒'',\n      ''pic'' => ''mood/a3.gif'',\n    ),\n    4 => \n    array (\n      ''use'' => ''1'',\n      ''name'' => ''杯具'',\n      ''pic'' => ''mood/a4.gif'',\n    ),\n    5 => \n    array (\n      ''use'' => ''1'',\n      ''name'' => ''无聊'',\n      ''pic'' => ''mood/a5.gif'',\n    ),\n    6 => \n    array (\n      ''use'' => ''1'',\n      ''name'' => ''高兴'',\n      ''pic'' => ''mood/a6.gif'',\n    ),\n    7 => \n    array (\n      ''use'' => ''1'',\n      ''name'' => ''支持'',\n      ''pic'' => ''mood/a7.gif'',\n    ),\n    8 => \n    array (\n      ''use'' => ''1'',\n      ''name'' => ''超赞'',\n      ''pic'' => ''mood/a8.gif'',\n    ),\n    9 => \n    array (\n      ''use'' => NULL,\n      ''name'' => '''',\n      ''pic'' => '''',\n    ),\n    10 => \n    array (\n      ''use'' => NULL,\n      ''name'' => '''',\n      ''pic'' => '''',\n    ),\n  ),\n);\n?>'),
('urlrules.cache.php', 'caches_commons/caches_data/', '<?php\nreturn array (\n  1 => ''{$categorydir}{$catdir}/index.html|{$categorydir}{$catdir}/{$page}.html'',\n  12 => ''{$categorydir}{$catdir}/{$year}/{$month}{$day}/{$id}.html|{$categorydir}{$catdir}/{$year}/{$month}{$day}/{$id}_{$page}.html'',\n  16 => ''index.php?m=content&c=index&a=show&catid={$catid}&id={$id}|index.php?m=content&c=index&a=show&catid={$catid}&id={$id}&page={$page}'',\n  30 => ''list-{$catid}-{$page}.html'',\n  6 => ''index.php?m=content&c=index&a=lists&catid={$catid}|index.php?m=content&c=index&a=lists&catid={$catid}&page={$page}'',\n  17 => ''show-{$catid}-{$id}-{$page}.html'',\n  11 => ''{$year}/{$catdir}_{$month}{$day}/{$id}.html|{$year}/{$catdir}_{$month}{$day}/{$id}_{$page}.html'',\n  18 => ''content-{$catid}-{$id}-{$page}.html'',\n);\n?>'),
('urlrules_detail.cache.php', 'caches_commons/caches_data/', '<?php\nreturn array (\n  1 => \n  array (\n    ''urlruleid'' => ''1'',\n    ''module'' => ''content'',\n    ''file'' => ''category'',\n    ''ishtml'' => ''1'',\n    ''urlrule'' => ''{$categorydir}{$catdir}/index.html|{$categorydir}{$catdir}/{$page}.html'',\n    ''example'' => ''news/china/1000.html'',\n  ),\n  12 => \n  array (\n    ''urlruleid'' => ''12'',\n    ''module'' => ''content'',\n    ''file'' => ''show'',\n    ''ishtml'' => ''1'',\n    ''urlrule'' => ''{$categorydir}{$catdir}/{$year}/{$month}{$day}/{$id}.html|{$categorydir}{$catdir}/{$year}/{$month}{$day}/{$id}_{$page}.html'',\n    ''example'' => ''it/product/2010/0720/1_2.html'',\n  ),\n  16 => \n  array (\n    ''urlruleid'' => ''16'',\n    ''module'' => ''content'',\n    ''file'' => ''show'',\n    ''ishtml'' => ''0'',\n    ''urlrule'' => ''index.php?m=content&c=index&a=show&catid={$catid}&id={$id}|index.php?m=content&c=index&a=show&catid={$catid}&id={$id}&page={$page}'',\n    ''example'' => ''index.php?m=content&c=index&a=show&catid=1&id=1'',\n  ),\n  30 => \n  array (\n    ''urlruleid'' => ''30'',\n    ''module'' => ''content'',\n    ''file'' => ''category'',\n    ''ishtml'' => ''0'',\n    ''urlrule'' => ''list-{$catid}-{$page}.html'',\n    ''example'' => ''list-1-1.html'',\n  ),\n  6 => \n  array (\n    ''urlruleid'' => ''6'',\n    ''module'' => ''content'',\n    ''file'' => ''category'',\n    ''ishtml'' => ''0'',\n    ''urlrule'' => ''index.php?m=content&c=index&a=lists&catid={$catid}|index.php?m=content&c=index&a=lists&catid={$catid}&page={$page}'',\n    ''example'' => ''index.php?m=content&c=index&a=lists&catid=1&page=1'',\n  ),\n  17 => \n  array (\n    ''urlruleid'' => ''17'',\n    ''module'' => ''content'',\n    ''file'' => ''show'',\n    ''ishtml'' => ''0'',\n    ''urlrule'' => ''show-{$catid}-{$id}-{$page}.html'',\n    ''example'' => ''show-1-2-1.html'',\n  ),\n  11 => \n  array (\n    ''urlruleid'' => ''11'',\n    ''module'' => ''content'',\n    ''file'' => ''show'',\n    ''ishtml'' => ''1'',\n    ''urlrule'' => ''{$year}/{$catdir}_{$month}{$day}/{$id}.html|{$year}/{$catdir}_{$month}{$day}/{$id}_{$page}.html'',\n    ''example'' => ''2010/catdir_0720/1_2.html'',\n  ),\n  18 => \n  array (\n    ''urlruleid'' => ''18'',\n    ''module'' => ''content'',\n    ''file'' => ''show'',\n    ''ishtml'' => ''0'',\n    ''urlrule'' => ''content-{$catid}-{$id}-{$page}.html'',\n    ''example'' => ''content-1-2-1.html'',\n  ),\n);\n?>'),
('category_items_1.cache.php', 'caches_commons/caches_data/', '<?php\nreturn array (\n  6 => ''2'',\n  9 => ''0'',\n  12 => ''2'',\n  13 => ''1'',\n  14 => ''1'',\n  15 => ''1'',\n  20 => ''0'',\n);\n?>'),
('common.cache.php', 'caches_commons/caches_data/', '<?php\nreturn array (\n  ''admin_email'' => ''phpcms@phpcms.cn'',\n  ''adminaccessip'' => ''0'',\n  ''maxloginfailedtimes'' => ''8'',\n  ''maxiplockedtime'' => ''15'',\n  ''minrefreshtime'' => ''2'',\n  ''mail_type'' => ''1'',\n  ''mail_server'' => ''smtp.qq.com'',\n  ''mail_port'' => ''25'',\n  ''mail_user'' => ''phpcms.cn@foxmail.com'',\n  ''mail_auth'' => ''1'',\n  ''mail_from'' => ''phpcms.cn@foxmail.com'',\n  ''mail_password'' => '''',\n  ''errorlog_size'' => ''20'',\n);\n?>');
INSERT INTO `jydp_cache` (`filename`, `path`, `data`) VALUES
('modules.cache.php', 'caches_commons/caches_data/', '<?php\nreturn array (\n  ''wap'' => \n  array (\n    ''module'' => ''wap'',\n    ''name'' => ''手机门户'',\n    ''url'' => ''wap/'',\n    ''iscore'' => ''0'',\n    ''version'' => ''1.0'',\n    ''description'' => ''手机门户'',\n    ''setting'' => '''',\n    ''listorder'' => ''0'',\n    ''disabled'' => ''0'',\n    ''installdate'' => ''2017-04-21'',\n    ''updatedate'' => ''2017-04-21'',\n  ),\n  ''admin'' => \n  array (\n    ''module'' => ''admin'',\n    ''name'' => ''admin'',\n    ''url'' => '''',\n    ''iscore'' => ''1'',\n    ''version'' => ''1.0'',\n    ''description'' => '''',\n    ''setting'' => ''array (\n  \\''admin_email\\'' => \\''phpcms@phpcms.cn\\'',\n  \\''adminaccessip\\'' => \\''0\\'',\n  \\''maxloginfailedtimes\\'' => \\''8\\'',\n  \\''maxiplockedtime\\'' => \\''15\\'',\n  \\''minrefreshtime\\'' => \\''2\\'',\n  \\''mail_type\\'' => \\''1\\'',\n  \\''mail_server\\'' => \\''smtp.qq.com\\'',\n  \\''mail_port\\'' => \\''25\\'',\n  \\''mail_user\\'' => \\''phpcms.cn@foxmail.com\\'',\n  \\''mail_auth\\'' => \\''1\\'',\n  \\''mail_from\\'' => \\''phpcms.cn@foxmail.com\\'',\n  \\''mail_password\\'' => \\''\\'',\n  \\''errorlog_size\\'' => \\''20\\'',\n)'',\n    ''listorder'' => ''0'',\n    ''disabled'' => ''0'',\n    ''installdate'' => ''2010-10-18'',\n    ''updatedate'' => ''2010-10-18'',\n  ),\n  ''block'' => \n  array (\n    ''module'' => ''block'',\n    ''name'' => ''碎片'',\n    ''url'' => '''',\n    ''iscore'' => ''1'',\n    ''version'' => ''1.0'',\n    ''description'' => '''',\n    ''setting'' => '''',\n    ''listorder'' => ''0'',\n    ''disabled'' => ''0'',\n    ''installdate'' => ''2010-09-01'',\n    ''updatedate'' => ''2010-09-06'',\n  ),\n  ''content'' => \n  array (\n    ''module'' => ''content'',\n    ''name'' => ''内容模块'',\n    ''url'' => '''',\n    ''iscore'' => ''1'',\n    ''version'' => ''1.0'',\n    ''description'' => '''',\n    ''setting'' => '''',\n    ''listorder'' => ''0'',\n    ''disabled'' => ''0'',\n    ''installdate'' => ''2010-09-06'',\n    ''updatedate'' => ''2010-09-06'',\n  ),\n  ''digg'' => \n  array (\n    ''module'' => ''digg'',\n    ''name'' => ''顶一下'',\n    ''url'' => '''',\n    ''iscore'' => ''0'',\n    ''version'' => ''1.0'',\n    ''description'' => '''',\n    ''setting'' => '''',\n    ''listorder'' => ''0'',\n    ''disabled'' => ''0'',\n    ''installdate'' => ''2010-09-06'',\n    ''updatedate'' => ''2010-09-06'',\n  ),\n  ''scan'' => \n  array (\n    ''module'' => ''scan'',\n    ''name'' => ''木马扫描'',\n    ''url'' => ''scan'',\n    ''iscore'' => ''0'',\n    ''version'' => ''1.0'',\n    ''description'' => '''',\n    ''setting'' => '''',\n    ''listorder'' => ''0'',\n    ''disabled'' => ''0'',\n    ''installdate'' => ''2010-09-01'',\n    ''updatedate'' => ''2010-09-06'',\n  ),\n  ''sms'' => \n  array (\n    ''module'' => ''sms'',\n    ''name'' => ''短信平台'',\n    ''url'' => ''sms/'',\n    ''iscore'' => ''0'',\n    ''version'' => ''1.0'',\n    ''description'' => ''短信平台'',\n    ''setting'' => '''',\n    ''listorder'' => ''0'',\n    ''disabled'' => ''0'',\n    ''installdate'' => ''2011-09-02'',\n    ''updatedate'' => ''2011-09-02'',\n  ),\n  ''collection'' => \n  array (\n    ''module'' => ''collection'',\n    ''name'' => ''采集模块'',\n    ''url'' => ''collection'',\n    ''iscore'' => ''1'',\n    ''version'' => ''1.0'',\n    ''description'' => '''',\n    ''setting'' => '''',\n    ''listorder'' => ''0'',\n    ''disabled'' => ''0'',\n    ''installdate'' => ''2010-09-01'',\n    ''updatedate'' => ''2010-09-06'',\n  ),\n  ''link'' => \n  array (\n    ''module'' => ''link'',\n    ''name'' => ''友情链接'',\n    ''url'' => '''',\n    ''iscore'' => ''0'',\n    ''version'' => ''1.0'',\n    ''description'' => '''',\n    ''setting'' => ''array (\n  1 => \n  array (\n    \\''is_post\\'' => \\''1\\'',\n    \\''enablecheckcode\\'' => \\''0\\'',\n  ),\n)'',\n    ''listorder'' => ''0'',\n    ''disabled'' => ''0'',\n    ''installdate'' => ''2010-09-06'',\n    ''updatedate'' => ''2010-09-06'',\n  ),\n  ''member'' => \n  array (\n    ''module'' => ''member'',\n    ''name'' => ''会员'',\n    ''url'' => '''',\n    ''iscore'' => ''1'',\n    ''version'' => ''1.0'',\n    ''description'' => '''',\n    ''setting'' => ''array (\n  \\''allowregister\\'' => \\''1\\'',\n  \\''choosemodel\\'' => \\''1\\'',\n  \\''enablemailcheck\\'' => \\''0\\'',\n  \\''registerverify\\'' => \\''0\\'',\n  \\''showapppoint\\'' => \\''0\\'',\n  \\''rmb_point_rate\\'' => \\''10\\'',\n  \\''defualtpoint\\'' => \\''0\\'',\n  \\''defualtamount\\'' => \\''0\\'',\n  \\''showregprotocol\\'' => \\''0\\'',\n  \\''regprotocol\\'' => \\''		 欢迎您注册成为phpcms用户\r\n请仔细阅读下面的协议，只有接受协议才能继续进行注册。 \r\n1．服务条款的确认和接纳\r\n　　phpcms用户服务的所有权和运作权归phpcms拥有。phpcms所提供的服务将按照有关章程、服务条款和操作规则严格执行。用户通过注册程序点击“我同意” 按钮，即表示用户与phpcms达成协议并接受所有的服务条款。\r\n2． phpcms服务简介\r\n　　phpcms通过国际互联网为用户提供新闻及文章浏览、图片浏览、软件下载、网上留言和BBS论坛等服务。\r\n　　用户必须： \r\n　　1)购置设备，包括个人电脑一台、调制解调器一个及配备上网装置。 \r\n　　2)个人上网和支付与此服务有关的电话费用、网络费用。\r\n　　用户同意： \r\n　　1)提供及时、详尽及准确的个人资料。 \r\n　　2)不断更新注册资料，符合及时、详尽、准确的要求。所有原始键入的资料将引用为注册资料。 \r\n　　3)用户同意遵守《中华人民共和国保守国家秘密法》、《中华人民共和国计算机信息系统安全保护条例》、《计算机软件保护条例》等有关计算机及互联网规定的法律和法规、实施办法。在任何情况下，phpcms合理地认为用户的行为可能违反上述法律、法规，phpcms可以在任何时候，不经事先通知终止向该用户提供服务。用户应了解国际互联网的无国界性，应特别注意遵守当地所有有关的法律和法规。\r\n3． 服务条款的修改\r\n　　phpcms会不定时地修改服务条款，服务条款一旦发生变动，将会在相关页面上提示修改内容。如果您同意改动，则再一次点击“我同意”按钮。 如果您不接受，则及时取消您的用户使用服务资格。\r\n4． 服务修订\r\n　　phpcms保留随时修改或中断服务而不需知照用户的权利。phpcms行使修改或中断服务的权利，不需对用户或第三方负责。\r\n5． 用户隐私制度\r\n　　尊重用户个人隐私是phpcms的 基本政策。phpcms不会公开、编辑或透露用户的注册信息，除非有法律许可要求，或phpcms在诚信的基础上认为透露这些信息在以下三种情况是必要的： \r\n　　1)遵守有关法律规定，遵从合法服务程序。 \r\n　　2)保持维护phpcms的商标所有权。 \r\n　　3)在紧急情况下竭力维护用户个人和社会大众的隐私安全。 \r\n　　4)符合其他相关的要求。 \r\n6．用户的帐号，密码和安全性\r\n　　一旦注册成功成为phpcms用户，您将得到一个密码和帐号。如果您不保管好自己的帐号和密码安全，将对因此产生的后果负全部责任。另外，每个用户都要对其帐户中的所有活动和事件负全责。您可随时根据指示改变您的密码，也可以结束旧的帐户重开一个新帐户。用户同意若发现任何非法使用用户帐号或安全漏洞的情况，立即通知phpcms。\r\n7． 免责条款\r\n　　用户明确同意网站服务的使用由用户个人承担风险。 　　 \r\n　　phpcms不作任何类型的担保，不担保服务一定能满足用户的要求，也不担保服务不会受中断，对服务的及时性，安全性，出错发生都不作担保。用户理解并接受：任何通过phpcms服务取得的信息资料的可靠性取决于用户自己，用户自己承担所有风险和责任。 \r\n8．有限责任\r\n　　phpcms对任何直接、间接、偶然、特殊及继起的损害不负责任。\r\n9． 不提供零售和商业性服务 \r\n　　用户使用网站服务的权利是个人的。用户只能是一个单独的个体而不能是一个公司或实体商业性组织。用户承诺不经phpcms同意，不能利用网站服务进行销售或其他商业用途。\r\n10．用户责任 \r\n　　用户单独承担传输内容的责任。用户必须遵循： \r\n　　1)从中国境内向外传输技术性资料时必须符合中国有关法规。 \r\n　　2)使用网站服务不作非法用途。 \r\n　　3)不干扰或混乱网络服务。 \r\n　　4)不在论坛BBS或留言簿发表任何与政治相关的信息。 \r\n　　5)遵守所有使用网站服务的网络协议、规定、程序和惯例。\r\n　　6)不得利用本站危害国家安全、泄露国家秘密，不得侵犯国家社会集体的和公民的合法权益。\r\n　　7)不得利用本站制作、复制和传播下列信息： \r\n　　　1、煽动抗拒、破坏宪法和法律、行政法规实施的；\r\n　　　2、煽动颠覆国家政权，推翻社会主义制度的；\r\n　　　3、煽动分裂国家、破坏国家统一的；\r\n　　　4、煽动民族仇恨、民族歧视，破坏民族团结的；\r\n　　　5、捏造或者歪曲事实，散布谣言，扰乱社会秩序的；\r\n　　　6、宣扬封建迷信、淫秽、色情、赌博、暴力、凶杀、恐怖、教唆犯罪的；\r\n　　　7、公然侮辱他人或者捏造事实诽谤他人的，或者进行其他恶意攻击的；\r\n　　　8、损害国家机关信誉的；\r\n　　　9、其他违反宪法和法律行政法规的；\r\n　　　10、进行商业广告行为的。\r\n　　用户不能传输任何教唆他人构成犯罪行为的资料；不能传输长国内不利条件和涉及国家安全的资料；不能传输任何不符合当地法规、国家法律和国际法 律的资料。未经许可而非法进入其它电脑系统是禁止的。若用户的行为不符合以上的条款，phpcms将取消用户服务帐号。\r\n11．网站内容的所有权\r\n　　phpcms定义的内容包括：文字、软件、声音、相片、录象、图表；在广告中全部内容；电子邮件的全部内容；phpcms为用户提供的商业信息。所有这些内容受版权、商标、标签和其它财产所有权法律的保护。所以，用户只能在phpcms和广告商授权下才能使用这些内容，而不能擅自复制、篡改这些内容、或创造与内容有关的派生产品。\r\n12．附加信息服务\r\n　　用户在享用phpcms提供的免费服务的同时，同意接受phpcms提供的各类附加信息服务。\r\n13．解释权\r\n　　本注册协议的解释权归phpcms所有。如果其中有任何条款与国家的有关法律相抵触，则以国家法律的明文规定为准。 \\'',\n  \\''registerverifymessage\\'' => \\'' 欢迎您注册成为phpcms用户，您的账号需要邮箱认证，点击下面链接进行认证：{click}\r\n或者将网址复制到浏览器：{url}\\'',\n  \\''forgetpassword\\'' => \\'' phpcms密码找回，请在一小时内点击下面链接进行操作：{click}\r\n或者将网址复制到浏览器：{url}\\'',\n)'',\n    ''listorder'' => ''0'',\n    ''disabled'' => ''0'',\n    ''installdate'' => ''2010-09-06'',\n    ''updatedate'' => ''2010-09-06'',\n  ),\n  ''tag'' => \n  array (\n    ''module'' => ''tag'',\n    ''name'' => ''标签向导'',\n    ''url'' => ''tag/'',\n    ''iscore'' => ''0'',\n    ''version'' => ''1.0'',\n    ''description'' => ''标签向导'',\n    ''setting'' => '''',\n    ''listorder'' => ''0'',\n    ''disabled'' => ''0'',\n    ''installdate'' => ''2017-04-21'',\n    ''updatedate'' => ''2017-04-21'',\n  ),\n  ''template'' => \n  array (\n    ''module'' => ''template'',\n    ''name'' => ''模板风格'',\n    ''url'' => '''',\n    ''iscore'' => ''1'',\n    ''version'' => ''1.0'',\n    ''description'' => '''',\n    ''setting'' => '''',\n    ''listorder'' => ''0'',\n    ''disabled'' => ''0'',\n    ''installdate'' => ''2010-09-01'',\n    ''updatedate'' => ''2010-09-06'',\n  ),\n  ''vote'' => \n  array (\n    ''module'' => ''vote'',\n    ''name'' => ''投票'',\n    ''url'' => '''',\n    ''iscore'' => ''0'',\n    ''version'' => ''1.0'',\n    ''description'' => '''',\n    ''setting'' => ''array (\r\n  1 => \r\n  array (\r\n    \\''default_style\\'' => \\''default\\'',\r\n    \\''vote_tp_template\\'' => \\''vote_tp\\'',\r\n    \\''allowguest\\'' => \\''1\\'',\r\n    \\''enabled\\'' => \\''1\\'',\r\n    \\''interval\\'' => \\''1\\'',\r\n    \\''credit\\'' => \\''1\\'',\r\n  ),\r\n)'',\n    ''listorder'' => ''0'',\n    ''disabled'' => ''0'',\n    ''installdate'' => ''2010-09-06'',\n    ''updatedate'' => ''2010-09-06'',\n  ),\n  ''comment'' => \n  array (\n    ''module'' => ''comment'',\n    ''name'' => ''评论'',\n    ''url'' => ''comment/'',\n    ''iscore'' => ''0'',\n    ''version'' => ''1.0'',\n    ''description'' => ''评论'',\n    ''setting'' => '''',\n    ''listorder'' => ''0'',\n    ''disabled'' => ''0'',\n    ''installdate'' => ''2017-04-21'',\n    ''updatedate'' => ''2017-04-21'',\n  ),\n  ''dbsource'' => \n  array (\n    ''module'' => ''dbsource'',\n    ''name'' => ''数据源'',\n    ''url'' => '''',\n    ''iscore'' => ''1'',\n    ''version'' => '''',\n    ''description'' => '''',\n    ''setting'' => '''',\n    ''listorder'' => ''0'',\n    ''disabled'' => ''0'',\n    ''installdate'' => ''2010-09-01'',\n    ''updatedate'' => ''2010-09-06'',\n  ),\n  ''message'' => \n  array (\n    ''module'' => ''message'',\n    ''name'' => ''短消息'',\n    ''url'' => '''',\n    ''iscore'' => ''0'',\n    ''version'' => ''1.0'',\n    ''description'' => '''',\n    ''setting'' => '''',\n    ''listorder'' => ''0'',\n    ''disabled'' => ''0'',\n    ''installdate'' => ''2010-09-06'',\n    ''updatedate'' => ''2010-09-06'',\n  ),\n  ''mood'' => \n  array (\n    ''module'' => ''mood'',\n    ''name'' => ''新闻心情'',\n    ''url'' => ''mood/'',\n    ''iscore'' => ''0'',\n    ''version'' => ''1.0'',\n    ''description'' => ''新闻心情'',\n    ''setting'' => '''',\n    ''listorder'' => ''0'',\n    ''disabled'' => ''0'',\n    ''installdate'' => ''2017-04-21'',\n    ''updatedate'' => ''2017-04-21'',\n  ),\n  ''poster'' => \n  array (\n    ''module'' => ''poster'',\n    ''name'' => ''广告模块'',\n    ''url'' => ''poster/'',\n    ''iscore'' => ''0'',\n    ''version'' => ''1.0'',\n    ''description'' => ''广告模块'',\n    ''setting'' => '''',\n    ''listorder'' => ''0'',\n    ''disabled'' => ''0'',\n    ''installdate'' => ''2017-04-21'',\n    ''updatedate'' => ''2017-04-21'',\n  ),\n  ''release'' => \n  array (\n    ''module'' => ''release'',\n    ''name'' => ''发布点'',\n    ''url'' => '''',\n    ''iscore'' => ''1'',\n    ''version'' => ''1.0'',\n    ''description'' => '''',\n    ''setting'' => '''',\n    ''listorder'' => ''0'',\n    ''disabled'' => ''0'',\n    ''installdate'' => ''2010-09-01'',\n    ''updatedate'' => ''2010-09-06'',\n  ),\n  ''special'' => \n  array (\n    ''module'' => ''special'',\n    ''name'' => ''专题'',\n    ''url'' => '''',\n    ''iscore'' => ''0'',\n    ''version'' => ''1.0'',\n    ''description'' => '''',\n    ''setting'' => '''',\n    ''listorder'' => ''0'',\n    ''disabled'' => ''0'',\n    ''installdate'' => ''2010-09-06'',\n    ''updatedate'' => ''2010-09-06'',\n  ),\n  ''video'' => \n  array (\n    ''module'' => ''video'',\n    ''name'' => ''视频库'',\n    ''url'' => '''',\n    ''iscore'' => ''0'',\n    ''version'' => ''1.0'',\n    ''description'' => '''',\n    ''setting'' => '''',\n    ''listorder'' => ''0'',\n    ''disabled'' => ''0'',\n    ''installdate'' => ''2012-09-28'',\n    ''updatedate'' => ''2012-09-28'',\n  ),\n  ''formguide'' => \n  array (\n    ''module'' => ''formguide'',\n    ''name'' => ''表单向导'',\n    ''url'' => ''formguide/'',\n    ''iscore'' => ''0'',\n    ''version'' => ''1.0'',\n    ''description'' => ''formguide'',\n    ''setting'' => ''array (\n  \\''allowmultisubmit\\'' => \\''1\\'',\n  \\''interval\\'' => \\''30\\'',\n  \\''allowunreg\\'' => \\''0\\'',\n  \\''mailmessage\\'' => \\''用户向我们提交了表单数据，赶快去看看吧。\\'',\n)'',\n    ''listorder'' => ''0'',\n    ''disabled'' => ''0'',\n    ''installdate'' => ''2010-10-20'',\n    ''updatedate'' => ''2010-10-20'',\n  ),\n  ''pay'' => \n  array (\n    ''module'' => ''pay'',\n    ''name'' => ''支付'',\n    ''url'' => '''',\n    ''iscore'' => ''1'',\n    ''version'' => ''1.0'',\n    ''description'' => '''',\n    ''setting'' => '''',\n    ''listorder'' => ''0'',\n    ''disabled'' => ''0'',\n    ''installdate'' => ''2010-09-06'',\n    ''updatedate'' => ''2010-09-06'',\n  ),\n  ''search'' => \n  array (\n    ''module'' => ''search'',\n    ''name'' => ''全站搜索'',\n    ''url'' => '''',\n    ''iscore'' => ''0'',\n    ''version'' => ''1.0'',\n    ''description'' => '''',\n    ''setting'' => ''array (\n  \\''fulltextenble\\'' => \\''1\\'',\n  \\''relationenble\\'' => \\''1\\'',\n  \\''suggestenable\\'' => \\''1\\'',\n  \\''sphinxenable\\'' => \\''0\\'',\n  \\''sphinxhost\\'' => \\''10.228.134.102\\'',\n  \\''sphinxport\\'' => \\''9312\\'',\n)'',\n    ''listorder'' => ''0'',\n    ''disabled'' => ''0'',\n    ''installdate'' => ''2010-09-06'',\n    ''updatedate'' => ''2010-09-06'',\n  ),\n  ''upgrade'' => \n  array (\n    ''module'' => ''upgrade'',\n    ''name'' => ''在线升级'',\n    ''url'' => '''',\n    ''iscore'' => ''0'',\n    ''version'' => ''1.0'',\n    ''description'' => '''',\n    ''setting'' => '''',\n    ''listorder'' => ''0'',\n    ''disabled'' => ''0'',\n    ''installdate'' => ''2011-05-18'',\n    ''updatedate'' => ''2011-05-18'',\n  ),\n  ''announce'' => \n  array (\n    ''module'' => ''announce'',\n    ''name'' => ''公告'',\n    ''url'' => ''announce/'',\n    ''iscore'' => ''0'',\n    ''version'' => ''1.0'',\n    ''description'' => ''公告'',\n    ''setting'' => '''',\n    ''listorder'' => ''0'',\n    ''disabled'' => ''0'',\n    ''installdate'' => ''2017-04-21'',\n    ''updatedate'' => ''2017-04-21'',\n  ),\n  ''attachment'' => \n  array (\n    ''module'' => ''attachment'',\n    ''name'' => ''附件'',\n    ''url'' => ''attachment'',\n    ''iscore'' => ''1'',\n    ''version'' => ''1.0'',\n    ''description'' => '''',\n    ''setting'' => '''',\n    ''listorder'' => ''0'',\n    ''disabled'' => ''0'',\n    ''installdate'' => ''2010-09-01'',\n    ''updatedate'' => ''2010-09-06'',\n  ),\n);\n?>'),
('position.cache.php', 'caches_commons/caches_data/', '<?php\nreturn array (\n  20 => \n  array (\n    ''posid'' => ''20'',\n    ''modelid'' => ''13'',\n    ''catid'' => ''0'',\n    ''name'' => ''潮牌首页推荐位'',\n    ''maxnum'' => ''20'',\n    ''extention'' => '''',\n    ''listorder'' => ''7'',\n    ''siteid'' => ''1'',\n    ''thumb'' => '''',\n  ),\n  19 => \n  array (\n    ''posid'' => ''19'',\n    ''modelid'' => ''12'',\n    ''catid'' => ''0'',\n    ''name'' => ''精选首页推荐位'',\n    ''maxnum'' => ''20'',\n    ''extention'' => '''',\n    ''listorder'' => ''6'',\n    ''siteid'' => ''1'',\n    ''thumb'' => '''',\n  ),\n  18 => \n  array (\n    ''posid'' => ''18'',\n    ''modelid'' => ''1'',\n    ''catid'' => ''0'',\n    ''name'' => ''精彩首页推荐位'',\n    ''maxnum'' => ''20'',\n    ''extention'' => '''',\n    ''listorder'' => ''5'',\n    ''siteid'' => ''1'',\n    ''thumb'' => '''',\n  ),\n  2 => \n  array (\n    ''posid'' => ''2'',\n    ''modelid'' => ''0'',\n    ''catid'' => ''0'',\n    ''name'' => ''首页头条推荐'',\n    ''maxnum'' => ''20'',\n    ''extention'' => NULL,\n    ''listorder'' => ''4'',\n    ''siteid'' => ''1'',\n    ''thumb'' => '''',\n  ),\n  1 => \n  array (\n    ''posid'' => ''1'',\n    ''modelid'' => ''0'',\n    ''catid'' => ''0'',\n    ''name'' => ''首页焦点图推荐'',\n    ''maxnum'' => ''20'',\n    ''extention'' => NULL,\n    ''listorder'' => ''1'',\n    ''siteid'' => ''1'',\n    ''thumb'' => '''',\n  ),\n  13 => \n  array (\n    ''posid'' => ''13'',\n    ''modelid'' => ''82'',\n    ''catid'' => ''0'',\n    ''name'' => ''栏目页焦点图'',\n    ''maxnum'' => ''20'',\n    ''extention'' => NULL,\n    ''listorder'' => ''0'',\n    ''siteid'' => ''1'',\n    ''thumb'' => '''',\n  ),\n  17 => \n  array (\n    ''posid'' => ''17'',\n    ''modelid'' => ''0'',\n    ''catid'' => ''0'',\n    ''name'' => ''视频栏目精彩推荐'',\n    ''maxnum'' => ''20'',\n    ''extention'' => '''',\n    ''listorder'' => ''0'',\n    ''siteid'' => ''1'',\n    ''thumb'' => '''',\n  ),\n  8 => \n  array (\n    ''posid'' => ''8'',\n    ''modelid'' => ''30'',\n    ''catid'' => ''54'',\n    ''name'' => ''图片频道首页焦点图'',\n    ''maxnum'' => ''20'',\n    ''extention'' => NULL,\n    ''listorder'' => ''0'',\n    ''siteid'' => ''1'',\n    ''thumb'' => '''',\n  ),\n  15 => \n  array (\n    ''posid'' => ''15'',\n    ''modelid'' => ''0'',\n    ''catid'' => ''0'',\n    ''name'' => ''视频首页头条推荐'',\n    ''maxnum'' => ''20'',\n    ''extention'' => '''',\n    ''listorder'' => ''0'',\n    ''siteid'' => ''1'',\n    ''thumb'' => '''',\n  ),\n  5 => \n  array (\n    ''posid'' => ''5'',\n    ''modelid'' => ''69'',\n    ''catid'' => ''0'',\n    ''name'' => ''推荐下载'',\n    ''maxnum'' => ''20'',\n    ''extention'' => NULL,\n    ''listorder'' => ''0'',\n    ''siteid'' => ''1'',\n    ''thumb'' => '''',\n  ),\n  9 => \n  array (\n    ''posid'' => ''9'',\n    ''modelid'' => ''0'',\n    ''catid'' => ''0'',\n    ''name'' => ''网站顶部推荐'',\n    ''maxnum'' => ''20'',\n    ''extention'' => NULL,\n    ''listorder'' => ''0'',\n    ''siteid'' => ''1'',\n    ''thumb'' => '''',\n  ),\n  12 => \n  array (\n    ''posid'' => ''12'',\n    ''modelid'' => ''0'',\n    ''catid'' => ''0'',\n    ''name'' => ''首页图片推荐'',\n    ''maxnum'' => ''20'',\n    ''extention'' => NULL,\n    ''listorder'' => ''0'',\n    ''siteid'' => ''1'',\n    ''thumb'' => '''',\n  ),\n  16 => \n  array (\n    ''posid'' => ''16'',\n    ''modelid'' => ''0'',\n    ''catid'' => ''0'',\n    ''name'' => ''视频首页每日热点'',\n    ''maxnum'' => ''20'',\n    ''extention'' => '''',\n    ''listorder'' => ''0'',\n    ''siteid'' => ''1'',\n    ''thumb'' => '''',\n  ),\n  10 => \n  array (\n    ''posid'' => ''10'',\n    ''modelid'' => ''0'',\n    ''catid'' => ''0'',\n    ''name'' => ''栏目首页推荐'',\n    ''maxnum'' => ''20'',\n    ''extention'' => NULL,\n    ''listorder'' => ''0'',\n    ''siteid'' => ''1'',\n    ''thumb'' => '''',\n  ),\n  14 => \n  array (\n    ''posid'' => ''14'',\n    ''modelid'' => ''0'',\n    ''catid'' => ''0'',\n    ''name'' => ''视频首页焦点图'',\n    ''maxnum'' => ''20'',\n    ''extention'' => '''',\n    ''listorder'' => ''0'',\n    ''siteid'' => ''1'',\n    ''thumb'' => '''',\n  ),\n);\n?>'),
('special.cache.php', 'caches_commons/caches_data/', '<?php\nreturn array (\n);\n?>'),
('badword.cache.php', 'caches_commons/caches_data/', '<?php\nreturn array (\n);\n?>'),
('category_items_3.cache.php', 'caches_commons/caches_data/', '<?php\nreturn array (\n  8 => ''0'',\n);\n?>'),
('category_items_11.cache.php', 'caches_commons/caches_data/', '<?php\nreturn array (\n);\n?>'),
('type_content.cache.php', 'caches_commons/caches_data/', '<?php\nreturn array (\n);\n?>'),
('vote.cache.php', 'caches_commons/caches_data/', '<?php\nreturn array (\n  1 => \n  array (\n    ''default_style'' => ''default'',\n    ''vote_tp_template'' => ''vote_tp'',\n    ''allowguest'' => ''1'',\n    ''enabled'' => ''1'',\n    ''interval'' => ''1'',\n    ''credit'' => ''1'',\n  ),\n);\n?>'),
('link.cache.php', 'caches_commons/caches_data/', '<?php\nreturn array (\n  1 => \n  array (\n    ''is_post'' => ''1'',\n    ''enablecheckcode'' => ''0'',\n  ),\n);\n?>'),
('category_content_2.cache.php', 'caches_commons/caches_data/', '<?php\nreturn array (\n);\n?>'),
('workflow_2.cache.php', 'caches_commons/caches_data/', '<?php\nreturn array (\n);\n?>'),
('type_.cache.php', 'caches_commons/caches_data/', '<?php\nreturn array (\n);\n?>'),
('category_items_12.cache.php', 'caches_commons/caches_data/', '<?php\nreturn array (\n  10 => ''0'',\n  17 => ''1'',\n  18 => ''0'',\n);\n?>'),
('category_items_13.cache.php', 'caches_commons/caches_data/', '<?php\nreturn array (\n  11 => ''3'',\n);\n?>'),
('type_content_2.cache.php', 'caches_commons/caches_data/', '<?php\nreturn array (\n);\n?>'),
('type_content_1.cache.php', 'caches_commons/caches_data/', '<?php\nreturn array (\n);\n?>'),
('category_items_14.cache.php', 'caches_commons/caches_data/', '<?php\nreturn array (\n  19 => ''1'',\n);\n?>'),
('category_items_15.cache.php', 'caches_commons/caches_data/', '<?php\nreturn array (\n  16 => ''1'',\n);\n?>');

-- --------------------------------------------------------

--
-- 表的结构 `jydp_category`
--

CREATE TABLE IF NOT EXISTS `jydp_category` (
  `catid` smallint(5) unsigned NOT NULL AUTO_INCREMENT,
  `siteid` smallint(5) unsigned NOT NULL DEFAULT '0',
  `module` varchar(15) NOT NULL,
  `type` tinyint(1) unsigned NOT NULL DEFAULT '0',
  `modelid` smallint(5) unsigned NOT NULL DEFAULT '0',
  `parentid` smallint(5) unsigned NOT NULL DEFAULT '0',
  `arrparentid` varchar(255) NOT NULL,
  `child` tinyint(1) unsigned NOT NULL DEFAULT '0',
  `arrchildid` mediumtext NOT NULL,
  `catname` varchar(30) NOT NULL,
  `style` varchar(5) NOT NULL,
  `image` varchar(100) NOT NULL,
  `description` mediumtext NOT NULL,
  `parentdir` varchar(100) NOT NULL,
  `catdir` varchar(30) NOT NULL,
  `url` varchar(100) NOT NULL,
  `items` mediumint(8) unsigned NOT NULL DEFAULT '0',
  `hits` int(10) unsigned NOT NULL DEFAULT '0',
  `setting` mediumtext NOT NULL,
  `listorder` smallint(5) unsigned NOT NULL DEFAULT '0',
  `ismenu` tinyint(1) unsigned NOT NULL DEFAULT '1',
  `sethtml` tinyint(1) unsigned NOT NULL DEFAULT '0',
  `letter` varchar(30) NOT NULL,
  `usable_type` varchar(255) NOT NULL,
  PRIMARY KEY (`catid`),
  KEY `module` (`module`,`parentid`,`listorder`,`catid`),
  KEY `siteid` (`siteid`,`type`)
) ENGINE=MyISAM  DEFAULT CHARSET=utf8 ROW_FORMAT=DYNAMIC AUTO_INCREMENT=21 ;

--
-- 转存表中的数据 `jydp_category`
--

INSERT INTO `jydp_category` (`catid`, `siteid`, `module`, `type`, `modelid`, `parentid`, `arrparentid`, `child`, `arrchildid`, `catname`, `style`, `image`, `description`, `parentdir`, `catdir`, `url`, `items`, `hits`, `setting`, `listorder`, `ismenu`, `sethtml`, `letter`, `usable_type`) VALUES
(1, 1, 'content', 1, 0, 0, '0', 1, '1,2,3,4,5', '网站介绍', '', '', '', '', 'about', '/html/about/', 0, 0, 'array (\n  ''ishtml'' => ''1'',\n  ''template_list'' => ''default'',\n  ''page_template'' => ''page'',\n  ''meta_title'' => '''',\n  ''meta_keywords'' => '''',\n  ''meta_description'' => '''',\n  ''category_ruleid'' => ''1'',\n  ''show_ruleid'' => '''',\n  ''repeatchargedays'' => ''1'',\n)', 1, 0, 0, 'wangzhanjieshao', ''),
(5, 1, 'content', 1, 0, 1, '0,1', 0, '5', '招聘信息', '', '', '', 'about/', 'hr', '/html/about/hr/', 0, 0, 'array (\n  ''ishtml'' => ''1'',\n  ''template_list'' => ''default'',\n  ''page_template'' => ''page'',\n  ''meta_title'' => '''',\n  ''meta_keywords'' => '''',\n  ''meta_description'' => '''',\n  ''category_ruleid'' => ''1'',\n  ''show_ruleid'' => '''',\n  ''repeatchargedays'' => ''1'',\n)', 4, 1, 0, 'zhaopinxinxi', ''),
(4, 1, 'content', 1, 0, 1, '0,1', 0, '4', '版权声明', '', '', '', 'about/', 'copyright', 'http://101.37.168.200/index.php?m=content&c=index&a=lists&catid=4', 0, 0, 'array (\n  ''ishtml'' => ''0'',\n  ''template_list'' => ''default'',\n  ''page_template'' => ''page'',\n  ''meta_title'' => ''版权声明'',\n  ''meta_keywords'' => ''版权声明'',\n  ''meta_description'' => ''版权声明'',\n  ''category_ruleid'' => ''6'',\n  ''show_ruleid'' => '''',\n  ''repeatchargedays'' => ''1'',\n)', 3, 1, 0, 'banquanshengming', ''),
(8, 1, 'content', 0, 3, 0, '0', 0, '8', '图片', '', '', '', '', 'pps', 'http://101.37.168.200/index.php?m=content&c=index&a=lists&catid=8', 0, 0, 'array (\n  ''workflowid'' => '''',\n  ''ishtml'' => ''0'',\n  ''content_ishtml'' => ''0'',\n  ''create_to_html_root'' => ''0'',\n  ''template_list'' => ''default'',\n  ''category_template'' => ''category_picture'',\n  ''list_template'' => ''list_picture'',\n  ''show_template'' => ''show_picture'',\n  ''meta_title'' => '''',\n  ''meta_keywords'' => '''',\n  ''meta_description'' => '''',\n  ''presentpoint'' => ''1'',\n  ''defaultchargepoint'' => ''0'',\n  ''paytype'' => ''0'',\n  ''repeatchargedays'' => ''1'',\n  ''category_ruleid'' => ''6'',\n  ''show_ruleid'' => ''16'',\n)', 3, 1, 0, 'tupian', ''),
(2, 1, 'content', 1, 0, 1, '0,1', 0, '2', '关于我们', '', '', '', 'about/', 'aboutus', '/html/about/aboutus/', 0, 0, 'array (\n  ''ishtml'' => ''1'',\n  ''template_list'' => ''default'',\n  ''page_template'' => ''page'',\n  ''meta_title'' => ''关于我们'',\n  ''meta_keywords'' => ''关于我们'',\n  ''meta_description'' => ''关于我们'',\n  ''category_ruleid'' => ''1'',\n  ''show_ruleid'' => '''',\n  ''repeatchargedays'' => ''1'',\n)', 1, 1, 0, 'guanyuwomen', ''),
(6, 1, 'content', 0, 1, 0, '0', 0, '6', '国内', '', '', '', '', 'guonei', 'http://101.37.168.200/index.php?m=content&c=index&a=lists&catid=6', 2, 0, 'array (\n  ''workflowid'' => '''',\n  ''ishtml'' => ''0'',\n  ''content_ishtml'' => ''0'',\n  ''create_to_html_root'' => ''0'',\n  ''template_list'' => ''default'',\n  ''category_template'' => ''category'',\n  ''list_template'' => ''list'',\n  ''show_template'' => ''show'',\n  ''meta_title'' => '''',\n  ''meta_keywords'' => '''',\n  ''meta_description'' => '''',\n  ''presentpoint'' => ''1'',\n  ''defaultchargepoint'' => ''0'',\n  ''paytype'' => ''0'',\n  ''repeatchargedays'' => ''1'',\n  ''category_ruleid'' => ''6'',\n  ''show_ruleid'' => ''16'',\n)', 1, 1, 0, 'guonei', ''),
(3, 1, 'content', 1, 0, 1, '0,1', 0, '3', '联系方式', '', '', '', 'about/', 'contactus', '/html/about/contactus/', 0, 0, 'array (\n  ''ishtml'' => ''1'',\n  ''template_list'' => ''default'',\n  ''page_template'' => ''page'',\n  ''meta_title'' => ''联系方式'',\n  ''meta_keywords'' => ''联系方式'',\n  ''meta_description'' => ''联系方式'',\n  ''category_ruleid'' => ''1'',\n  ''show_ruleid'' => '''',\n  ''repeatchargedays'' => ''1'',\n)', 2, 1, 0, 'lianxifangshi', ''),
(7, 1, 'content', 0, 2, 0, '0', 0, '7', '下载', '', '', '', '', 'down', 'http://101.37.168.200/index.php?m=content&c=index&a=lists&catid=7', 0, 0, 'array (\n  ''workflowid'' => '''',\n  ''ishtml'' => ''0'',\n  ''content_ishtml'' => ''0'',\n  ''create_to_html_root'' => ''0'',\n  ''template_list'' => ''default'',\n  ''category_template'' => ''category_download'',\n  ''list_template'' => ''list_download'',\n  ''show_template'' => ''show_download'',\n  ''meta_title'' => '''',\n  ''meta_keywords'' => '''',\n  ''meta_description'' => '''',\n  ''presentpoint'' => ''1'',\n  ''defaultchargepoint'' => ''0'',\n  ''paytype'' => ''0'',\n  ''repeatchargedays'' => ''1'',\n  ''category_ruleid'' => ''6'',\n  ''show_ruleid'' => ''16'',\n)', 2, 1, 0, 'xiazai', ''),
(9, 1, 'content', 0, 1, 0, '0', 1, '9,12,13,14,15,16', '精彩', '', '', '', '', 'jingcai', 'http://101.37.168.200/list-9-1.html', 0, 0, '{"workflowid":"","ishtml":"0","content_ishtml":"0","create_to_html_root":"0","template_list":"default","category_template":"category","list_template":"list","show_template":"show","meta_title":"","meta_keywords":"","meta_description":"","presentpoint":"1","defaultchargepoint":"0","paytype":"0","repeatchargedays":"1","category_ruleid":"30","show_ruleid":"16"}', 9, 1, 0, 'jingcai', ''),
(10, 1, 'content', 0, 12, 0, '0', 1, '10,17,18,19,20', '精选', '', '', '', '', 'jingxuan', 'http://101.37.168.200/list-10-1.html', 0, 0, '{"workflowid":"","ishtml":"0","content_ishtml":"0","create_to_html_root":"0","template_list":"default","category_template":"category","list_template":"list","show_template":"show","meta_title":"","meta_keywords":"","meta_description":"","presentpoint":"1","defaultchargepoint":"0","paytype":"0","repeatchargedays":"1","category_ruleid":"30","show_ruleid":"16"}', 10, 1, 0, 'jingxuan', ''),
(11, 1, 'content', 0, 13, 0, '0', 0, '11', '潮派', '', '', '', '', 'chaopai', 'http://101.37.168.200/list-11-1.html', 3, 0, '{"workflowid":"","ishtml":"0","content_ishtml":"0","create_to_html_root":"0","template_list":"default","category_template":"category","list_template":"list","show_template":"show","meta_title":"","meta_keywords":"","meta_description":"","presentpoint":"1","defaultchargepoint":"0","paytype":"0","repeatchargedays":"1","category_ruleid":"30","show_ruleid":"16"}', 11, 1, 0, 'chaopai', ''),
(12, 1, 'content', 0, 1, 9, '0,9', 0, '12', '城事', '', '', '城事', 'jingcai/', 'chengshi', 'http://101.37.168.200/list-12-1.html', 2, 0, '{"workflowid":"","ishtml":"0","content_ishtml":"0","create_to_html_root":"0","template_list":"default","category_template":"category","list_template":"list","show_template":"show","meta_title":"","meta_keywords":"","meta_description":"","presentpoint":"1","defaultchargepoint":"0","paytype":"0","repeatchargedays":"1","category_ruleid":"30","show_ruleid":"16"}', 12, 1, 0, 'chengshi', ''),
(13, 1, 'content', 0, 1, 9, '0,9', 0, '13', '资讯', '', '', '资讯', 'jingcai/', 'zixun', 'http://101.37.168.200/list-13-1.html', 1, 0, '{"workflowid":"","ishtml":"0","content_ishtml":"0","create_to_html_root":"0","template_list":"default","category_template":"category","list_template":"list","show_template":"show","meta_title":"","meta_keywords":"","meta_description":"","presentpoint":"1","defaultchargepoint":"0","paytype":"0","repeatchargedays":"1","category_ruleid":"30","show_ruleid":"16"}', 13, 1, 0, 'zixun', ''),
(14, 1, 'content', 0, 1, 9, '0,9', 0, '14', '黑精', '', '', '黑精', 'jingcai/', 'heijing', 'http://101.37.168.200/list-14-1.html', 1, 0, '{"workflowid":"","ishtml":"0","content_ishtml":"0","create_to_html_root":"0","template_list":"default","category_template":"category","list_template":"list","show_template":"show","meta_title":"","meta_keywords":"","meta_description":"","presentpoint":"1","defaultchargepoint":"0","paytype":"0","repeatchargedays":"1","category_ruleid":"30","show_ruleid":"16"}', 14, 1, 0, 'heijing', ''),
(15, 1, 'content', 0, 1, 9, '0,9', 0, '15', '视界', '', '', '视界', 'jingcai/', 'shijie', 'http://101.37.168.200/list-15-1.html', 1, 0, '{"workflowid":"","ishtml":"0","content_ishtml":"0","create_to_html_root":"0","template_list":"default","category_template":"category","list_template":"list","show_template":"show","meta_title":"","meta_keywords":"","meta_description":"","presentpoint":"1","defaultchargepoint":"0","paytype":"0","repeatchargedays":"1","category_ruleid":"30","show_ruleid":"16"}', 15, 1, 0, 'shijie', ''),
(16, 1, 'content', 0, 15, 9, '0,9', 0, '16', '直播', '', '', '直播', 'jingcai/', 'zhibo', 'http://101.37.168.200/list-16-1.html', 1, 0, '{"workflowid":"","ishtml":"0","content_ishtml":"0","create_to_html_root":"0","template_list":"default","category_template":"category","list_template":"list","show_template":"show","meta_title":"","meta_keywords":"","meta_description":"","presentpoint":"1","defaultchargepoint":"0","paytype":"0","repeatchargedays":"1","category_ruleid":"30","show_ruleid":"16"}', 16, 1, 0, 'zhibo', ''),
(17, 1, 'content', 0, 12, 10, '0,10', 0, '17', '美食', '', '', '', 'jingxuan/', 'meishi', 'http://101.37.168.200/list-17-1.html', 1, 0, '{"workflowid":"","ishtml":"0","content_ishtml":"0","create_to_html_root":"0","template_list":"default","category_template":"category","list_template":"list","show_template":"show","meta_title":"","meta_keywords":"","meta_description":"","presentpoint":"1","defaultchargepoint":"0","paytype":"0","repeatchargedays":"1","category_ruleid":"30","show_ruleid":"16"}', 17, 1, 0, 'meishi', ''),
(18, 1, 'content', 0, 12, 10, '0,10', 0, '18', '潮玩', '', '', '', 'jingxuan/', 'chaowan', 'http://101.37.168.200/list-18-1.html', 0, 0, '{"workflowid":"","ishtml":"0","content_ishtml":"0","create_to_html_root":"0","template_list":"default","category_template":"category","list_template":"list","show_template":"show","meta_title":"","meta_keywords":"","meta_description":"","presentpoint":"1","defaultchargepoint":"0","paytype":"0","repeatchargedays":"1","category_ruleid":"30","show_ruleid":"16"}', 18, 1, 0, 'chaowan', ''),
(19, 1, 'content', 0, 14, 10, '0,10', 0, '19', '好物', '', '', '', 'jingxuan/', 'haowu', 'http://101.37.168.200/list-19-1.html', 1, 0, '{"workflowid":"","ishtml":"0","content_ishtml":"0","create_to_html_root":"0","template_list":"default","category_template":"category","list_template":"list","show_template":"show","meta_title":"","meta_keywords":"","meta_description":"","presentpoint":"1","defaultchargepoint":"0","paytype":"0","repeatchargedays":"1","category_ruleid":"30","show_ruleid":"16"}', 19, 1, 0, 'haowu', ''),
(20, 1, 'content', 0, 1, 10, '0,10', 0, '20', '其他', '', '', '', 'jingxuan/', 'qita', 'http://101.37.168.200/list-20-1.html', 0, 0, '{"workflowid":"","ishtml":"0","content_ishtml":"0","create_to_html_root":"0","template_list":"default","category_template":"category","list_template":"list","show_template":"show","meta_title":"","meta_keywords":"","meta_description":"","presentpoint":"1","defaultchargepoint":"0","paytype":"0","repeatchargedays":"1","category_ruleid":"30","show_ruleid":"16"}', 20, 1, 0, 'qita', '');

-- --------------------------------------------------------

--
-- 表的结构 `jydp_category_priv`
--

CREATE TABLE IF NOT EXISTS `jydp_category_priv` (
  `catid` smallint(5) unsigned NOT NULL DEFAULT '0',
  `siteid` smallint(5) unsigned NOT NULL DEFAULT '0',
  `roleid` smallint(5) unsigned NOT NULL DEFAULT '0',
  `is_admin` tinyint(1) unsigned NOT NULL DEFAULT '0',
  `action` char(30) NOT NULL,
  KEY `catid` (`catid`,`roleid`,`is_admin`,`action`),
  KEY `siteid` (`siteid`)
) ENGINE=MyISAM DEFAULT CHARSET=utf8 ROW_FORMAT=FIXED;

-- --------------------------------------------------------

--
-- 表的结构 `jydp_chaopai`
--

CREATE TABLE IF NOT EXISTS `jydp_chaopai` (
  `id` mediumint(8) unsigned NOT NULL AUTO_INCREMENT,
  `catid` smallint(5) unsigned NOT NULL DEFAULT '0',
  `typeid` smallint(5) unsigned NOT NULL,
  `title` char(80) NOT NULL DEFAULT '',
  `style` char(24) NOT NULL DEFAULT '',
  `thumb` char(100) NOT NULL DEFAULT '',
  `keywords` char(40) NOT NULL DEFAULT '',
  `description` char(255) NOT NULL DEFAULT '',
  `posids` tinyint(1) unsigned NOT NULL DEFAULT '0',
  `url` char(100) NOT NULL,
  `listorder` tinyint(3) unsigned NOT NULL DEFAULT '0',
  `status` tinyint(2) unsigned NOT NULL DEFAULT '1',
  `sysadd` tinyint(1) unsigned NOT NULL DEFAULT '0',
  `islink` tinyint(1) unsigned NOT NULL DEFAULT '0',
  `username` char(20) NOT NULL,
  `inputtime` int(10) unsigned NOT NULL DEFAULT '0',
  `updatetime` int(10) unsigned NOT NULL DEFAULT '0',
  PRIMARY KEY (`id`),
  KEY `status` (`status`,`listorder`,`id`),
  KEY `listorder` (`catid`,`status`,`listorder`,`id`),
  KEY `catid` (`catid`,`status`,`id`)
) ENGINE=MyISAM  DEFAULT CHARSET=utf8 AUTO_INCREMENT=4 ;

--
-- 转存表中的数据 `jydp_chaopai`
--

INSERT INTO `jydp_chaopai` (`id`, `catid`, `typeid`, `title`, `style`, `thumb`, `keywords`, `description`, `posids`, `url`, `listorder`, `status`, `sysadd`, `islink`, `username`, `inputtime`, `updatetime`) VALUES
(1, 11, 0, '这是一个活动', '', 'http://101.37.168.200/uploadfile/2017/0626/20170626073932965.jpg', '这是', '这是活动内容哦', 1, 'http://101.37.168.200/index.php?m=content&c=index&a=show&catid=11&id=1', 0, 99, 1, 0, 'admin888', 1498477098, 1498616702),
(2, 11, 0, '这是第二个活动', '', 'http://101.37.168.200/uploadfile/2017/0626/20170626075634267.png', '这是 第二个', '这是活动内容哦', 0, 'http://101.37.168.200/index.php?m=content&c=index&a=show&catid=11&id=2', 0, 99, 1, 0, 'admin888', 1498478140, 1498616780),
(3, 11, 0, '小七家活动', '', 'http://101.37.168.200/uploadfile/2017/0703/20170703102201322.png', '就是', '哎哟这个活动真好呀', 0, 'http://101.37.168.200/index.php?m=content&c=index&a=show&catid=11&id=3', 0, 99, 1, 0, 'admin888', 1499135640, 1499050084);

-- --------------------------------------------------------

--
-- 表的结构 `jydp_chaopai_data`
--

CREATE TABLE IF NOT EXISTS `jydp_chaopai_data` (
  `id` mediumint(8) unsigned DEFAULT '0',
  `content` mediumtext NOT NULL,
  `readpoint` smallint(5) unsigned NOT NULL DEFAULT '0',
  `groupids_view` varchar(100) NOT NULL,
  `paginationtype` tinyint(1) NOT NULL,
  `maxcharperpage` mediumint(6) NOT NULL,
  `template` varchar(30) NOT NULL,
  `paytype` tinyint(1) unsigned NOT NULL DEFAULT '0',
  `allow_comment` tinyint(1) unsigned NOT NULL DEFAULT '1',
  `relation` varchar(255) NOT NULL DEFAULT '',
  `start_time` int(10) unsigned NOT NULL DEFAULT '0',
  `end_time` int(10) unsigned NOT NULL DEFAULT '0',
  `signup_end_time` int(10) unsigned NOT NULL DEFAULT '0',
  `xiwei` int(10) unsigned NOT NULL DEFAULT '0',
  `limit` int(10) unsigned NOT NULL DEFAULT '0',
  `review` mediumtext NOT NULL,
  `image1` varchar(100) NOT NULL DEFAULT '',
  `image2` varchar(100) NOT NULL DEFAULT '',
  `image3` varchar(100) NOT NULL DEFAULT '',
  `address` varchar(255) NOT NULL DEFAULT '',
  KEY `id` (`id`)
) ENGINE=MyISAM DEFAULT CHARSET=utf8;

--
-- 转存表中的数据 `jydp_chaopai_data`
--

INSERT INTO `jydp_chaopai_data` (`id`, `content`, `readpoint`, `groupids_view`, `paginationtype`, `maxcharperpage`, `template`, `paytype`, `allow_comment`, `relation`, `start_time`, `end_time`, `signup_end_time`, `xiwei`, `limit`, `review`, `image1`, `image2`, `image3`, `address`) VALUES
(1, '这是活动内容哦<br />\r\n<img alt="" src="http://101.37.168.200/uploadfile/2017/0626/20170626073932965.jpg" style="width: 1024px; height: 682px;" /><br />\r\n', 0, '', 0, 10000, '', 0, 1, '2', 1498390680, 1498822680, 1498649880, 100, 3, '这是活动回顾哦<br />\r\n<img alt="" src="http://101.37.168.200/uploadfile/2017/0626/20170626074006406.jpg" /><br />\r\n', 'http://101.37.168.200/uploadfile/2017/0628/20170628095130978.jpg', '', '', ''),
(2, '这是活动内容哦<img alt="" src="http://101.37.168.200/uploadfile/2017/0626/20170626075634267.png" />', 0, '', 0, 10000, '', 0, 1, '', 1498804080, 1498804080, 1498804080, 10, 1, '这是活动回顾<br />\r\n<img alt="" src="http://101.37.168.200/uploadfile/2017/0626/20170626075700954.png" /><br />\r\n', '', '', '', ''),
(3, '<img src="http://101.37.168.200/uploadfile/2017/0703/20170703102201322.png" /><br />\r\n哎哟这个活动真好呀哎哟这个活动真好呀哎哟这个活动真好呀哎哟这个活动真好呀哎哟这个活动真好呀哎哟这个活动真好呀哎哟这个活动真好呀哎哟这个活动真好呀哎哟这个活动真好呀哎哟这个活动真好呀', 0, '', 0, 10000, '', 0, 1, '', 1499394600, 1499401800, 1499394840, 20, 4, '<img alt="" src="http://101.37.168.200/uploadfile/2017/0703/20170703104448849.jpg" style="width: 200px; height: 200px;" />哎哟这个活动真好呀哎哟这个活动真好呀哎哟这个活动真好呀哎哟这个活动真好呀哎哟这个活动真好呀哎哟这个活动真好呀哎哟这个活动真好呀哎哟这个活动真好呀哎哟这个活动真好呀哎哟这个活动真好呀', 'http://101.37.168.200/uploadfile/2017/0703/20170703102201322.png', 'http://101.37.168.200/uploadfile/2017/0703/20170703102220112.jpg', 'http://101.37.168.200/uploadfile/2017/0626/20170626074006406.jpg', '小七家');

-- --------------------------------------------------------

--
-- 表的结构 `jydp_chaopai_registre`
--

CREATE TABLE IF NOT EXISTS `jydp_chaopai_registre` (
  `id` int(11) NOT NULL AUTO_INCREMENT,
  `siteid` int(11) NOT NULL COMMENT '站点id',
  `sitename` varchar(200) NOT NULL COMMENT '站点名称',
  `catid` int(11) NOT NULL COMMENT '模型id',
  `catname` varchar(200) NOT NULL COMMENT '分类名称',
  `chaopai_id` int(11) NOT NULL COMMENT '潮派活动id',
  `chaopai_name` varchar(200) NOT NULL COMMENT '活动名称',
  `userid` int(11) NOT NULL COMMENT '用户id',
  `nickname` varchar(200) NOT NULL COMMENT '用户昵称',
  `name` varchar(200) NOT NULL COMMENT '姓名',
  `phone` varchar(30) NOT NULL COMMENT '电话',
  `num` int(11) NOT NULL COMMENT '人数',
  `addtime` int(11) NOT NULL,
  `addtimes` varchar(30) NOT NULL,
  PRIMARY KEY (`id`)
) ENGINE=MyISAM  DEFAULT CHARSET=utf8 COMMENT='活动报名记录表' AUTO_INCREMENT=4 ;

--
-- 转存表中的数据 `jydp_chaopai_registre`
--

INSERT INTO `jydp_chaopai_registre` (`id`, `siteid`, `sitename`, `catid`, `catname`, `chaopai_id`, `chaopai_name`, `userid`, `nickname`, `name`, `phone`, `num`, `addtime`, `addtimes`) VALUES
(1, 1, '南昌', 11, '潮派', 1, '这是一个活动', 16, '易沉', '南昌', '18630796687', 1, 1498479251, '2017-06-26 20:14:11'),
(2, 1, '南昌', 11, '潮派', 3, '小七家活动', 26, '也许下一站', '小七家活动', '18888888888', 3, 1499070689, '2017-07-03 16:31:29'),
(3, 1, '南昌', 11, '潮派', 3, '小七家活动', 26, '也许下一站', '南昌', '18888888887', 3, 1499140786, '2017-07-04 11:59:46');

-- --------------------------------------------------------

--
-- 表的结构 `jydp_collection_content`
--

CREATE TABLE IF NOT EXISTS `jydp_collection_content` (
  `id` int(10) unsigned NOT NULL AUTO_INCREMENT,
  `nodeid` int(10) unsigned NOT NULL DEFAULT '0',
  `siteid` mediumint(5) unsigned NOT NULL DEFAULT '0',
  `status` tinyint(1) unsigned NOT NULL DEFAULT '0',
  `url` char(255) NOT NULL,
  `title` char(100) NOT NULL,
  `data` text NOT NULL,
  PRIMARY KEY (`id`),
  KEY `nodeid` (`nodeid`,`siteid`),
  KEY `status` (`status`)
) ENGINE=MyISAM DEFAULT CHARSET=utf8 ROW_FORMAT=DYNAMIC AUTO_INCREMENT=1 ;

-- --------------------------------------------------------

--
-- 表的结构 `jydp_collection_history`
--

CREATE TABLE IF NOT EXISTS `jydp_collection_history` (
  `md5` char(32) NOT NULL,
  `siteid` smallint(5) unsigned NOT NULL DEFAULT '0',
  PRIMARY KEY (`md5`,`siteid`)
) ENGINE=MyISAM DEFAULT CHARSET=utf8 ROW_FORMAT=FIXED;

-- --------------------------------------------------------

--
-- 表的结构 `jydp_collection_node`
--

CREATE TABLE IF NOT EXISTS `jydp_collection_node` (
  `nodeid` smallint(6) unsigned NOT NULL AUTO_INCREMENT,
  `name` varchar(20) NOT NULL,
  `lastdate` int(10) unsigned NOT NULL DEFAULT '0',
  `siteid` smallint(5) unsigned NOT NULL DEFAULT '0',
  `sourcecharset` varchar(8) NOT NULL,
  `sourcetype` tinyint(1) unsigned NOT NULL DEFAULT '0',
  `urlpage` text NOT NULL,
  `pagesize_start` tinyint(3) unsigned NOT NULL DEFAULT '0',
  `pagesize_end` mediumint(8) unsigned NOT NULL DEFAULT '0',
  `page_base` char(255) NOT NULL,
  `par_num` tinyint(3) unsigned NOT NULL DEFAULT '1',
  `url_contain` char(100) NOT NULL,
  `url_except` char(100) NOT NULL,
  `url_start` char(100) NOT NULL DEFAULT '',
  `url_end` char(100) NOT NULL DEFAULT '',
  `title_rule` char(100) NOT NULL,
  `title_html_rule` text NOT NULL,
  `author_rule` char(100) NOT NULL,
  `author_html_rule` text NOT NULL,
  `comeform_rule` char(100) NOT NULL,
  `comeform_html_rule` text NOT NULL,
  `time_rule` char(100) NOT NULL,
  `time_html_rule` text NOT NULL,
  `content_rule` char(100) NOT NULL,
  `content_html_rule` text NOT NULL,
  `content_page_start` char(100) NOT NULL,
  `content_page_end` char(100) NOT NULL,
  `content_page_rule` tinyint(1) unsigned NOT NULL DEFAULT '0',
  `content_page` tinyint(1) unsigned NOT NULL DEFAULT '0',
  `content_nextpage` char(100) NOT NULL,
  `down_attachment` tinyint(1) unsigned NOT NULL DEFAULT '0',
  `watermark` tinyint(1) unsigned NOT NULL DEFAULT '0',
  `coll_order` tinyint(3) unsigned NOT NULL DEFAULT '0',
  `customize_config` text NOT NULL,
  PRIMARY KEY (`nodeid`),
  KEY `siteid` (`siteid`)
) ENGINE=MyISAM DEFAULT CHARSET=utf8 ROW_FORMAT=DYNAMIC AUTO_INCREMENT=1 ;

-- --------------------------------------------------------

--
-- 表的结构 `jydp_collection_program`
--

CREATE TABLE IF NOT EXISTS `jydp_collection_program` (
  `id` int(10) unsigned NOT NULL AUTO_INCREMENT,
  `siteid` smallint(5) unsigned NOT NULL DEFAULT '0',
  `nodeid` int(10) unsigned NOT NULL DEFAULT '0',
  `modelid` mediumint(6) unsigned NOT NULL DEFAULT '0',
  `catid` int(10) unsigned NOT NULL DEFAULT '0',
  `config` text NOT NULL,
  PRIMARY KEY (`id`),
  KEY `siteid` (`siteid`),
  KEY `nodeid` (`nodeid`)
) ENGINE=MyISAM DEFAULT CHARSET=utf8 ROW_FORMAT=DYNAMIC AUTO_INCREMENT=1 ;

-- --------------------------------------------------------

--
-- 表的结构 `jydp_comment`
--

CREATE TABLE IF NOT EXISTS `jydp_comment` (
  `commentid` char(30) NOT NULL,
  `siteid` smallint(5) NOT NULL DEFAULT '0',
  `title` char(255) NOT NULL,
  `url` char(255) NOT NULL,
  `total` int(8) unsigned DEFAULT '0',
  `square` mediumint(8) unsigned DEFAULT '0',
  `anti` mediumint(8) unsigned DEFAULT '0',
  `neutral` mediumint(8) unsigned DEFAULT '0',
  `display_type` tinyint(1) DEFAULT '0',
  `tableid` mediumint(8) unsigned DEFAULT '0',
  `lastupdate` int(10) unsigned DEFAULT '0',
  PRIMARY KEY (`commentid`),
  KEY `lastupdate` (`lastupdate`),
  KEY `siteid` (`siteid`)
) ENGINE=MyISAM DEFAULT CHARSET=utf8 ROW_FORMAT=FIXED;

--
-- 转存表中的数据 `jydp_comment`
--

INSERT INTO `jydp_comment` (`commentid`, `siteid`, `title`, `url`, `total`, `square`, `anti`, `neutral`, `display_type`, `tableid`, `lastupdate`) VALUES
('content_12-3-1', 1, '', '', 2, 0, 0, 0, 0, 1, 1499071957),
('content_11-3-1', 1, '', '', 6, 0, 0, 0, 0, 1, 1499304160),
('content_11-1-1', 1, '', '', 9, 0, 0, 0, 0, 1, 1499480957),
('content_12-7-1', 1, '', '', 3, 0, 0, 0, 0, 1, 1499480237),
('content_1-1-1', 1, '', '', 1, 0, 0, 0, 0, 1, 1499483350);

-- --------------------------------------------------------

--
-- 表的结构 `jydp_comment_check`
--

CREATE TABLE IF NOT EXISTS `jydp_comment_check` (
  `id` int(10) NOT NULL AUTO_INCREMENT,
  `comment_data_id` int(10) DEFAULT '0' COMMENT '论评ID号',
  `siteid` smallint(5) NOT NULL DEFAULT '0' COMMENT '站点ID',
  `tableid` mediumint(8) DEFAULT '0' COMMENT '数据存储表ID',
  PRIMARY KEY (`id`),
  KEY `siteid` (`siteid`),
  KEY `comment_data_id` (`comment_data_id`)
) ENGINE=MyISAM DEFAULT CHARSET=utf8 ROW_FORMAT=FIXED AUTO_INCREMENT=1 ;

-- --------------------------------------------------------

--
-- 表的结构 `jydp_comment_data_1`
--

CREATE TABLE IF NOT EXISTS `jydp_comment_data_1` (
  `id` int(10) unsigned NOT NULL AUTO_INCREMENT COMMENT '评论ID',
  `commentid` char(30) NOT NULL DEFAULT '' COMMENT '评论ID号',
  `siteid` smallint(5) NOT NULL DEFAULT '0' COMMENT '站点ID',
  `userid` int(10) unsigned DEFAULT '0' COMMENT '用户ID',
  `username` varchar(20) DEFAULT NULL COMMENT '用户名',
  `creat_at` int(10) DEFAULT NULL COMMENT '发布时间',
  `ip` varchar(15) DEFAULT NULL COMMENT '用户IP地址',
  `status` tinyint(1) DEFAULT '0' COMMENT '评论状态{0:未审核,-1:未通过审核,1:通过审核}',
  `content` text COMMENT '评论内容',
  `appcontent` text COMMENT '评论内容，APP使用字段',
  `direction` tinyint(1) DEFAULT '0' COMMENT '评论方向{0:无方向,1:正文,2:反方,3:中立}',
  `support` mediumint(8) unsigned DEFAULT '0' COMMENT '支持数',
  `reply` tinyint(1) NOT NULL DEFAULT '0' COMMENT '是否为回复',
  PRIMARY KEY (`id`),
  KEY `commentid` (`commentid`),
  KEY `direction` (`direction`),
  KEY `siteid` (`siteid`),
  KEY `support` (`support`)
) ENGINE=MyISAM  DEFAULT CHARSET=utf8 ROW_FORMAT=DYNAMIC AUTO_INCREMENT=22 ;

--
-- 转存表中的数据 `jydp_comment_data_1`
--

INSERT INTO `jydp_comment_data_1` (`id`, `commentid`, `siteid`, `userid`, `username`, `creat_at`, `ip`, `status`, `content`, `appcontent`, `direction`, `support`, `reply`) VALUES
(1, 'content_12-3-1', 1, 16, '易沉', 1498900024, '111.75.12.212', 1, '测试评论内容', '测试评论内容', 0, 0, 0),
(2, 'content_12-3-1', 1, 16, '易沉', 1499071957, '220.177.141.200', 1, '测试评论内容啦啦啦', '测试评论内容啦啦啦', 0, 0, 0),
(3, 'content_11-3-1', 1, 27, '分享12', 1499096123, '182.84.214.227', 1, 'opopzyq', 'opopzyq', 0, 0, 0),
(4, 'content_11-3-1', 1, 27, '分享12', 1499096150, '182.84.214.227', 1, '我婆婆说', '我婆婆说', 0, 0, 0),
(5, 'content_11-1-1', 1, 32, 'qwe', 1499135597, '220.177.141.200', 1, 'kgxtkxidud', 'kgxtkxidud', 0, 0, 0),
(6, 'content_11-1-1', 1, 32, 'qwe', 1499138864, '220.177.141.200', 1, 'test', 'test', 0, 0, 0),
(7, 'content_11-1-1', 1, 73, 'bxh', 1499240122, '115.152.103.91', 1, 'ghhchhx', 'ghhchhx', 0, 0, 0),
(8, 'content_11-1-1', 1, 73, 'bxh', 1499241600, '115.152.103.91', 1, 'vjjjjj', 'vjjjjj', 0, 0, 0),
(9, 'content_11-3-1', 1, 27, '分享12', 1499264595, '59.53.7.176', 1, '我也是一生一世', '我也是一生一世', 0, 0, 0),
(10, 'content_11-3-1', 1, 27, '分享12', 1499264756, '59.53.7.176', 1, '一生一世', '一生一世', 0, 0, 0),
(11, 'content_11-3-1', 1, 74, '公交', 1499304155, '115.152.103.91', 1, '头图', '头图', 0, 0, 0),
(12, 'content_11-3-1', 1, 74, '公交', 1499304160, '115.152.103.91', 1, '', '', 0, 0, 0),
(13, 'content_12-7-1', 1, 27, '分享12', 1499305920, '59.53.169.216', 1, '哦热敏', '哦热敏', 0, 0, 0),
(14, 'content_11-1-1', 1, 73, 'jfjfj', 1499340210, '115.152.103.91', 1, 'ffrgcdvfff', 'ffrgcdvfff', 0, 0, 0),
(15, 'content_11-1-1', 1, 73, 'jfjfj', 1499340210, '115.152.103.91', 1, 'ffrgcdvfff', 'ffrgcdvfff', 0, 0, 0),
(16, 'content_11-1-1', 1, 73, 'jfjfj', 1499340214, '115.152.103.91', 1, 'ffrgcdvfff', 'ffrgcdvfff', 0, 0, 0),
(17, 'content_12-7-1', 1, 38, 'yuanweiming', 1499480184, '223.104.170.42', 1, 'iKON哦', 'iKON哦', 0, 0, 0),
(18, 'content_12-7-1', 1, 38, 'yuanweiming', 1499480237, '223.104.170.42', 1, 'ill咯', 'ill咯', 0, 0, 0),
(19, 'content_11-1-1', 1, 73, 'vug', 1499480792, '111.75.14.96', 1, 'vhvh', 'vhvh', 0, 0, 0),
(20, 'content_11-1-1', 1, 73, 'vug', 1499480957, '111.75.14.96', 1, '科技', '科技', 0, 0, 0),
(21, 'content_1-1-1', 1, 73, '头吐了', 1499483350, '111.75.14.96', 1, '偷空', '偷空', 0, 0, 0);

-- --------------------------------------------------------

--
-- 表的结构 `jydp_comment_setting`
--

CREATE TABLE IF NOT EXISTS `jydp_comment_setting` (
  `siteid` smallint(5) NOT NULL DEFAULT '0' COMMENT '站点ID',
  `guest` tinyint(1) DEFAULT '0' COMMENT '是否允许游客评论',
  `check` tinyint(1) DEFAULT '0' COMMENT '是否需要审核',
  `code` tinyint(1) DEFAULT '0' COMMENT '是否开启验证码',
  `add_point` tinyint(3) unsigned DEFAULT '0' COMMENT '添加的积分数',
  `del_point` tinyint(3) unsigned DEFAULT '0' COMMENT '扣除的积分数',
  PRIMARY KEY (`siteid`)
) ENGINE=MyISAM DEFAULT CHARSET=utf8 ROW_FORMAT=FIXED;

--
-- 转存表中的数据 `jydp_comment_setting`
--

INSERT INTO `jydp_comment_setting` (`siteid`, `guest`, `check`, `code`, `add_point`, `del_point`) VALUES
(1, 0, 0, 0, 0, 0);

-- --------------------------------------------------------

--
-- 表的结构 `jydp_comment_table`
--

CREATE TABLE IF NOT EXISTS `jydp_comment_table` (
  `tableid` mediumint(8) NOT NULL AUTO_INCREMENT COMMENT '表ID号',
  `total` int(10) unsigned DEFAULT '0' COMMENT '数据总量',
  `creat_at` int(10) DEFAULT '0' COMMENT '创建时间',
  PRIMARY KEY (`tableid`)
) ENGINE=MyISAM  DEFAULT CHARSET=utf8 ROW_FORMAT=FIXED AUTO_INCREMENT=2 ;

--
-- 转存表中的数据 `jydp_comment_table`
--

INSERT INTO `jydp_comment_table` (`tableid`, `total`, `creat_at`) VALUES
(1, 21, 0);

-- --------------------------------------------------------

--
-- 表的结构 `jydp_content_check`
--

CREATE TABLE IF NOT EXISTS `jydp_content_check` (
  `checkid` char(15) NOT NULL,
  `catid` smallint(5) unsigned NOT NULL DEFAULT '0',
  `siteid` smallint(5) unsigned NOT NULL DEFAULT '0',
  `title` char(80) NOT NULL,
  `username` char(20) NOT NULL,
  `inputtime` int(10) unsigned NOT NULL DEFAULT '0',
  `status` tinyint(1) unsigned NOT NULL DEFAULT '0',
  KEY `username` (`username`),
  KEY `checkid` (`checkid`),
  KEY `status` (`status`,`inputtime`)
) ENGINE=MyISAM DEFAULT CHARSET=utf8 ROW_FORMAT=FIXED;

-- --------------------------------------------------------

--
-- 表的结构 `jydp_copyfrom`
--

CREATE TABLE IF NOT EXISTS `jydp_copyfrom` (
  `id` smallint(5) unsigned NOT NULL AUTO_INCREMENT,
  `siteid` smallint(5) unsigned NOT NULL DEFAULT '0',
  `sitename` varchar(30) NOT NULL,
  `siteurl` varchar(100) NOT NULL,
  `thumb` varchar(100) NOT NULL,
  `listorder` smallint(5) unsigned NOT NULL DEFAULT '0',
  PRIMARY KEY (`id`)
) ENGINE=MyISAM DEFAULT CHARSET=utf8 ROW_FORMAT=DYNAMIC AUTO_INCREMENT=1 ;

-- --------------------------------------------------------

--
-- 表的结构 `jydp_copy_record`
--

CREATE TABLE IF NOT EXISTS `jydp_copy_record` (
  `parentid` int(11) NOT NULL COMMENT '主站被复制id',
  `copyid` int(11) NOT NULL COMMENT '新添加id',
  `type` int(11) NOT NULL COMMENT '类别：1模型2栏目',
  `siteid` int(11) NOT NULL COMMENT '新添加站点id'
) ENGINE=MyISAM DEFAULT CHARSET=utf8 COMMENT='复制模型栏目记录表';

-- --------------------------------------------------------

--
-- 表的结构 `jydp_coupon`
--

CREATE TABLE IF NOT EXISTS `jydp_coupon` (
  `couponid` int(11) NOT NULL AUTO_INCREMENT COMMENT '自增ID',
  `siteid` int(11) NOT NULL DEFAULT '0' COMMENT '站点ID',
  `typeid` int(11) NOT NULL DEFAULT '0' COMMENT '优惠券类型',
  `shopid` int(11) NOT NULL DEFAULT '0' COMMENT '商家ID',
  `title` varchar(100) NOT NULL DEFAULT '' COMMENT '标题',
  `subtitle` varchar(200) NOT NULL DEFAULT '' COMMENT '副标题',
  `price` varchar(32) NOT NULL DEFAULT '' COMMENT '价格',
  `content` mediumtext NOT NULL COMMENT '内容',
  `thumb` varchar(255) NOT NULL DEFAULT '' COMMENT '图片',
  `remark` varchar(32) NOT NULL DEFAULT '' COMMENT '备注',
  `amount` smallint(6) NOT NULL DEFAULT '0' COMMENT '优惠券数量',
  `sold` smallint(6) NOT NULL DEFAULT '0' COMMENT '已领数量',
  `add_time` int(10) NOT NULL DEFAULT '0' COMMENT '添加时间',
  `add_time_format` varchar(32) NOT NULL COMMENT '格式化时间',
  `status` tinyint(3) NOT NULL DEFAULT '0' COMMENT '优惠券状态',
  `memo` varchar(255) NOT NULL DEFAULT '' COMMENT '备用字段',
  PRIMARY KEY (`couponid`)
) ENGINE=MyISAM DEFAULT CHARSET=utf8 COMMENT='优惠券表' AUTO_INCREMENT=1 ;

-- --------------------------------------------------------

--
-- 表的结构 `jydp_coupon_member`
--

CREATE TABLE IF NOT EXISTS `jydp_coupon_member` (
  `ID` int(11) NOT NULL AUTO_INCREMENT COMMENT '自增ID',
  `userid` int(11) NOT NULL DEFAULT '0' COMMENT '用户ID',
  `coupon` int(11) NOT NULL DEFAULT '0' COMMENT '优惠券ID',
  `couponNo` varchar(32) NOT NULL DEFAULT '' COMMENT '优惠券编号',
  `add_time` int(10) NOT NULL DEFAULT '0' COMMENT '添加时间',
  `add_time_format` varchar(32) NOT NULL DEFAULT '' COMMENT '格式化时间',
  `is_used` tinyint(3) NOT NULL DEFAULT '0' COMMENT '是否被使用',
  `use_time` int(10) NOT NULL DEFAULT '0' COMMENT '使用时间',
  `use_time_format` varchar(32) NOT NULL DEFAULT '' COMMENT '格式化时间',
  `memo` varchar(255) NOT NULL DEFAULT '' COMMENT '备用字段',
  PRIMARY KEY (`ID`)
) ENGINE=MyISAM DEFAULT CHARSET=utf8 COMMENT='用户领取优惠券表' AUTO_INCREMENT=1 ;

-- --------------------------------------------------------

--
-- 表的结构 `jydp_coupon_type`
--

CREATE TABLE IF NOT EXISTS `jydp_coupon_type` (
  `typeid` int(11) NOT NULL AUTO_INCREMENT COMMENT 'ID\n',
  `siteid` int(11) NOT NULL DEFAULT '0' COMMENT '站点id',
  `name` varchar(32) NOT NULL DEFAULT '' COMMENT '名称',
  `memo` varchar(255) NOT NULL DEFAULT '' COMMENT '备用字段',
  PRIMARY KEY (`typeid`)
) ENGINE=MyISAM DEFAULT CHARSET=utf8 COMMENT='优惠券类型表' AUTO_INCREMENT=1 ;

-- --------------------------------------------------------

--
-- 表的结构 `jydp_datacall`
--

CREATE TABLE IF NOT EXISTS `jydp_datacall` (
  `id` int(10) NOT NULL AUTO_INCREMENT,
  `name` char(40) DEFAULT NULL,
  `dis_type` tinyint(1) unsigned DEFAULT '0',
  `type` tinyint(1) DEFAULT '0',
  `module` char(20) DEFAULT NULL,
  `action` char(20) DEFAULT NULL,
  `data` text,
  `template` text,
  `cache` mediumint(8) DEFAULT NULL,
  `num` smallint(6) unsigned DEFAULT NULL,
  PRIMARY KEY (`id`),
  KEY `type` (`type`)
) ENGINE=MyISAM DEFAULT CHARSET=utf8 ROW_FORMAT=DYNAMIC AUTO_INCREMENT=1 ;

-- --------------------------------------------------------

--
-- 表的结构 `jydp_dbsource`
--

CREATE TABLE IF NOT EXISTS `jydp_dbsource` (
  `id` int(10) NOT NULL AUTO_INCREMENT,
  `siteid` smallint(5) unsigned NOT NULL DEFAULT '0',
  `name` varchar(50) NOT NULL,
  `host` varchar(20) NOT NULL,
  `port` int(5) NOT NULL DEFAULT '3306',
  `username` varchar(50) NOT NULL,
  `password` varchar(50) NOT NULL,
  `dbname` varchar(50) NOT NULL,
  `dbtablepre` varchar(30) NOT NULL,
  `charset` varchar(10) NOT NULL,
  PRIMARY KEY (`id`),
  KEY `siteid` (`siteid`)
) ENGINE=MyISAM DEFAULT CHARSET=utf8 ROW_FORMAT=DYNAMIC AUTO_INCREMENT=1 ;

-- --------------------------------------------------------

--
-- 表的结构 `jydp_download`
--

CREATE TABLE IF NOT EXISTS `jydp_download` (
  `id` mediumint(8) unsigned NOT NULL AUTO_INCREMENT,
  `catid` smallint(5) unsigned NOT NULL DEFAULT '0',
  `typeid` smallint(5) unsigned NOT NULL,
  `title` char(80) NOT NULL DEFAULT '',
  `style` char(24) NOT NULL DEFAULT '',
  `thumb` varchar(100) NOT NULL DEFAULT '',
  `keywords` char(40) NOT NULL DEFAULT '',
  `description` char(255) NOT NULL DEFAULT '',
  `posids` tinyint(1) unsigned NOT NULL DEFAULT '0',
  `url` char(100) NOT NULL,
  `listorder` tinyint(3) unsigned NOT NULL DEFAULT '0',
  `status` tinyint(2) unsigned NOT NULL DEFAULT '1',
  `sysadd` tinyint(1) unsigned NOT NULL DEFAULT '0',
  `islink` tinyint(1) unsigned NOT NULL DEFAULT '0',
  `username` char(20) NOT NULL,
  `inputtime` int(10) unsigned NOT NULL DEFAULT '0',
  `updatetime` int(10) unsigned NOT NULL DEFAULT '0',
  `systems` varchar(100) NOT NULL DEFAULT 'Win2000/WinXP/Win2003',
  `copytype` varchar(15) NOT NULL DEFAULT '',
  `language` varchar(10) NOT NULL DEFAULT '',
  `classtype` varchar(20) NOT NULL DEFAULT '',
  `version` varchar(20) NOT NULL DEFAULT '',
  `filesize` varchar(10) NOT NULL DEFAULT 'Unkown',
  `stars` varchar(20) NOT NULL DEFAULT '',
  PRIMARY KEY (`id`),
  KEY `status` (`status`,`listorder`,`id`),
  KEY `listorder` (`catid`,`status`,`listorder`,`id`),
  KEY `catid` (`catid`,`status`,`id`)
) ENGINE=MyISAM DEFAULT CHARSET=utf8 ROW_FORMAT=DYNAMIC AUTO_INCREMENT=1 ;

-- --------------------------------------------------------

--
-- 表的结构 `jydp_download_data`
--

CREATE TABLE IF NOT EXISTS `jydp_download_data` (
  `id` mediumint(8) unsigned DEFAULT '0',
  `content` text NOT NULL,
  `readpoint` smallint(5) unsigned NOT NULL DEFAULT '0',
  `groupids_view` varchar(100) NOT NULL,
  `paginationtype` tinyint(1) NOT NULL,
  `maxcharperpage` mediumint(6) NOT NULL,
  `template` varchar(30) NOT NULL,
  `paytype` tinyint(1) unsigned NOT NULL DEFAULT '0',
  `relation` varchar(255) NOT NULL DEFAULT '',
  `allow_comment` tinyint(1) unsigned NOT NULL DEFAULT '1',
  `downfiles` mediumtext NOT NULL,
  `downfile` varchar(255) NOT NULL DEFAULT '',
  KEY `id` (`id`)
) ENGINE=MyISAM DEFAULT CHARSET=utf8 ROW_FORMAT=DYNAMIC;

-- --------------------------------------------------------

--
-- 表的结构 `jydp_downservers`
--

CREATE TABLE IF NOT EXISTS `jydp_downservers` (
  `id` mediumint(8) NOT NULL AUTO_INCREMENT,
  `sitename` varchar(100) DEFAULT NULL,
  `siteurl` varchar(255) DEFAULT NULL,
  `listorder` smallint(5) unsigned NOT NULL DEFAULT '0',
  `siteid` smallint(5) unsigned NOT NULL DEFAULT '0',
  PRIMARY KEY (`id`)
) ENGINE=MyISAM DEFAULT CHARSET=utf8 ROW_FORMAT=DYNAMIC AUTO_INCREMENT=1 ;

-- --------------------------------------------------------

--
-- 表的结构 `jydp_extend_setting`
--

CREATE TABLE IF NOT EXISTS `jydp_extend_setting` (
  `id` smallint(5) unsigned NOT NULL AUTO_INCREMENT,
  `key` char(30) NOT NULL,
  `data` mediumtext,
  PRIMARY KEY (`id`),
  KEY `key` (`key`)
) ENGINE=MyISAM DEFAULT CHARSET=utf8 ROW_FORMAT=DYNAMIC AUTO_INCREMENT=1 ;

-- --------------------------------------------------------

--
-- 表的结构 `jydp_fans`
--

CREATE TABLE IF NOT EXISTS `jydp_fans` (
  `id` int(11) NOT NULL AUTO_INCREMENT COMMENT 'id',
  `userid` int(11) NOT NULL COMMENT '粉丝id',
  `nickname` varchar(200) NOT NULL COMMENT '粉丝昵称',
  `pid` int(11) NOT NULL COMMENT '上级id',
  `pid_nickname` varchar(200) NOT NULL COMMENT '上级昵称',
  `source` varchar(255) NOT NULL COMMENT '来源',
  `siteid` int(11) NOT NULL COMMENT '站点id',
  `sitename` varchar(200) NOT NULL COMMENT '站点名称',
  `addtime` int(11) NOT NULL,
  `addtimes` varchar(30) NOT NULL,
  PRIMARY KEY (`id`)
) ENGINE=MyISAM  DEFAULT CHARSET=utf8 AUTO_INCREMENT=5 ;

--
-- 转存表中的数据 `jydp_fans`
--

INSERT INTO `jydp_fans` (`id`, `userid`, `nickname`, `pid`, `pid_nickname`, `source`, `siteid`, `sitename`, `addtime`, `addtimes`) VALUES
(1, 17, '易沉2', 16, '易沉', '', 1, '南昌', 1498809002, '2017-06-30 15:50:02'),
(3, 16, '易沉', 17, '易沉2', '', 1, '南昌', 1499010937, '2017-07-02 23:55:37'),
(4, 26, '也许下一站', 16, '易沉', '', 1, '南昌', 1499134362, '2017-07-04 10:12:42');

-- --------------------------------------------------------

--
-- 表的结构 `jydp_favorite`
--

CREATE TABLE IF NOT EXISTS `jydp_favorite` (
  `id` int(10) unsigned NOT NULL AUTO_INCREMENT,
  `userid` mediumint(8) unsigned NOT NULL DEFAULT '0',
  `title` char(100) NOT NULL,
  `url` char(100) NOT NULL,
  `adddate` int(10) unsigned NOT NULL DEFAULT '0',
  PRIMARY KEY (`id`),
  KEY `userid` (`userid`)
) ENGINE=MyISAM DEFAULT CHARSET=utf8 ROW_FORMAT=FIXED AUTO_INCREMENT=1 ;

-- --------------------------------------------------------

--
-- 表的结构 `jydp_feedback`
--

CREATE TABLE IF NOT EXISTS `jydp_feedback` (
  `id` int(11) NOT NULL AUTO_INCREMENT,
  `userid` int(11) NOT NULL DEFAULT '0',
  `nickname` varchar(32) NOT NULL DEFAULT '',
  `content` varchar(500) NOT NULL DEFAULT '',
  `ip` varchar(32) NOT NULL DEFAULT '',
  `addtime` int(11) NOT NULL DEFAULT '0',
  `addtimes` varchar(32) NOT NULL DEFAULT '',
  PRIMARY KEY (`id`)
) ENGINE=MyISAM  DEFAULT CHARSET=utf8 COMMENT='意见反馈表' AUTO_INCREMENT=2 ;

--
-- 转存表中的数据 `jydp_feedback`
--

INSERT INTO `jydp_feedback` (`id`, `userid`, `nickname`, `content`, `ip`, `addtime`, `addtimes`) VALUES
(1, 16, '易沉', '意见反馈', '115.152.103.91', 1499313182, '2017-07-06 11:53:02');

-- --------------------------------------------------------

--
-- 表的结构 `jydp_forward`
--

CREATE TABLE IF NOT EXISTS `jydp_forward` (
  `forwardid` char(30) NOT NULL,
  `siteid` smallint(5) NOT NULL DEFAULT '0',
  `title` char(255) NOT NULL,
  `url` char(255) NOT NULL,
  `total` int(8) unsigned DEFAULT '0',
  `tableid` mediumint(8) unsigned DEFAULT '0',
  `lastupdate` int(10) unsigned DEFAULT '0',
  PRIMARY KEY (`forwardid`),
  KEY `lastupdate` (`lastupdate`),
  KEY `siteid` (`siteid`)
) ENGINE=MyISAM DEFAULT CHARSET=utf8 ROW_FORMAT=FIXED;

--
-- 转存表中的数据 `jydp_forward`
--

INSERT INTO `jydp_forward` (`forwardid`, `siteid`, `title`, `url`, `total`, `tableid`, `lastupdate`) VALUES
('forward_12-3-1', 1, '', '', 2, 1, 1498905650),
('forward_11-3-1', 1, '', '', 1, 1, 1499177907);

-- --------------------------------------------------------

--
-- 表的结构 `jydp_forward_data_1`
--

CREATE TABLE IF NOT EXISTS `jydp_forward_data_1` (
  `id` int(10) unsigned NOT NULL AUTO_INCREMENT COMMENT '评论ID',
  `forwardid` char(30) NOT NULL DEFAULT '' COMMENT '点赞ID号',
  `siteid` smallint(5) NOT NULL DEFAULT '0' COMMENT '站点ID',
  `userid` int(10) unsigned DEFAULT '0' COMMENT '用户ID',
  `username` varchar(20) DEFAULT NULL COMMENT '用户名',
  `creat_at` int(10) DEFAULT NULL COMMENT '发布时间',
  `ip` varchar(15) DEFAULT NULL COMMENT '用户IP地址',
  `type` smallint(5) NOT NULL DEFAULT '0' COMMENT '转发类型,1QQ,2微信，3微博',
  PRIMARY KEY (`id`),
  KEY `commentid` (`forwardid`),
  KEY `siteid` (`siteid`)
) ENGINE=MyISAM  DEFAULT CHARSET=utf8 ROW_FORMAT=DYNAMIC AUTO_INCREMENT=4 ;

--
-- 转存表中的数据 `jydp_forward_data_1`
--

INSERT INTO `jydp_forward_data_1` (`id`, `forwardid`, `siteid`, `userid`, `username`, `creat_at`, `ip`, `type`) VALUES
(1, 'forward_12-3-1', 1, 16, '易沉', 1498903320, '111.75.12.212', 0),
(2, 'forward_12-3-1', 1, 16, '易沉', 1498905650, '111.75.12.212', 1),
(3, 'forward_11-3-1', 1, 27, '分享12', 1499177907, '59.53.7.176', 1);

-- --------------------------------------------------------

--
-- 表的结构 `jydp_forward_table`
--

CREATE TABLE IF NOT EXISTS `jydp_forward_table` (
  `tableid` mediumint(8) NOT NULL AUTO_INCREMENT COMMENT '表ID号',
  `total` int(10) unsigned DEFAULT '0' COMMENT '数据总量',
  `creat_at` int(10) DEFAULT '0' COMMENT '创建时间',
  PRIMARY KEY (`tableid`)
) ENGINE=MyISAM  DEFAULT CHARSET=utf8 ROW_FORMAT=FIXED AUTO_INCREMENT=2 ;

--
-- 转存表中的数据 `jydp_forward_table`
--

INSERT INTO `jydp_forward_table` (`tableid`, `total`, `creat_at`) VALUES
(1, 3, 1498660854);

-- --------------------------------------------------------

--
-- 表的结构 `jydp_haowu`
--

CREATE TABLE IF NOT EXISTS `jydp_haowu` (
  `id` mediumint(8) unsigned NOT NULL AUTO_INCREMENT,
  `catid` smallint(5) unsigned NOT NULL DEFAULT '0',
  `typeid` smallint(5) unsigned NOT NULL,
  `title` char(80) NOT NULL DEFAULT '',
  `style` char(24) NOT NULL DEFAULT '',
  `thumb` char(100) NOT NULL DEFAULT '',
  `keywords` char(40) NOT NULL DEFAULT '',
  `description` char(255) NOT NULL DEFAULT '',
  `posids` tinyint(1) unsigned NOT NULL DEFAULT '0',
  `url` char(100) NOT NULL,
  `listorder` tinyint(3) unsigned NOT NULL DEFAULT '0',
  `status` tinyint(2) unsigned NOT NULL DEFAULT '1',
  `sysadd` tinyint(1) unsigned NOT NULL DEFAULT '0',
  `islink` tinyint(1) unsigned NOT NULL DEFAULT '0',
  `username` char(20) NOT NULL,
  `inputtime` int(10) unsigned NOT NULL DEFAULT '0',
  `updatetime` int(10) unsigned NOT NULL DEFAULT '0',
  PRIMARY KEY (`id`),
  KEY `status` (`status`,`listorder`,`id`),
  KEY `listorder` (`catid`,`status`,`listorder`,`id`),
  KEY `catid` (`catid`,`status`,`id`)
) ENGINE=MyISAM  DEFAULT CHARSET=utf8 AUTO_INCREMENT=2 ;

--
-- 转存表中的数据 `jydp_haowu`
--

INSERT INTO `jydp_haowu` (`id`, `catid`, `typeid`, `title`, `style`, `thumb`, `keywords`, `description`, `posids`, `url`, `listorder`, `status`, `sysadd`, `islink`, `username`, `inputtime`, `updatetime`) VALUES
(1, 19, 0, '女士包包2017新款单肩', '', '', '', '这是产品内容。。。。。。啦啦啦', 0, 'http://101.37.168.200/index.php?m=content&c=index&a=show&catid=19&id=1', 0, 99, 1, 0, 'admin888', 1499336634, 1499336714);

-- --------------------------------------------------------

--
-- 表的结构 `jydp_haowu_data`
--

CREATE TABLE IF NOT EXISTS `jydp_haowu_data` (
  `id` mediumint(8) unsigned DEFAULT '0',
  `content` text NOT NULL,
  `readpoint` smallint(5) unsigned NOT NULL DEFAULT '0',
  `groupids_view` varchar(100) NOT NULL,
  `paginationtype` tinyint(1) NOT NULL,
  `maxcharperpage` mediumint(6) NOT NULL,
  `template` varchar(30) NOT NULL,
  `paytype` tinyint(1) unsigned NOT NULL DEFAULT '0',
  `allow_comment` tinyint(1) unsigned NOT NULL DEFAULT '1',
  `relation` varchar(255) NOT NULL DEFAULT '',
  `image` mediumtext NOT NULL,
  `is_heijingbi` tinyint(3) unsigned NOT NULL DEFAULT '0',
  `price` int(10) unsigned NOT NULL DEFAULT '0',
  `stock` int(10) unsigned NOT NULL DEFAULT '0',
  `goods_url` varchar(255) NOT NULL DEFAULT '',
  KEY `id` (`id`)
) ENGINE=MyISAM DEFAULT CHARSET=utf8;

--
-- 转存表中的数据 `jydp_haowu_data`
--

INSERT INTO `jydp_haowu_data` (`id`, `content`, `readpoint`, `groupids_view`, `paginationtype`, `maxcharperpage`, `template`, `paytype`, `allow_comment`, `relation`, `image`, `is_heijingbi`, `price`, `stock`, `goods_url`) VALUES
(1, '这是产品内容。。。。。。啦啦啦', 0, '', 0, 10000, '', 0, 1, '', '{"0":{"url":"http:\\/\\/101.37.168.200\\/uploadfile\\/2017\\/0706\\/20170706062454298.png","alt":"1"},"1":{"url":"http:\\/\\/101.37.168.200\\/uploadfile\\/2017\\/0706\\/20170706062454203.png","alt":"coupon"}}', 0, 99, 999, 'http://www.baidu.com');

-- --------------------------------------------------------

--
-- 表的结构 `jydp_heijingbi`
--

CREATE TABLE IF NOT EXISTS `jydp_heijingbi` (
  `id` int(11) NOT NULL AUTO_INCREMENT,
  `userid` int(11) NOT NULL COMMENT '用户id',
  `nickname` varchar(200) NOT NULL COMMENT '用户昵称',
  `num` decimal(10,2) NOT NULL COMMENT '黑金币更变数值',
  `num_format` varchar(30) NOT NULL COMMENT '奖励数值解析',
  `status` enum('add','reduce') NOT NULL COMMENT '黑精变化状态',
  `type` varchar(200) NOT NULL COMMENT '黑金币变化类型',
  `addtime` int(11) NOT NULL,
  `addtimes` varchar(30) NOT NULL,
  PRIMARY KEY (`id`)
) ENGINE=MyISAM  DEFAULT CHARSET=utf8 COMMENT='黑金币流水表' AUTO_INCREMENT=5 ;

--
-- 转存表中的数据 `jydp_heijingbi`
--

INSERT INTO `jydp_heijingbi` (`id`, `userid`, `nickname`, `num`, `num_format`, `status`, `type`, `addtime`, `addtimes`) VALUES
(1, 16, '易沉', '20.00', '+20', 'add', '新增粉丝', 1498809002, '2017-06-30 15:50:02'),
(3, 17, '易沉2', '20.00', '+20', 'add', '新增粉丝', 1499010937, '2017-07-02 23:55:37'),
(4, 16, '易沉', '20.00', '+20', 'add', '新增粉丝', 1499134362, '2017-07-04 10:12:42');

-- --------------------------------------------------------

--
-- 表的结构 `jydp_hits`
--

CREATE TABLE IF NOT EXISTS `jydp_hits` (
  `hitsid` char(30) NOT NULL,
  `catid` smallint(5) unsigned NOT NULL DEFAULT '0',
  `views` int(10) unsigned NOT NULL DEFAULT '0',
  `yesterdayviews` int(10) unsigned NOT NULL DEFAULT '0',
  `dayviews` int(10) unsigned NOT NULL DEFAULT '0',
  `weekviews` int(10) unsigned NOT NULL DEFAULT '0',
  `monthviews` int(10) unsigned NOT NULL DEFAULT '0',
  `updatetime` int(10) unsigned NOT NULL DEFAULT '0',
  PRIMARY KEY (`hitsid`)
) ENGINE=MyISAM DEFAULT CHARSET=utf8 ROW_FORMAT=FIXED;

--
-- 转存表中的数据 `jydp_hits`
--

INSERT INTO `jydp_hits` (`hitsid`, `catid`, `views`, `yesterdayviews`, `dayviews`, `weekviews`, `monthviews`, `updatetime`) VALUES
('c-1-1', 6, 4, 0, 2, 2, 2, 1499068710),
('c-1-2', 6, 14, 1, 1, 1, 1, 1499262270),
('c-1-3', 12, 51, 6, 13, 28, 35, 1499439269),
('c-1-4', 13, 11, 4, 1, 11, 11, 1499480169),
('c-1-5', 14, 9, 4, 4, 9, 9, 1499439250),
('c-1-6', 15, 3, 0, 2, 2, 2, 1499267320),
('c-13-1', 11, 160, 46, 20, 136, 143, 1499481361),
('c-13-2', 11, 35, 4, 1, 20, 35, 1499304203),
('c-1-7', 12, 63, 28, 8, 63, 63, 1499480314),
('c-13-3', 11, 71, 9, 1, 71, 71, 1499491004),
('c-12-1', 17, 0, 0, 0, 0, 0, 1499326224),
('c-14-1', 19, 1, 0, 1, 1, 1, 1499337429),
('c-15-1', 16, 3, 2, 1, 3, 3, 1499480633);

-- --------------------------------------------------------

--
-- 表的结构 `jydp_ipbanned`
--

CREATE TABLE IF NOT EXISTS `jydp_ipbanned` (
  `ipbannedid` smallint(5) NOT NULL AUTO_INCREMENT,
  `ip` char(15) NOT NULL,
  `expires` int(10) unsigned NOT NULL DEFAULT '0',
  PRIMARY KEY (`ipbannedid`)
) ENGINE=MyISAM DEFAULT CHARSET=utf8 ROW_FORMAT=FIXED AUTO_INCREMENT=1 ;

-- --------------------------------------------------------

--
-- 表的结构 `jydp_jingxuan`
--

CREATE TABLE IF NOT EXISTS `jydp_jingxuan` (
  `id` mediumint(8) unsigned NOT NULL AUTO_INCREMENT,
  `catid` smallint(5) unsigned NOT NULL DEFAULT '0',
  `typeid` smallint(5) unsigned NOT NULL,
  `title` char(80) NOT NULL DEFAULT '',
  `style` char(24) NOT NULL DEFAULT '',
  `thumb` char(100) NOT NULL DEFAULT '',
  `keywords` char(40) NOT NULL DEFAULT '',
  `description` char(255) NOT NULL DEFAULT '',
  `posids` tinyint(1) unsigned NOT NULL DEFAULT '0',
  `url` char(100) NOT NULL,
  `listorder` tinyint(3) unsigned NOT NULL DEFAULT '0',
  `status` tinyint(2) unsigned NOT NULL DEFAULT '1',
  `sysadd` tinyint(1) unsigned NOT NULL DEFAULT '0',
  `islink` tinyint(1) unsigned NOT NULL DEFAULT '0',
  `username` char(20) NOT NULL,
  `inputtime` int(10) unsigned NOT NULL DEFAULT '0',
  `updatetime` int(10) unsigned NOT NULL DEFAULT '0',
  PRIMARY KEY (`id`),
  KEY `status` (`status`,`listorder`,`id`),
  KEY `listorder` (`catid`,`status`,`listorder`,`id`),
  KEY `catid` (`catid`,`status`,`id`)
) ENGINE=MyISAM  DEFAULT CHARSET=utf8 AUTO_INCREMENT=2 ;

--
-- 转存表中的数据 `jydp_jingxuan`
--

INSERT INTO `jydp_jingxuan` (`id`, `catid`, `typeid`, `title`, `style`, `thumb`, `keywords`, `description`, `posids`, `url`, `listorder`, `status`, `sysadd`, `islink`, `username`, `inputtime`, `updatetime`) VALUES
(1, 17, 0, '星博伦精品咖啡学院', '', '', '', '这是h内容', 0, 'http://101.37.168.200/index.php?m=content&c=index&a=show&catid=17&id=1', 0, 99, 1, 0, 'admin888', 1499326080, 1499326224);

-- --------------------------------------------------------

--
-- 表的结构 `jydp_jingxuan_data`
--

CREATE TABLE IF NOT EXISTS `jydp_jingxuan_data` (
  `id` mediumint(8) unsigned DEFAULT '0',
  `content` text NOT NULL,
  `readpoint` smallint(5) unsigned NOT NULL DEFAULT '0',
  `groupids_view` varchar(100) NOT NULL,
  `paginationtype` tinyint(1) NOT NULL,
  `maxcharperpage` mediumint(6) NOT NULL,
  `template` varchar(30) NOT NULL,
  `paytype` tinyint(1) unsigned NOT NULL DEFAULT '0',
  `allow_comment` tinyint(1) unsigned NOT NULL DEFAULT '1',
  `relation` varchar(255) NOT NULL DEFAULT '',
  `album` mediumtext NOT NULL,
  `renjun` float unsigned NOT NULL DEFAULT '0',
  `recommend` float unsigned NOT NULL DEFAULT '0',
  `map` varchar(255) NOT NULL DEFAULT '',
  KEY `id` (`id`)
) ENGINE=MyISAM DEFAULT CHARSET=utf8;

--
-- 转存表中的数据 `jydp_jingxuan_data`
--

INSERT INTO `jydp_jingxuan_data` (`id`, `content`, `readpoint`, `groupids_view`, `paginationtype`, `maxcharperpage`, `template`, `paytype`, `allow_comment`, `relation`, `album`, `renjun`, `recommend`, `map`) VALUES
(1, '这是h内容', 0, '', 0, 10000, '', 0, 1, '', '{"0":{"url":"http:\\/\\/101.37.168.200\\/uploadfile\\/2017\\/0706\\/20170706030912859.jpg","alt":"20130604080439612"},"1":{"url":"http:\\/\\/101.37.168.200\\/uploadfile\\/2017\\/0706\\/20170706030912529.jpg","alt":"af34f7562faaf78349d9e562051870c2"},"2":{"url":"http:\\/\\/101.37.168.200\\/uploadfile\\/2017\\/0706\\/20170706030912236.jpg","alt":"sy_69522878697"}}', 50, 9.5, '115.886334|28.677322|16');

-- --------------------------------------------------------

--
-- 表的结构 `jydp_keylink`
--

CREATE TABLE IF NOT EXISTS `jydp_keylink` (
  `keylinkid` smallint(5) unsigned NOT NULL AUTO_INCREMENT,
  `word` char(40) NOT NULL,
  `url` char(100) NOT NULL,
  PRIMARY KEY (`keylinkid`)
) ENGINE=MyISAM DEFAULT CHARSET=utf8 ROW_FORMAT=FIXED AUTO_INCREMENT=1 ;

-- --------------------------------------------------------

--
-- 表的结构 `jydp_keyword`
--

CREATE TABLE IF NOT EXISTS `jydp_keyword` (
  `id` int(10) unsigned NOT NULL AUTO_INCREMENT,
  `siteid` smallint(5) unsigned NOT NULL DEFAULT '0',
  `keyword` char(100) NOT NULL,
  `pinyin` char(100) NOT NULL,
  `videonum` int(11) NOT NULL DEFAULT '0',
  `searchnums` int(10) unsigned NOT NULL DEFAULT '0',
  PRIMARY KEY (`id`),
  KEY `keyword` (`keyword`,`siteid`)
) ENGINE=MyISAM  DEFAULT CHARSET=utf8 ROW_FORMAT=FIXED AUTO_INCREMENT=8 ;

--
-- 转存表中的数据 `jydp_keyword`
--

INSERT INTO `jydp_keyword` (`id`, `siteid`, `keyword`, `pinyin`, `videonum`, `searchnums`) VALUES
(1, 1, '这是', 'zheshi', 16, 0),
(2, 1, '文章', 'wenzhang', 8, 0),
(3, 1, '资讯', 'zixun', 1, 0),
(4, 1, '视界', 'shijie', 1, 0),
(5, 1, '第二个', 'dierge', 2, 0),
(6, 1, '话说', 'huashuo', 2, 0),
(7, 1, '就是', 'jiushi', 7, 0);

-- --------------------------------------------------------

--
-- 表的结构 `jydp_keyword_data`
--

CREATE TABLE IF NOT EXISTS `jydp_keyword_data` (
  `id` int(10) unsigned NOT NULL AUTO_INCREMENT,
  `tagid` int(10) unsigned NOT NULL DEFAULT '0',
  `siteid` smallint(5) unsigned NOT NULL DEFAULT '0',
  `contentid` char(30) NOT NULL,
  PRIMARY KEY (`id`),
  KEY `tagid` (`tagid`,`siteid`)
) ENGINE=MyISAM  DEFAULT CHARSET=utf8 ROW_FORMAT=FIXED AUTO_INCREMENT=20 ;

--
-- 转存表中的数据 `jydp_keyword_data`
--

INSERT INTO `jydp_keyword_data` (`id`, `tagid`, `siteid`, `contentid`) VALUES
(1, 1, 1, '1-1'),
(2, 2, 1, '1-1'),
(3, 1, 1, '2-1'),
(4, 2, 1, '2-1'),
(5, 1, 1, '3-1'),
(6, 2, 1, '3-1'),
(7, 1, 1, '4-1'),
(8, 2, 1, '4-1'),
(9, 3, 1, '4-1'),
(10, 1, 1, '5-1'),
(11, 2, 1, '5-1'),
(12, 4, 1, '6-1'),
(13, 1, 1, '6-1'),
(14, 2, 1, '6-1'),
(15, 1, 1, '1-13'),
(16, 1, 1, '2-13'),
(17, 5, 1, '2-13'),
(18, 6, 1, '7-1'),
(19, 7, 1, '3-13');

-- --------------------------------------------------------

--
-- 表的结构 `jydp_like`
--

CREATE TABLE IF NOT EXISTS `jydp_like` (
  `likeid` char(30) NOT NULL,
  `siteid` smallint(5) NOT NULL DEFAULT '0',
  `title` char(255) NOT NULL,
  `url` char(255) NOT NULL,
  `total` int(8) unsigned DEFAULT '0',
  `tableid` mediumint(8) unsigned DEFAULT '0',
  `lastupdate` int(10) unsigned DEFAULT '0',
  PRIMARY KEY (`likeid`),
  KEY `lastupdate` (`lastupdate`),
  KEY `siteid` (`siteid`)
) ENGINE=MyISAM DEFAULT CHARSET=utf8 ROW_FORMAT=FIXED;

--
-- 转存表中的数据 `jydp_like`
--

INSERT INTO `jydp_like` (`likeid`, `siteid`, `title`, `url`, `total`, `tableid`, `lastupdate`) VALUES
('like_12-3-1', 1, '', '', 1, 1, 1498903092),
('like_11-3-1', 1, '', '', 1, 1, 1499175961),
('like_11-2-1', 1, '', '', 1, 1, 1499176181),
('like_11-1-1', 1, '', '', 3, 1, 1499239813),
('like_13-4-1', 1, '', '', 1, 1, 1499305424),
('like_12-7-1', 1, '', '', 1, 1, 1499338200);

-- --------------------------------------------------------

--
-- 表的结构 `jydp_like_data_1`
--

CREATE TABLE IF NOT EXISTS `jydp_like_data_1` (
  `id` int(10) unsigned NOT NULL AUTO_INCREMENT COMMENT '评论ID',
  `likeid` char(30) NOT NULL DEFAULT '' COMMENT '点赞ID号',
  `siteid` smallint(5) NOT NULL DEFAULT '0' COMMENT '站点ID',
  `userid` int(10) unsigned DEFAULT '0' COMMENT '用户ID',
  `username` varchar(20) DEFAULT NULL COMMENT '用户名',
  `creat_at` int(10) DEFAULT NULL COMMENT '发布时间',
  `ip` varchar(15) DEFAULT NULL COMMENT '用户IP地址',
  PRIMARY KEY (`id`),
  KEY `commentid` (`likeid`),
  KEY `siteid` (`siteid`)
) ENGINE=MyISAM  DEFAULT CHARSET=utf8 ROW_FORMAT=DYNAMIC AUTO_INCREMENT=9 ;

--
-- 转存表中的数据 `jydp_like_data_1`
--

INSERT INTO `jydp_like_data_1` (`id`, `likeid`, `siteid`, `userid`, `username`, `creat_at`, `ip`) VALUES
(1, 'like_12-3-1', 1, 16, '易沉', 1498903092, '111.75.12.212'),
(2, 'like_11-3-1', 1, 27, '分享12', 1499175961, '59.53.7.176'),
(3, 'like_11-2-1', 1, 27, '分享12', 1499176181, '59.53.7.176'),
(4, 'like_11-1-1', 1, 27, '分享12', 1499176405, '59.53.7.176'),
(5, 'like_11-1-1', 1, 32, 'qwe', 1499222765, '220.177.141.200'),
(6, 'like_11-1-1', 1, 73, 'bxh', 1499239813, '115.152.103.91'),
(7, 'like_13-4-1', 1, 27, '分享12', 1499305424, '59.53.169.216'),
(8, 'like_12-7-1', 1, 75, '啦啦啦', 1499338200, '115.152.103.91');

-- --------------------------------------------------------

--
-- 表的结构 `jydp_like_table`
--

CREATE TABLE IF NOT EXISTS `jydp_like_table` (
  `tableid` mediumint(8) NOT NULL AUTO_INCREMENT COMMENT '表ID号',
  `total` int(10) unsigned DEFAULT '0' COMMENT '数据总量',
  `creat_at` int(10) DEFAULT '0' COMMENT '创建时间',
  PRIMARY KEY (`tableid`)
) ENGINE=MyISAM  DEFAULT CHARSET=utf8 ROW_FORMAT=FIXED AUTO_INCREMENT=2 ;

--
-- 转存表中的数据 `jydp_like_table`
--

INSERT INTO `jydp_like_table` (`tableid`, `total`, `creat_at`) VALUES
(1, 8, 1498660854);

-- --------------------------------------------------------

--
-- 表的结构 `jydp_link`
--

CREATE TABLE IF NOT EXISTS `jydp_link` (
  `linkid` smallint(5) unsigned NOT NULL AUTO_INCREMENT,
  `siteid` smallint(5) unsigned DEFAULT '0',
  `typeid` smallint(5) unsigned NOT NULL DEFAULT '0',
  `linktype` tinyint(1) unsigned NOT NULL DEFAULT '0',
  `name` varchar(50) NOT NULL DEFAULT '',
  `url` varchar(255) NOT NULL DEFAULT '',
  `logo` varchar(255) NOT NULL DEFAULT '',
  `introduce` text NOT NULL,
  `username` varchar(30) NOT NULL DEFAULT '',
  `listorder` smallint(5) unsigned NOT NULL DEFAULT '0',
  `elite` tinyint(1) unsigned NOT NULL DEFAULT '0',
  `passed` tinyint(1) unsigned NOT NULL DEFAULT '0',
  `addtime` int(10) unsigned NOT NULL DEFAULT '0',
  PRIMARY KEY (`linkid`),
  KEY `typeid` (`typeid`,`passed`,`listorder`,`linkid`)
) ENGINE=MyISAM  DEFAULT CHARSET=utf8 ROW_FORMAT=DYNAMIC AUTO_INCREMENT=3 ;

--
-- 转存表中的数据 `jydp_link`
--

INSERT INTO `jydp_link` (`linkid`, `siteid`, `typeid`, `linktype`, `name`, `url`, `logo`, `introduce`, `username`, `listorder`, `elite`, `passed`, `addtime`) VALUES
(2, 1, 0, 1, '盛大在线', 'http://www.sdo.com', 'http://www.snda.com/cn/logo/comp_logo_sdo.gif', '', '', 0, 0, 1, 1492762241),
(1, 1, 0, 1, 'PHPCMS', 'http://www.phpcms.cn', 'http://www.phpcms.cn/images/logo_88_31.gif', '', '', 0, 0, 1, 1492762241);

-- --------------------------------------------------------

--
-- 表的结构 `jydp_linkage`
--

CREATE TABLE IF NOT EXISTS `jydp_linkage` (
  `linkageid` smallint(5) unsigned NOT NULL AUTO_INCREMENT,
  `name` varchar(30) NOT NULL,
  `style` varchar(35) NOT NULL,
  `parentid` smallint(5) unsigned NOT NULL DEFAULT '0',
  `child` tinyint(1) NOT NULL,
  `arrchildid` mediumtext NOT NULL,
  `keyid` smallint(5) unsigned NOT NULL DEFAULT '0',
  `listorder` smallint(5) unsigned NOT NULL DEFAULT '0',
  `description` varchar(255) DEFAULT NULL,
  `setting` varchar(255) DEFAULT NULL,
  `siteid` smallint(5) NOT NULL DEFAULT '0',
  PRIMARY KEY (`linkageid`,`keyid`),
  KEY `parentid` (`parentid`,`listorder`)
) ENGINE=MyISAM  DEFAULT CHARSET=utf8 ROW_FORMAT=DYNAMIC AUTO_INCREMENT=3360 ;

--
-- 转存表中的数据 `jydp_linkage`
--

INSERT INTO `jydp_linkage` (`linkageid`, `name`, `style`, `parentid`, `child`, `arrchildid`, `keyid`, `listorder`, `description`, `setting`, `siteid`) VALUES
(1, '中国', '1', 0, 0, '', 0, 0, '', NULL, 0),
(5, '重庆市', '0', 0, 0, '', 1, 0, '', NULL, 0),
(9, '辽宁省', '0', 0, 0, '', 1, 0, '', NULL, 0),
(12, '江苏省', '0', 0, 0, '', 1, 0, '', NULL, 0),
(16, '江西省', '0', 0, 0, '', 1, 0, '', NULL, 0),
(23, '海南省', '0', 0, 0, '', 1, 0, '', NULL, 0),
(27, '西藏', '0', 0, 0, '', 1, 0, '', NULL, 0),
(30, '青海省', '0', 0, 0, '', 1, 0, '', NULL, 0),
(34, '香港', '0', 0, 0, '', 1, 0, '', NULL, 0),
(38, '崇文区', '0', 2, 0, '', 1, 0, '', NULL, 0),
(41, '石景山区', '0', 2, 0, '', 1, 0, '', NULL, 0),
(45, '通州区', '0', 2, 0, '', 1, 0, '', NULL, 0),
(49, '怀柔区', '0', 2, 0, '', 1, 0, '', NULL, 0),
(52, '延庆县', '0', 2, 0, '', 1, 0, '', NULL, 0),
(56, '长宁区', '0', 3, 0, '', 1, 0, '', NULL, 0),
(63, '宝山区', '0', 3, 0, '', 1, 0, '', NULL, 0),
(67, '松江区', '0', 3, 0, '', 1, 0, '', NULL, 0),
(70, '奉贤区', '0', 3, 0, '', 1, 0, '', NULL, 0),
(74, '河西区', '0', 4, 0, '', 1, 0, '', NULL, 0),
(78, '塘沽区', '0', 4, 0, '', 1, 0, '', NULL, 0),
(81, '东丽区', '0', 4, 0, '', 1, 0, '', NULL, 0),
(85, '武清区', '0', 4, 0, '', 1, 0, '', NULL, 0),
(89, '蓟县', '0', 4, 0, '', 1, 0, '', NULL, 0),
(92, '渝中区', '0', 5, 0, '', 1, 0, '', NULL, 0),
(96, '九龙坡区', '0', 5, 0, '', 1, 0, '', NULL, 0),
(100, '双桥区', '0', 5, 0, '', 1, 0, '', NULL, 0),
(104, '长寿区', '0', 5, 0, '', 1, 0, '', NULL, 0),
(108, '大足县', '0', 5, 0, '', 1, 0, '', NULL, 0),
(111, '梁平县', '0', 5, 0, '', 1, 0, '', NULL, 0),
(115, '武隆县', '0', 5, 0, '', 1, 0, '', NULL, 0),
(119, '奉节县', '0', 5, 0, '', 1, 0, '', NULL, 0),
(122, '石柱县', '0', 5, 0, '', 1, 0, '', NULL, 0),
(126, '江津区', '0', 5, 0, '', 1, 0, '', NULL, 0),
(133, '邯郸市', '0', 6, 0, '', 1, 0, '', NULL, 0),
(137, '承德市', '0', 6, 0, '', 1, 0, '', NULL, 0),
(140, '衡水市', '0', 6, 0, '', 1, 0, '', NULL, 0),
(144, '长治市', '0', 7, 0, '', 1, 0, '', NULL, 0),
(148, '运城市', '0', 7, 0, '', 1, 0, '', NULL, 0),
(151, '吕梁市', '0', 7, 0, '', 1, 0, '', NULL, 0),
(155, '赤峰市', '0', 8, 0, '', 1, 0, '', NULL, 0),
(159, '巴彦淖尔市', '0', 8, 0, '', 1, 0, '', NULL, 0),
(162, '锡林郭勒盟', '0', 8, 0, '', 1, 0, '', NULL, 0),
(166, '鞍山市', '0', 9, 0, '', 1, 0, '', NULL, 0),
(177, '葫芦岛市', '0', 9, 0, '', 1, 0, '', NULL, 0),
(180, '四平市', '0', 10, 0, '', 1, 0, '', NULL, 0),
(184, '松原市', '0', 10, 0, '', 1, 0, '', NULL, 0),
(188, '齐齐哈尔市', '0', 11, 0, '', 1, 0, '', NULL, 0),
(191, '双鸭山市', '0', 11, 0, '', 1, 0, '', NULL, 0),
(195, '七台河市', '0', 11, 0, '', 1, 0, '', NULL, 0),
(199, '大兴安岭地区', '0', 11, 0, '', 1, 0, '', NULL, 0),
(203, '常州市', '0', 12, 0, '', 1, 0, '', NULL, 0),
(207, '淮安市', '0', 12, 0, '', 1, 0, '', NULL, 0),
(210, '镇江市', '0', 12, 0, '', 1, 0, '', NULL, 0),
(214, '宁波市', '0', 13, 0, '', 1, 0, '', NULL, 0),
(218, '绍兴市', '0', 13, 0, '', 1, 0, '', NULL, 0),
(221, '舟山市', '0', 13, 0, '', 1, 0, '', NULL, 0),
(225, '芜湖市', '0', 14, 0, '', 1, 0, '', NULL, 0),
(229, '淮北市', '0', 14, 0, '', 1, 0, '', NULL, 0),
(232, '黄山市', '0', 14, 0, '', 1, 0, '', NULL, 0),
(236, '巢湖市', '0', 14, 0, '', 1, 0, '', NULL, 0),
(243, '莆田市', '0', 15, 0, '', 1, 0, '', NULL, 0),
(247, '南平市', '0', 15, 0, '', 1, 0, '', NULL, 0),
(276, '滨州市', '0', 17, 0, '', 1, 0, '', NULL, 0),
(283, '鹤壁市', '0', 18, 0, '', 1, 0, '', NULL, 0),
(287, '许昌市', '0', 18, 0, '', 1, 0, '', NULL, 0),
(290, '南阳市', '0', 18, 0, '', 1, 0, '', NULL, 0),
(293, '周口市', '0', 18, 0, '', 1, 0, '', NULL, 0),
(306, '随州市', '0', 19, 0, '', 1, 0, '', NULL, 0),
(313, '株洲市', '0', 20, 0, '', 1, 0, '', NULL, 0),
(317, '岳阳市', '0', 20, 0, '', 1, 0, '', NULL, 0),
(320, '益阳市', '0', 20, 0, '', 1, 0, '', NULL, 0),
(323, '怀化市', '0', 20, 0, '', 1, 0, '', NULL, 0),
(324, '娄底市', '0', 20, 0, '', 1, 0, '', NULL, 0),
(328, '深圳市', '0', 21, 0, '', 1, 0, '', NULL, 0),
(331, '佛山市', '0', 21, 0, '', 1, 0, '', NULL, 0),
(339, '河源市', '0', 21, 0, '', 1, 0, '', NULL, 0),
(342, '东莞市', '0', 21, 0, '', 1, 0, '', NULL, 0),
(346, '云浮市', '0', 21, 0, '', 1, 0, '', NULL, 0),
(353, '钦州市', '0', 22, 0, '', 1, 0, '', NULL, 0),
(357, '贺州市', '0', 22, 0, '', 1, 0, '', NULL, 0),
(360, '崇左市', '0', 22, 0, '', 1, 0, '', NULL, 0),
(364, '琼海市', '0', 23, 0, '', 1, 0, '', NULL, 0),
(368, '东方市', '0', 23, 0, '', 1, 0, '', NULL, 0),
(371, '澄迈县', '0', 23, 0, '', 1, 0, '', NULL, 0),
(375, '乐东黎族自治县', '0', 23, 0, '', 1, 0, '', NULL, 0),
(379, '西沙群岛', '0', 23, 0, '', 1, 0, '', NULL, 0),
(382, '成都市', '0', 24, 0, '', 1, 0, '', NULL, 0),
(386, '德阳市', '0', 24, 0, '', 1, 0, '', NULL, 0),
(393, '眉山市', '0', 24, 0, '', 1, 0, '', NULL, 0),
(397, '雅安市', '0', 24, 0, '', 1, 0, '', NULL, 0),
(401, '甘孜州', '0', 24, 0, '', 1, 0, '', NULL, 0),
(405, '遵义市', '0', 25, 0, '', 1, 0, '', NULL, 0),
(409, '毕节地区', '0', 25, 0, '', 1, 0, '', NULL, 0),
(412, '昆明市', '0', 26, 0, '', 1, 0, '', NULL, 0),
(416, '昭通市', '0', 26, 0, '', 1, 0, '', NULL, 0),
(420, '楚雄州', '0', 26, 0, '', 1, 0, '', NULL, 0),
(423, '西双版纳', '0', 26, 0, '', 1, 0, '', NULL, 0),
(427, '迪庆', '0', 26, 0, '', 1, 0, '', NULL, 0),
(430, '山南', '0', 27, 0, '', 1, 0, '', NULL, 0),
(434, '林芝', '0', 27, 0, '', 1, 0, '', NULL, 0),
(438, '咸阳市', '0', 28, 0, '', 1, 0, '', NULL, 0),
(441, '汉中市', '0', 28, 0, '', 1, 0, '', NULL, 0),
(445, '兰州市', '0', 29, 0, '', 1, 0, '', NULL, 0),
(449, '天水市', '0', 29, 0, '', 1, 0, '', NULL, 0),
(451, '张掖市', '0', 29, 0, '', 1, 0, '', NULL, 0),
(452, '平凉市', '0', 29, 0, '', 1, 0, '', NULL, 0),
(455, '定西市', '0', 29, 0, '', 1, 0, '', NULL, 0),
(456, '陇南市', '0', 29, 0, '', 1, 0, '', NULL, 0),
(458, '甘州', '0', 29, 0, '', 1, 0, '', NULL, 0),
(459, '西宁市', '0', 30, 0, '', 1, 0, '', NULL, 0),
(462, '黄南州', '0', 30, 0, '', 1, 0, '', NULL, 0),
(463, '海南州', '0', 30, 0, '', 1, 0, '', NULL, 0),
(466, '海西州', '0', 30, 0, '', 1, 0, '', NULL, 0),
(467, '银川市', '0', 31, 0, '', 1, 0, '', NULL, 0),
(470, '固原市', '0', 31, 0, '', 1, 0, '', NULL, 0),
(474, '吐鲁番地区', '0', 32, 0, '', 1, 0, '', NULL, 0),
(478, '巴音郭楞州', '0', 32, 0, '', 1, 0, '', NULL, 0),
(481, '喀什地区', '0', 32, 0, '', 1, 0, '', NULL, 0),
(485, '阿勒泰地区', '0', 32, 0, '', 1, 0, '', NULL, 0),
(489, '五家渠市', '0', 32, 0, '', 1, 0, '', NULL, 0),
(492, '基隆市', '0', 33, 0, '', 1, 0, '', NULL, 0),
(496, '台南市', '0', 33, 0, '', 1, 0, '', NULL, 0),
(500, '苗栗县', '0', 33, 0, '', 1, 0, '', NULL, 0),
(504, '云林县', '0', 33, 0, '', 1, 0, '', NULL, 0),
(508, '屏东县', '0', 33, 0, '', 1, 0, '', NULL, 0),
(511, '台东县', '0', 33, 0, '', 1, 0, '', NULL, 0),
(515, '中西区', '0', 34, 0, '', 1, 0, '', NULL, 0),
(519, '九龙城区', '0', 34, 0, '', 1, 0, '', NULL, 0),
(522, '黄大仙区', '0', 34, 0, '', 1, 0, '', NULL, 0),
(526, '北区', '0', 34, 0, '', 1, 0, '', NULL, 0),
(533, '花地玛堂区', '0', 35, 0, '', 1, 0, '', NULL, 0),
(537, '风顺堂区', '0', 35, 0, '', 1, 0, '', NULL, 0),
(540, '长安区', '0', 130, 0, '', 1, 0, '', NULL, 0),
(544, '井陉矿区', '0', 130, 0, '', 1, 0, '', NULL, 0),
(548, '栾城县', '0', 130, 0, '', 1, 0, '', NULL, 0),
(551, '高邑县', '0', 130, 0, '', 1, 0, '', NULL, 0),
(555, '平山县', '0', 130, 0, '', 1, 0, '', NULL, 0),
(559, '藁城市', '0', 130, 0, '', 1, 0, '', NULL, 0),
(562, '鹿泉市', '0', 130, 0, '', 1, 0, '', NULL, 0),
(566, '开平区', '0', 131, 0, '', 1, 0, '', NULL, 0),
(573, '玉田县', '0', 131, 0, '', 1, 0, '', NULL, 0),
(577, '海港区', '0', 132, 0, '', 1, 0, '', NULL, 0),
(580, '青龙县', '0', 132, 0, '', 1, 0, '', NULL, 0),
(584, '邯山区', '0', 133, 0, '', 1, 0, '', NULL, 0),
(588, '邯郸县', '0', 133, 0, '', 1, 0, '', NULL, 0),
(591, '大名县', '0', 133, 0, '', 1, 0, '', NULL, 0),
(595, '永年县', '0', 133, 0, '', 1, 0, '', NULL, 0),
(599, '馆陶县', '0', 133, 0, '', 1, 0, '', NULL, 0),
(603, '桥东区', '0', 134, 0, '', 1, 0, '', NULL, 0),
(606, '临城县', '0', 134, 0, '', 1, 0, '', NULL, 0),
(607, '内丘县', '0', 134, 0, '', 1, 0, '', NULL, 0),
(614, '新河县', '0', 134, 0, '', 1, 0, '', NULL, 0),
(618, '清河县', '0', 134, 0, '', 1, 0, '', NULL, 0),
(621, '沙河市', '0', 134, 0, '', 1, 0, '', NULL, 0),
(624, '南市区', '0', 135, 0, '', 1, 0, '', NULL, 0),
(625, '满城县', '0', 135, 0, '', 1, 0, '', NULL, 0),
(636, '安新县', '0', 135, 0, '', 1, 0, '', NULL, 0),
(643, '涿州市', '0', 135, 0, '', 1, 0, '', NULL, 0),
(647, '桥东区', '0', 136, 0, '', 1, 0, '', NULL, 0),
(650, '下花园区', '0', 136, 0, '', 1, 0, '', NULL, 0),
(653, '康保县', '0', 136, 0, '', 1, 0, '', NULL, 0),
(654, '沽源县', '0', 136, 0, '', 1, 0, '', NULL, 0),
(657, '阳原县', '0', 136, 0, '', 1, 0, '', NULL, 0),
(658, '怀安县', '0', 136, 0, '', 1, 0, '', NULL, 0),
(660, '怀来县', '0', 136, 0, '', 1, 0, '', NULL, 0),
(661, '涿鹿县', '0', 136, 0, '', 1, 0, '', NULL, 0),
(664, '双桥区', '0', 137, 0, '', 1, 0, '', NULL, 0),
(665, '双滦区', '0', 137, 0, '', 1, 0, '', NULL, 0),
(668, '兴隆县', '0', 137, 0, '', 1, 0, '', NULL, 0),
(669, '平泉县', '0', 137, 0, '', 1, 0, '', NULL, 0),
(672, '丰宁县', '0', 137, 0, '', 1, 0, '', NULL, 0),
(676, '运河区', '0', 138, 0, '', 1, 0, '', NULL, 0),
(683, '南皮县', '0', 138, 0, '', 1, 0, '', NULL, 0),
(687, '泊头市', '0', 138, 0, '', 1, 0, '', NULL, 0),
(690, '河间市', '0', 138, 0, '', 1, 0, '', NULL, 0),
(693, '固安县', '0', 139, 0, '', 1, 0, '', NULL, 0),
(694, '永清县', '0', 139, 0, '', 1, 0, '', NULL, 0),
(697, '文安县', '0', 139, 0, '', 1, 0, '', NULL, 0),
(698, '大厂县', '0', 139, 0, '', 1, 0, '', NULL, 0),
(706, '安平县', '0', 140, 0, '', 1, 0, '', NULL, 0),
(708, '景县', '0', 140, 0, '', 1, 0, '', NULL, 0),
(709, '阜城县', '0', 140, 0, '', 1, 0, '', NULL, 0),
(711, '深州市', '0', 140, 0, '', 1, 0, '', NULL, 0),
(712, '小店区', '0', 141, 0, '', 1, 0, '', NULL, 0),
(713, '迎泽区', '0', 141, 0, '', 1, 0, '', NULL, 0),
(715, '尖草坪区', '0', 141, 0, '', 1, 0, '', NULL, 0),
(716, '万柏林区', '0', 141, 0, '', 1, 0, '', NULL, 0),
(717, '晋源区', '0', 141, 0, '', 1, 0, '', NULL, 0),
(719, '阳曲县', '0', 141, 0, '', 1, 0, '', NULL, 0),
(720, '娄烦县', '0', 141, 0, '', 1, 0, '', NULL, 0),
(746, '长子县', '0', 144, 0, '', 1, 0, '', NULL, 0),
(748, '沁县', '0', 144, 0, '', 1, 0, '', NULL, 0),
(749, '沁源县', '0', 144, 0, '', 1, 0, '', NULL, 0),
(751, '城区', '0', 145, 0, '', 1, 0, '', NULL, 0),
(752, '沁水县', '0', 145, 0, '', 1, 0, '', NULL, 0),
(753, '阳城县', '0', 145, 0, '', 1, 0, '', NULL, 0),
(755, '泽州县', '0', 145, 0, '', 1, 0, '', NULL, 0),
(756, '高平市', '0', 145, 0, '', 1, 0, '', NULL, 0),
(757, '朔城区', '0', 146, 0, '', 1, 0, '', NULL, 0),
(759, '山阴县', '0', 146, 0, '', 1, 0, '', NULL, 0),
(760, '应县', '0', 146, 0, '', 1, 0, '', NULL, 0),
(762, '怀仁县', '0', 146, 0, '', 1, 0, '', NULL, 0),
(763, '榆次区', '0', 147, 0, '', 1, 0, '', NULL, 0),
(764, '榆社县', '0', 147, 0, '', 1, 0, '', NULL, 0),
(766, '和顺县', '0', 147, 0, '', 1, 0, '', NULL, 0),
(767, '昔阳县', '0', 147, 0, '', 1, 0, '', NULL, 0),
(770, '祁县', '0', 147, 0, '', 1, 0, '', NULL, 0),
(771, '平遥县', '0', 147, 0, '', 1, 0, '', NULL, 0),
(773, '介休市', '0', 147, 0, '', 1, 0, '', NULL, 0),
(774, '盐湖区', '0', 148, 0, '', 1, 0, '', NULL, 0),
(775, '临猗县', '0', 148, 0, '', 1, 0, '', NULL, 0),
(777, '闻喜县', '0', 148, 0, '', 1, 0, '', NULL, 0),
(778, '稷山县', '0', 148, 0, '', 1, 0, '', NULL, 0),
(779, '新绛县', '0', 148, 0, '', 1, 0, '', NULL, 0),
(780, '绛县', '0', 148, 0, '', 1, 0, '', NULL, 0),
(781, '垣曲县', '0', 148, 0, '', 1, 0, '', NULL, 0),
(782, '夏县', '0', 148, 0, '', 1, 0, '', NULL, 0),
(784, '芮城县', '0', 148, 0, '', 1, 0, '', NULL, 0),
(788, '定襄县', '0', 149, 0, '', 1, 0, '', NULL, 0),
(789, '五台县', '0', 149, 0, '', 1, 0, '', NULL, 0),
(792, '宁武县', '0', 149, 0, '', 1, 0, '', NULL, 0),
(793, '静乐县', '0', 149, 0, '', 1, 0, '', NULL, 0),
(797, '河曲县', '0', 149, 0, '', 1, 0, '', NULL, 0),
(801, '尧都区', '0', 150, 0, '', 1, 0, '', NULL, 0),
(804, '襄汾县', '0', 150, 0, '', 1, 0, '', NULL, 0),
(805, '洪洞县', '0', 150, 0, '', 1, 0, '', NULL, 0),
(808, '浮山县', '0', 150, 0, '', 1, 0, '', NULL, 0),
(809, '吉县', '0', 150, 0, '', 1, 0, '', NULL, 0),
(811, '大宁县', '0', 150, 0, '', 1, 0, '', NULL, 0),
(812, '隰县', '0', 150, 0, '', 1, 0, '', NULL, 0),
(816, '侯马市', '0', 150, 0, '', 1, 0, '', NULL, 0),
(823, '柳林县', '0', 151, 0, '', 1, 0, '', NULL, 0),
(826, '方山县', '0', 151, 0, '', 1, 0, '', NULL, 0),
(827, '中阳县', '0', 151, 0, '', 1, 0, '', NULL, 0),
(831, '新城区', '0', 152, 0, '', 1, 0, '', NULL, 0),
(834, '赛罕区', '0', 152, 0, '', 1, 0, '', NULL, 0),
(838, '清水河县', '0', 152, 0, '', 1, 0, '', NULL, 0),
(841, '昆都仑区', '0', 153, 0, '', 1, 0, '', NULL, 0),
(845, '九原区', '0', 153, 0, '', 1, 0, '', NULL, 0),
(849, '海勃湾区', '0', 154, 0, '', 1, 0, '', NULL, 0),
(852, '红山区', '0', 155, 0, '', 1, 0, '', NULL, 0),
(856, '巴林左旗', '0', 155, 0, '', 1, 0, '', NULL, 0),
(863, '敖汉旗', '0', 155, 0, '', 1, 0, '', NULL, 0),
(866, '科尔沁左翼后旗', '0', 156, 0, '', 1, 0, '', NULL, 0),
(867, '开鲁县', '0', 156, 0, '', 1, 0, '', NULL, 0),
(870, '扎鲁特旗', '0', 156, 0, '', 1, 0, '', NULL, 0),
(873, '达拉特旗', '0', 157, 0, '', 1, 0, '', NULL, 0),
(874, '准格尔旗', '0', 157, 0, '', 1, 0, '', NULL, 0),
(877, '杭锦旗', '0', 157, 0, '', 1, 0, '', NULL, 0),
(878, '乌审旗', '0', 157, 0, '', 1, 0, '', NULL, 0),
(880, '海拉尔区', '0', 158, 0, '', 1, 0, '', NULL, 0),
(881, '阿荣旗', '0', 158, 0, '', 1, 0, '', NULL, 0),
(883, '鄂伦春自治旗', '0', 158, 0, '', 1, 0, '', NULL, 0),
(884, '鄂温克族自治旗', '0', 158, 0, '', 1, 0, '', NULL, 0),
(885, '陈巴尔虎旗', '0', 158, 0, '', 1, 0, '', NULL, 0),
(887, '新巴尔虎右旗', '0', 158, 0, '', 1, 0, '', NULL, 0),
(888, '满洲里市', '0', 158, 0, '', 1, 0, '', NULL, 0),
(889, '牙克石市', '0', 158, 0, '', 1, 0, '', NULL, 0),
(892, '根河市', '0', 158, 0, '', 1, 0, '', NULL, 0),
(894, '五原县', '0', 159, 0, '', 1, 0, '', NULL, 0),
(895, '磴口县', '0', 159, 0, '', 1, 0, '', NULL, 0),
(898, '乌拉特后旗', '0', 159, 0, '', 1, 0, '', NULL, 0),
(899, '杭锦后旗', '0', 159, 0, '', 1, 0, '', NULL, 0),
(900, '集宁区', '0', 160, 0, '', 1, 0, '', NULL, 0),
(902, '化德县', '0', 160, 0, '', 1, 0, '', NULL, 0),
(903, '商都县', '0', 160, 0, '', 1, 0, '', NULL, 0),
(905, '凉城县', '0', 160, 0, '', 1, 0, '', NULL, 0),
(908, '察哈尔右翼后旗', '0', 160, 0, '', 1, 0, '', NULL, 0),
(962, '新抚区', '0', 167, 0, '', 1, 0, '', NULL, 0),
(966, '抚顺县', '0', 167, 0, '', 1, 0, '', NULL, 0),
(974, '桓仁满族自治县', '0', 168, 0, '', 1, 0, '', NULL, 0),
(977, '振安区', '0', 169, 0, '', 1, 0, '', NULL, 0),
(980, '凤城市', '0', 169, 0, '', 1, 0, '', NULL, 0),
(984, '黑山县', '0', 170, 0, '', 1, 0, '', NULL, 0),
(988, '站前区', '0', 171, 0, '', 1, 0, '', NULL, 0),
(991, '老边区', '0', 171, 0, '', 1, 0, '', NULL, 0),
(995, '新邱区', '0', 172, 0, '', 1, 0, '', NULL, 0),
(999, '阜新蒙古族自治县', '0', 172, 0, '', 1, 0, '', NULL, 0),
(1001, '白塔区', '0', 173, 0, '', 1, 0, '', NULL, 0),
(1024, '北票市', '0', 176, 0, '', 1, 0, '', NULL, 0),
(1028, '南票区', '0', 177, 0, '', 1, 0, '', NULL, 0),
(1031, '兴城市', '0', 177, 0, '', 1, 0, '', NULL, 0),
(1046, '永吉县', '0', 179, 0, '', 1, 0, '', NULL, 0),
(1053, '梨树县', '0', 180, 0, '', 1, 0, '', NULL, 0),
(1057, '龙山区', '0', 181, 0, '', 1, 0, '', NULL, 0),
(1060, '东辽县', '0', 181, 0, '', 1, 0, '', NULL, 0),
(1064, '辉南县', '0', 182, 0, '', 1, 0, '', NULL, 0),
(1068, '八道江区', '0', 183, 0, '', 1, 0, '', NULL, 0),
(1071, '长白朝鲜族自治县', '0', 183, 0, '', 1, 0, '', NULL, 0),
(1075, '前郭尔罗斯蒙古族自治县', '0', 184, 0, '', 1, 0, '', NULL, 0),
(1116, '碾子山区', '0', 188, 0, '', 1, 0, '', NULL, 0),
(1123, '克山县', '0', 188, 0, '', 1, 0, '', NULL, 0),
(1127, '鸡冠区', '0', 189, 0, '', 1, 0, '', NULL, 0),
(1130, '梨树区', '0', 189, 0, '', 1, 0, '', NULL, 0),
(1196, '西安区', '0', 196, 0, '', 1, 0, '', NULL, 0),
(1200, '海林市', '0', 196, 0, '', 1, 0, '', NULL, 0),
(1204, '嫩江县', '0', 197, 0, '', 1, 0, '', NULL, 0),
(1207, '北安市', '0', 197, 0, '', 1, 0, '', NULL, 0),
(1266, '相城区', '0', 204, 0, '', 1, 0, '', NULL, 0),
(1273, '港闸区', '0', 205, 0, '', 1, 0, '', NULL, 0),
(1275, '如东县', '0', 205, 0, '', 1, 0, '', NULL, 0),
(1276, '启东市', '0', 205, 0, '', 1, 0, '', NULL, 0),
(1284, '东海县', '0', 206, 0, '', 1, 0, '', NULL, 0),
(1288, '楚州区', '0', 207, 0, '', 1, 0, '', NULL, 0),
(1291, '涟水县', '0', 207, 0, '', 1, 0, '', NULL, 0),
(1310, '江都市', '0', 209, 0, '', 1, 0, '', NULL, 0),
(1314, '丹阳市', '0', 210, 0, '', 1, 0, '', NULL, 0),
(1318, '高港区', '0', 211, 0, '', 1, 0, '', NULL, 0),
(1321, '泰兴市', '0', 211, 0, '', 1, 0, '', NULL, 0),
(1325, '沭阳县', '0', 212, 0, '', 1, 0, '', NULL, 0),
(1329, '下城区', '0', 213, 0, '', 1, 0, '', NULL, 0),
(1332, '西湖区', '0', 213, 0, '', 1, 0, '', NULL, 0),
(1343, '江北区', '0', 214, 0, '', 1, 0, '', NULL, 0),
(1347, '象山县', '0', 214, 0, '', 1, 0, '', NULL, 0),
(1534, '福清市', '0', 241, 0, '', 1, 0, '', NULL, 0),
(1538, '湖里区', '0', 242, 0, '', 1, 0, '', NULL, 0),
(1540, '同安区', '0', 242, 0, '', 1, 0, '', NULL, 0),
(1596, '武平县', '0', 248, 0, '', 1, 0, '', NULL, 0),
(1600, '霞浦县', '0', 249, 0, '', 1, 0, '', NULL, 0),
(1603, '寿宁县', '0', 249, 0, '', 1, 0, '', NULL, 0),
(1604, '周宁县', '0', 249, 0, '', 1, 0, '', NULL, 0),
(1607, '福鼎市', '0', 249, 0, '', 1, 0, '', NULL, 0),
(1608, '东湖区', '0', 250, 0, '', 1, 0, '', NULL, 0),
(1610, '青云谱区', '0', 250, 0, '', 1, 0, '', NULL, 0),
(1611, '湾里区', '0', 250, 0, '', 1, 0, '', NULL, 0),
(1614, '新建县', '0', 250, 0, '', 1, 0, '', NULL, 0),
(1615, '安义县', '0', 250, 0, '', 1, 0, '', NULL, 0),
(1618, '珠山区', '0', 251, 0, '', 1, 0, '', NULL, 0),
(1619, '浮梁县', '0', 251, 0, '', 1, 0, '', NULL, 0),
(1621, '安源区', '0', 252, 0, '', 1, 0, '', NULL, 0),
(1622, '湘东区', '0', 252, 0, '', 1, 0, '', NULL, 0),
(1625, '芦溪县', '0', 252, 0, '', 1, 0, '', NULL, 0),
(1626, '庐山区', '0', 253, 0, '', 1, 0, '', NULL, 0),
(1629, '武宁县', '0', 253, 0, '', 1, 0, '', NULL, 0),
(1630, '修水县', '0', 253, 0, '', 1, 0, '', NULL, 0),
(1632, '德安县', '0', 253, 0, '', 1, 0, '', NULL, 0),
(1633, '星子县', '0', 253, 0, '', 1, 0, '', NULL, 0),
(1636, '彭泽县', '0', 253, 0, '', 1, 0, '', NULL, 0),
(1637, '瑞昌市', '0', 253, 0, '', 1, 0, '', NULL, 0),
(1640, '月湖区', '0', 255, 0, '', 1, 0, '', NULL, 0),
(1643, '章贡区', '0', 256, 0, '', 1, 0, '', NULL, 0),
(1644, '赣县', '0', 256, 0, '', 1, 0, '', NULL, 0),
(1647, '上犹县', '0', 256, 0, '', 1, 0, '', NULL, 0),
(1648, '崇义县', '0', 256, 0, '', 1, 0, '', NULL, 0),
(1650, '龙南县', '0', 256, 0, '', 1, 0, '', NULL, 0),
(1651, '定南县', '0', 256, 0, '', 1, 0, '', NULL, 0),
(1654, '于都县', '0', 256, 0, '', 1, 0, '', NULL, 0),
(1655, '兴国县', '0', 256, 0, '', 1, 0, '', NULL, 0),
(1658, '石城县', '0', 256, 0, '', 1, 0, '', NULL, 0),
(1659, '瑞金市', '0', 256, 0, '', 1, 0, '', NULL, 0),
(1672, '永新县', '0', 257, 0, '', 1, 0, '', NULL, 0),
(1673, '井冈山市', '0', 257, 0, '', 1, 0, '', NULL, 0),
(1676, '万载县', '0', 258, 0, '', 1, 0, '', NULL, 0),
(1677, '上高县', '0', 258, 0, '', 1, 0, '', NULL, 0),
(1680, '铜鼓县', '0', 258, 0, '', 1, 0, '', NULL, 0),
(1683, '高安市', '0', 258, 0, '', 1, 0, '', NULL, 0),
(1684, '临川区', '0', 259, 0, '', 1, 0, '', NULL, 0),
(1686, '黎川县', '0', 259, 0, '', 1, 0, '', NULL, 0),
(1687, '南丰县', '0', 259, 0, '', 1, 0, '', NULL, 0),
(1688, '崇仁县', '0', 259, 0, '', 1, 0, '', NULL, 0),
(1690, '宜黄县', '0', 259, 0, '', 1, 0, '', NULL, 0),
(1695, '信州区', '0', 260, 0, '', 1, 0, '', NULL, 0),
(1699, '铅山县', '0', 260, 0, '', 1, 0, '', NULL, 0),
(1703, '鄱阳县', '0', 260, 0, '', 1, 0, '', NULL, 0),
(1707, '历下区', '0', 261, 0, '', 1, 0, '', NULL, 0),
(1714, '济阳县', '0', 261, 0, '', 1, 0, '', NULL, 0),
(1718, '市北区', '0', 262, 0, '', 1, 0, '', NULL, 0),
(1721, '崂山区', '0', 262, 0, '', 1, 0, '', NULL, 0),
(1732, '临淄区', '0', 263, 0, '', 1, 0, '', NULL, 0),
(1735, '高青县', '0', 263, 0, '', 1, 0, '', NULL, 0),
(1736, '沂源县', '0', 263, 0, '', 1, 0, '', NULL, 0),
(1743, '东营区', '0', 265, 0, '', 1, 0, '', NULL, 0),
(1747, '广饶县', '0', 265, 0, '', 1, 0, '', NULL, 0),
(1750, '牟平区', '0', 266, 0, '', 1, 0, '', NULL, 0),
(1754, '莱阳市', '0', 266, 0, '', 1, 0, '', NULL, 0),
(1758, '栖霞市', '0', 266, 0, '', 1, 0, '', NULL, 0),
(1761, '寒亭区', '0', 267, 0, '', 1, 0, '', NULL, 0),
(1765, '昌乐县', '0', 267, 0, '', 1, 0, '', NULL, 0),
(1769, '安丘市', '0', 267, 0, '', 1, 0, '', NULL, 0),
(1772, '市中区', '0', 268, 0, '', 1, 0, '', NULL, 0),
(1776, '金乡县', '0', 268, 0, '', 1, 0, '', NULL, 0),
(1783, '邹城市', '0', 268, 0, '', 1, 0, '', NULL, 0),
(1787, '东平县', '0', 269, 0, '', 1, 0, '', NULL, 0),
(1790, '环翠区', '0', 270, 0, '', 1, 0, '', NULL, 0),
(1794, '东港区', '0', 271, 0, '', 1, 0, '', NULL, 0),
(1798, '莱城区', '0', 272, 0, '', 1, 0, '', NULL, 0),
(1802, '河东区', '0', 273, 0, '', 1, 0, '', NULL, 0),
(1806, '苍山县', '0', 273, 0, '', 1, 0, '', NULL, 0),
(1813, '陵县', '0', 274, 0, '', 1, 0, '', NULL, 0),
(1817, '齐河县', '0', 274, 0, '', 1, 0, '', NULL, 0),
(1820, '武城县', '0', 274, 0, '', 1, 0, '', NULL, 0),
(1828, '冠县', '0', 275, 0, '', 1, 0, '', NULL, 0),
(1831, '滨城区', '0', 276, 0, '', 1, 0, '', NULL, 0),
(1842, '巨野县', '0', 277, 0, '', 1, 0, '', NULL, 0),
(1846, '东明县', '0', 277, 0, '', 1, 0, '', NULL, 0),
(1853, '中牟县', '0', 278, 0, '', 1, 0, '', NULL, 0),
(1857, '新郑市', '0', 278, 0, '', 1, 0, '', NULL, 0),
(1860, '顺河回族区', '0', 279, 0, '', 1, 0, '', NULL, 0),
(1863, '金明区', '0', 279, 0, '', 1, 0, '', NULL, 0),
(1864, '杞县', '0', 279, 0, '', 1, 0, '', NULL, 0),
(1867, '开封县', '0', 279, 0, '', 1, 0, '', NULL, 0),
(1868, '兰考县', '0', 279, 0, '', 1, 0, '', NULL, 0),
(1870, '西工区', '0', 280, 0, '', 1, 0, '', NULL, 0),
(1871, '廛河回族区', '0', 280, 0, '', 1, 0, '', NULL, 0),
(1874, '洛龙区', '0', 280, 0, '', 1, 0, '', NULL, 0),
(1875, '孟津县', '0', 280, 0, '', 1, 0, '', NULL, 0),
(1878, '嵩县', '0', 280, 0, '', 1, 0, '', NULL, 0),
(1879, '汝阳县', '0', 280, 0, '', 1, 0, '', NULL, 0),
(1882, '伊川县', '0', 280, 0, '', 1, 0, '', NULL, 0),
(1886, '石龙区', '0', 281, 0, '', 1, 0, '', NULL, 0),
(1893, '汝州市', '0', 281, 0, '', 1, 0, '', NULL, 0),
(1897, '龙安区', '0', 282, 0, '', 1, 0, '', NULL, 0),
(1901, '内黄县', '0', 282, 0, '', 1, 0, '', NULL, 0),
(1905, '淇滨区', '0', 283, 0, '', 1, 0, '', NULL, 0),
(1909, '卫滨区', '0', 284, 0, '', 1, 0, '', NULL, 0),
(1912, '新乡县', '0', 284, 0, '', 1, 0, '', NULL, 0),
(1916, '封丘县', '0', 284, 0, '', 1, 0, '', NULL, 0),
(1923, '山阳区', '0', 285, 0, '', 1, 0, '', NULL, 0),
(1927, '温县', '0', 285, 0, '', 1, 0, '', NULL, 0),
(1930, '孟州市', '0', 285, 0, '', 1, 0, '', NULL, 0),
(1934, '范县', '0', 286, 0, '', 1, 0, '', NULL, 0),
(1938, '许昌县', '0', 287, 0, '', 1, 0, '', NULL, 0),
(1949, '渑池县', '0', 289, 0, '', 1, 0, '', NULL, 0),
(1952, '义马市', '0', 289, 0, '', 1, 0, '', NULL, 0),
(1955, '卧龙区', '0', 290, 0, '', 1, 0, '', NULL, 0),
(1956, '南召县', '0', 290, 0, '', 1, 0, '', NULL, 0),
(1963, '唐河县', '0', 290, 0, '', 1, 0, '', NULL, 0),
(1967, '梁园区', '0', 291, 0, '', 1, 0, '', NULL, 0),
(1970, '睢县', '0', 291, 0, '', 1, 0, '', NULL, 0),
(1974, '夏邑县', '0', 291, 0, '', 1, 0, '', NULL, 0),
(1978, '罗山县', '0', 292, 0, '', 1, 0, '', NULL, 0),
(1981, '商城县', '0', 292, 0, '', 1, 0, '', NULL, 0),
(1985, '息县', '0', 292, 0, '', 1, 0, '', NULL, 0),
(1989, '商水县', '0', 293, 0, '', 1, 0, '', NULL, 0),
(1992, '淮阳县', '0', 293, 0, '', 1, 0, '', NULL, 0),
(1996, '驿城区', '0', 294, 0, '', 1, 0, '', NULL, 0),
(2003, '汝南县', '0', 294, 0, '', 1, 0, '', NULL, 0),
(2007, '江汉区', '0', 295, 0, '', 1, 0, '', NULL, 0),
(2010, '武昌区', '0', 295, 0, '', 1, 0, '', NULL, 0),
(2014, '汉南区', '0', 295, 0, '', 1, 0, '', NULL, 0),
(2018, '新洲区', '0', 295, 0, '', 1, 0, '', NULL, 0),
(2021, '下陆区', '0', 296, 0, '', 1, 0, '', NULL, 0),
(2025, '茅箭区', '0', 297, 0, '', 1, 0, '', NULL, 0),
(2029, '竹山县', '0', 297, 0, '', 1, 0, '', NULL, 0),
(2032, '丹江口市', '0', 297, 0, '', 1, 0, '', NULL, 0),
(2036, '猇亭区', '0', 298, 0, '', 1, 0, '', NULL, 0),
(2043, '宜都市', '0', 298, 0, '', 1, 0, '', NULL, 0),
(2047, '樊城区', '0', 299, 0, '', 1, 0, '', NULL, 0),
(2050, '谷城县', '0', 299, 0, '', 1, 0, '', NULL, 0),
(2054, '宜城市', '0', 299, 0, '', 1, 0, '', NULL, 0),
(2058, '东宝区', '0', 301, 0, '', 1, 0, '', NULL, 0),
(2061, '沙洋县', '0', 301, 0, '', 1, 0, '', NULL, 0),
(2065, '大悟县', '0', 302, 0, '', 1, 0, '', NULL, 0),
(2069, '汉川市', '0', 302, 0, '', 1, 0, '', NULL, 0),
(2072, '公安县', '0', 303, 0, '', 1, 0, '', NULL, 0),
(2076, '洪湖市', '0', 303, 0, '', 1, 0, '', NULL, 0),
(2083, '浠水县', '0', 304, 0, '', 1, 0, '', NULL, 0),
(2087, '武穴市', '0', 304, 0, '', 1, 0, '', NULL, 0),
(2090, '通城县', '0', 305, 0, '', 1, 0, '', NULL, 0),
(2139, '双清区', '0', 316, 0, '', 1, 0, '', NULL, 0),
(2142, '邵东县', '0', 316, 0, '', 1, 0, '', NULL, 0),
(2146, '洞口县', '0', 316, 0, '', 1, 0, '', NULL, 0),
(2153, '君山区', '0', 317, 0, '', 1, 0, '', NULL, 0),
(2157, '平江县', '0', 317, 0, '', 1, 0, '', NULL, 0),
(2160, '武陵区', '0', 318, 0, '', 1, 0, '', NULL, 0),
(2164, '澧县', '0', 318, 0, '', 1, 0, '', NULL, 0),
(2168, '津市市', '0', 318, 0, '', 1, 0, '', NULL, 0),
(2171, '慈利县', '0', 319, 0, '', 1, 0, '', NULL, 0),
(2175, '南县', '0', 320, 0, '', 1, 0, '', NULL, 0),
(2179, '北湖区', '0', 321, 0, '', 1, 0, '', NULL, 0),
(2182, '宜章县', '0', 321, 0, '', 1, 0, '', NULL, 0),
(2186, '汝城县', '0', 321, 0, '', 1, 0, '', NULL, 0),
(2193, '东安县', '0', 322, 0, '', 1, 0, '', NULL, 0),
(2197, '宁远县', '0', 322, 0, '', 1, 0, '', NULL, 0),
(2201, '鹤城区', '0', 323, 0, '', 1, 0, '', NULL, 0),
(2205, '溆浦县', '0', 323, 0, '', 1, 0, '', NULL, 0),
(2209, '芷江侗族自治县', '0', 323, 0, '', 1, 0, '', NULL, 0),
(2212, '洪江市', '0', 323, 0, '', 1, 0, '', NULL, 0),
(2216, '冷水江市', '0', 324, 0, '', 1, 0, '', NULL, 0),
(2223, '古丈县', '0', 325, 0, '', 1, 0, '', NULL, 0),
(2227, '越秀区', '0', 326, 0, '', 1, 0, '', NULL, 0),
(2230, '白云区', '0', 326, 0, '', 1, 0, '', NULL, 0),
(2234, '南沙区', '0', 326, 0, '', 1, 0, '', NULL, 0),
(2238, '武江区', '0', 327, 0, '', 1, 0, '', NULL, 0),
(2241, '始兴县', '0', 327, 0, '', 1, 0, '', NULL, 0),
(2245, '新丰县', '0', 327, 0, '', 1, 0, '', NULL, 0),
(2249, '福田区', '0', 328, 0, '', 1, 0, '', NULL, 0),
(2252, '龙岗区', '0', 328, 0, '', 1, 0, '', NULL, 0),
(2256, '金湾区', '0', 329, 0, '', 1, 0, '', NULL, 0),
(2263, '南澳县', '0', 330, 0, '', 1, 0, '', NULL, 0),
(2267, '三水区', '0', 331, 0, '', 1, 0, '', NULL, 0),
(2270, '江海区', '0', 332, 0, '', 1, 0, '', NULL, 0),
(2274, '鹤山市', '0', 332, 0, '', 1, 0, '', NULL, 0),
(2278, '坡头区', '0', 333, 0, '', 1, 0, '', NULL, 0),
(2280, '遂溪县', '0', 333, 0, '', 1, 0, '', NULL, 0),
(2281, '徐闻县', '0', 333, 0, '', 1, 0, '', NULL, 0),
(2284, '吴川市', '0', 333, 0, '', 1, 0, '', NULL, 0),
(2285, '茂南区', '0', 334, 0, '', 1, 0, '', NULL, 0),
(2288, '高州市', '0', 334, 0, '', 1, 0, '', NULL, 0),
(2289, '化州市', '0', 334, 0, '', 1, 0, '', NULL, 0),
(2291, '端州区', '0', 335, 0, '', 1, 0, '', NULL, 0),
(2292, '鼎湖区', '0', 335, 0, '', 1, 0, '', NULL, 0),
(2296, '德庆县', '0', 335, 0, '', 1, 0, '', NULL, 0),
(2300, '惠阳区', '0', 336, 0, '', 1, 0, '', NULL, 0),
(2304, '梅江区', '0', 337, 0, '', 1, 0, '', NULL, 0),
(2308, '五华县', '0', 337, 0, '', 1, 0, '', NULL, 0),
(2311, '兴宁市', '0', 337, 0, '', 1, 0, '', NULL, 0),
(2315, '陆丰市', '0', 338, 0, '', 1, 0, '', NULL, 0),
(2319, '连平县', '0', 339, 0, '', 1, 0, '', NULL, 0),
(2337, '榕城区', '0', 345, 0, '', 1, 0, '', NULL, 0),
(2340, '惠来县', '0', 345, 0, '', 1, 0, '', NULL, 0),
(2344, '郁南县', '0', 346, 0, '', 1, 0, '', NULL, 0),
(2348, '青秀区', '0', 347, 0, '', 1, 0, '', NULL, 0),
(2351, '良庆区', '0', 347, 0, '', 1, 0, '', NULL, 0),
(2355, '马山县', '0', 347, 0, '', 1, 0, '', NULL, 0),
(2359, '城中区', '0', 348, 0, '', 1, 0, '', NULL, 0),
(2362, '柳北区', '0', 348, 0, '', 1, 0, '', NULL, 0),
(2366, '融安县', '0', 348, 0, '', 1, 0, '', NULL, 0),
(2373, '雁山区', '0', 349, 0, '', 1, 0, '', NULL, 0),
(2377, '全州县', '0', 349, 0, '', 1, 0, '', NULL, 0),
(2380, '灌阳县', '0', 349, 0, '', 1, 0, '', NULL, 0),
(2384, '荔蒲县', '0', 349, 0, '', 1, 0, '', NULL, 0),
(2388, '长洲区', '0', 350, 0, '', 1, 0, '', NULL, 0),
(2391, '蒙山县', '0', 350, 0, '', 1, 0, '', NULL, 0),
(2395, '铁山港区', '0', 351, 0, '', 1, 0, '', NULL, 0),
(2399, '上思县', '0', 352, 0, '', 1, 0, '', NULL, 0),
(2403, '灵山县', '0', 353, 0, '', 1, 0, '', NULL, 0),
(2407, '覃塘区', '0', 354, 0, '', 1, 0, '', NULL, 0),
(2410, '玉州区', '0', 355, 0, '', 1, 0, '', NULL, 0),
(2414, '兴业县', '0', 355, 0, '', 1, 0, '', NULL, 0),
(2418, '田东县', '0', 356, 0, '', 1, 0, '', NULL, 0),
(2421, '靖西县', '0', 356, 0, '', 1, 0, '', NULL, 0),
(2425, '田林县', '0', 356, 0, '', 1, 0, '', NULL, 0),
(2428, '八步区', '0', 357, 0, '', 1, 0, '', NULL, 0),
(2429, '昭平县', '0', 357, 0, '', 1, 0, '', NULL, 0),
(2431, '富川瑶族自治县', '0', 357, 0, '', 1, 0, '', NULL, 0),
(2432, '金城江区', '0', 358, 0, '', 1, 0, '', NULL, 0),
(2434, '天峨县', '0', 358, 0, '', 1, 0, '', NULL, 0),
(2438, '环江毛南族自治县', '0', 358, 0, '', 1, 0, '', NULL, 0),
(2441, '大化瑶族自治县', '0', 358, 0, '', 1, 0, '', NULL, 0),
(2442, '宜州市', '0', 358, 0, '', 1, 0, '', NULL, 0),
(2444, '忻城县', '0', 359, 0, '', 1, 0, '', NULL, 0),
(2447, '金秀瑶族自治县', '0', 359, 0, '', 1, 0, '', NULL, 0),
(2450, '扶绥县', '0', 360, 0, '', 1, 0, '', NULL, 0),
(2454, '天等县', '0', 360, 0, '', 1, 0, '', NULL, 0),
(2458, '琼山区', '0', 361, 0, '', 1, 0, '', NULL, 0),
(2461, '青羊区', '0', 382, 0, '', 1, 0, '', NULL, 0),
(2465, '龙泉驿区', '0', 382, 0, '', 1, 0, '', NULL, 0),
(2469, '金堂县', '0', 382, 0, '', 1, 0, '', NULL, 0),
(2472, '大邑县', '0', 382, 0, '', 1, 0, '', NULL, 0),
(2476, '彭州市', '0', 382, 0, '', 1, 0, '', NULL, 0),
(2483, '荣县', '0', 383, 0, '', 1, 0, '', NULL, 0),
(2487, '仁和区', '0', 384, 0, '', 1, 0, '', NULL, 0),
(2490, '江阳区', '0', 385, 0, '', 1, 0, '', NULL, 0),
(2494, '合江县', '0', 385, 0, '', 1, 0, '', NULL, 0),
(2498, '中江县', '0', 386, 0, '', 1, 0, '', NULL, 0),
(2502, '绵竹市', '0', 386, 0, '', 1, 0, '', NULL, 0),
(2506, '盐亭县', '0', 387, 0, '', 1, 0, '', NULL, 0),
(2513, '元坝区', '0', 388, 0, '', 1, 0, '', NULL, 0),
(2517, '剑阁县', '0', 388, 0, '', 1, 0, '', NULL, 0),
(2520, '安居区', '0', 389, 0, '', 1, 0, '', NULL, 0),
(2523, '大英县', '0', 389, 0, '', 1, 0, '', NULL, 0),
(2524, '市中区', '0', 390, 0, '', 1, 0, '', NULL, 0),
(2528, '隆昌县', '0', 390, 0, '', 1, 0, '', NULL, 0),
(2531, '五通桥区', '0', 391, 0, '', 1, 0, '', NULL, 0),
(2535, '夹江县', '0', 391, 0, '', 1, 0, '', NULL, 0),
(2539, '峨眉山市', '0', 391, 0, '', 1, 0, '', NULL, 0),
(2542, '嘉陵区', '0', 392, 0, '', 1, 0, '', NULL, 0),
(2546, '仪陇县', '0', 392, 0, '', 1, 0, '', NULL, 0),
(2551, '彭山县', '0', 393, 0, '', 1, 0, '', NULL, 0),
(2552, '洪雅县', '0', 393, 0, '', 1, 0, '', NULL, 0),
(2553, '丹棱县', '0', 393, 0, '', 1, 0, '', NULL, 0),
(2555, '翠屏区', '0', 394, 0, '', 1, 0, '', NULL, 0),
(2556, '宜宾县', '0', 394, 0, '', 1, 0, '', NULL, 0),
(2557, '南溪县', '0', 394, 0, '', 1, 0, '', NULL, 0),
(2559, '长宁县', '0', 394, 0, '', 1, 0, '', NULL, 0),
(2560, '高县', '0', 394, 0, '', 1, 0, '', NULL, 0),
(2561, '珙县', '0', 394, 0, '', 1, 0, '', NULL, 0),
(2562, '筠连县', '0', 394, 0, '', 1, 0, '', NULL, 0),
(2563, '兴文县', '0', 394, 0, '', 1, 0, '', NULL, 0),
(2568, '邻水县', '0', 395, 0, '', 1, 0, '', NULL, 0),
(2571, '达县', '0', 396, 0, '', 1, 0, '', NULL, 0),
(2575, '渠县', '0', 396, 0, '', 1, 0, '', NULL, 0),
(2579, '荥经县', '0', 397, 0, '', 1, 0, '', NULL, 0),
(2582, '天全县', '0', 397, 0, '', 1, 0, '', NULL, 0),
(2586, '通江县', '0', 398, 0, '', 1, 0, '', NULL, 0),
(2593, '汶川县', '0', 400, 0, '', 1, 0, '', NULL, 0),
(2597, '九寨沟县', '0', 400, 0, '', 1, 0, '', NULL, 0),
(2601, '马尔康县', '0', 400, 0, '', 1, 0, '', NULL, 0),
(2605, '红原县', '0', 400, 0, '', 1, 0, '', NULL, 0),
(2609, '九龙县', '0', 401, 0, '', 1, 0, '', NULL, 0),
(2612, '炉霍县', '0', 401, 0, '', 1, 0, '', NULL, 0),
(2616, '白玉县', '0', 401, 0, '', 1, 0, '', NULL, 0),
(2623, '得荣县', '0', 401, 0, '', 1, 0, '', NULL, 0),
(2627, '德昌县', '0', 402, 0, '', 1, 0, '', NULL, 0),
(2630, '宁南县', '0', 402, 0, '', 1, 0, '', NULL, 0),
(2634, '昭觉县', '0', 402, 0, '', 1, 0, '', NULL, 0),
(2638, '甘洛县', '0', 402, 0, '', 1, 0, '', NULL, 0),
(2641, '南明区', '0', 403, 0, '', 1, 0, '', NULL, 0),
(2645, '白云区', '0', 403, 0, '', 1, 0, '', NULL, 0),
(2648, '息烽县', '0', 403, 0, '', 1, 0, '', NULL, 0),
(2649, '修文县', '0', 403, 0, '', 1, 0, '', NULL, 0),
(2651, '钟山区', '0', 404, 0, '', 1, 0, '', NULL, 0),
(2652, '六枝特区', '0', 404, 0, '', 1, 0, '', NULL, 0),
(2656, '汇川区', '0', 405, 0, '', 1, 0, '', NULL, 0),
(2663, '凤冈县', '0', 405, 0, '', 1, 0, '', NULL, 0),
(2667, '赤水市', '0', 405, 0, '', 1, 0, '', NULL, 0),
(2670, '平坝县', '0', 406, 0, '', 1, 0, '', NULL, 0),
(2674, '紫云苗族布依族自治县', '0', 406, 0, '', 1, 0, '', NULL, 0),
(2678, '石阡县', '0', 407, 0, '', 1, 0, '', NULL, 0),
(2681, '德江县', '0', 407, 0, '', 1, 0, '', NULL, 0),
(2685, '兴义市', '0', 408, 0, '', 1, 0, '', NULL, 0),
(2689, '贞丰县', '0', 408, 0, '', 1, 0, '', NULL, 0),
(2692, '安龙县', '0', 408, 0, '', 1, 0, '', NULL, 0),
(2706, '岑巩县', '0', 410, 0, '', 1, 0, '', NULL, 0),
(2707, '天柱县', '0', 410, 0, '', 1, 0, '', NULL, 0),
(2710, '台江县', '0', 410, 0, '', 1, 0, '', NULL, 0),
(2711, '黎平县', '0', 410, 0, '', 1, 0, '', NULL, 0),
(2715, '麻江县', '0', 410, 0, '', 1, 0, '', NULL, 0),
(2719, '荔波县', '0', 411, 0, '', 1, 0, '', NULL, 0),
(2726, '龙里县', '0', 411, 0, '', 1, 0, '', NULL, 0),
(2733, '东川区', '0', 412, 0, '', 1, 0, '', NULL, 0),
(2737, '宜良县', '0', 412, 0, '', 1, 0, '', NULL, 0),
(2740, '禄劝彝族苗族自治县', '0', 412, 0, '', 1, 0, '', NULL, 0),
(2744, '马龙县', '0', 413, 0, '', 1, 0, '', NULL, 0),
(2748, '富源县', '0', 413, 0, '', 1, 0, '', NULL, 0),
(2751, '宣威市', '0', 413, 0, '', 1, 0, '', NULL, 0),
(2754, '澄江县', '0', 414, 0, '', 1, 0, '', NULL, 0),
(2755, '通海县', '0', 414, 0, '', 1, 0, '', NULL, 0),
(2759, '新平彝族傣族自治县', '0', 414, 0, '', 1, 0, '', NULL, 0),
(2762, '施甸县', '0', 415, 0, '', 1, 0, '', NULL, 0),
(2766, '昭阳区', '0', 416, 0, '', 1, 0, '', NULL, 0),
(2773, '镇雄县', '0', 416, 0, '', 1, 0, '', NULL, 0),
(2777, '古城区', '0', 417, 0, '', 1, 0, '', NULL, 0),
(2780, '华坪县', '0', 417, 0, '', 1, 0, '', NULL, 0),
(2784, '墨江哈尼族自治县', '0', 418, 0, '', 1, 0, '', NULL, 0),
(2788, '江城哈尼族彝族自治县', '0', 418, 0, '', 1, 0, '', NULL, 0),
(2791, '西盟佤族自治县', '0', 418, 0, '', 1, 0, '', NULL, 0),
(2795, '永德县', '0', 419, 0, '', 1, 0, '', NULL, 0),
(2799, '沧源佤族自治县', '0', 420, 0, '', 1, 0, '', NULL, 0),
(2803, '南华县', '0', 420, 0, '', 1, 0, '', NULL, 0),
(2807, '元谋县', '0', 420, 0, '', 1, 0, '', NULL, 0),
(2810, '个旧市', '0', 421, 0, '', 1, 0, '', NULL, 0),
(2814, '建水县', '0', 421, 0, '', 1, 0, '', NULL, 0),
(2818, '元阳县', '0', 421, 0, '', 1, 0, '', NULL, 0),
(2821, '绿春县', '0', 421, 0, '', 1, 0, '', NULL, 0),
(2825, '西畴县', '0', 422, 0, '', 1, 0, '', NULL, 0),
(2829, '广南县', '0', 422, 0, '', 1, 0, '', NULL, 0),
(2832, '勐海县', '0', 423, 0, '', 1, 0, '', NULL, 0),
(2836, '祥云县', '0', 424, 0, '', 1, 0, '', NULL, 0),
(2843, '洱源县', '0', 424, 0, '', 1, 0, '', NULL, 0),
(2847, '潞西市', '0', 425, 0, '', 1, 0, '', NULL, 0),
(2850, '陇川县', '0', 425, 0, '', 1, 0, '', NULL, 0),
(2854, '兰坪白族普米族自治县', '0', 426, 0, '', 1, 0, '', NULL, 0),
(2858, '城关区', '0', 428, 0, '', 1, 0, '', NULL, 0),
(2861, '尼木县', '0', 428, 0, '', 1, 0, '', NULL, 0),
(2865, '墨竹工卡县', '0', 428, 0, '', 1, 0, '', NULL, 0),
(2869, '类乌齐县', '0', 429, 0, '', 1, 0, '', NULL, 0),
(2872, '八宿县', '0', 429, 0, '', 1, 0, '', NULL, 0),
(2876, '边坝县', '0', 429, 0, '', 1, 0, '', NULL, 0),
(2883, '措美县', '0', 430, 0, '', 1, 0, '', NULL, 0),
(2887, '错那县', '0', 430, 0, '', 1, 0, '', NULL, 0),
(2890, '南木林县', '0', 431, 0, '', 1, 0, '', NULL, 0),
(2894, '拉孜县', '0', 431, 0, '', 1, 0, '', NULL, 0),
(2898, '仁布县', '0', 431, 0, '', 1, 0, '', NULL, 0),
(2902, '亚东县', '0', 431, 0, '', 1, 0, '', NULL, 0),
(2906, '岗巴县', '0', 431, 0, '', 1, 0, '', NULL, 0),
(2911, '安多县', '0', 432, 0, '', 1, 0, '', NULL, 0),
(2912, '申扎县', '0', 432, 0, '', 1, 0, '', NULL, 0),
(2913, '索县', '0', 432, 0, '', 1, 0, '', NULL, 0),
(2916, '尼玛县', '0', 432, 0, '', 1, 0, '', NULL, 0),
(2917, '普兰县', '0', 433, 0, '', 1, 0, '', NULL, 0),
(2920, '日土县', '0', 433, 0, '', 1, 0, '', NULL, 0),
(2924, '林芝县', '0', 434, 0, '', 1, 0, '', NULL, 0),
(2928, '波密县', '0', 434, 0, '', 1, 0, '', NULL, 0),
(2931, '新城区', '0', 435, 0, '', 1, 0, '', NULL, 0),
(2935, '未央区', '0', 435, 0, '', 1, 0, '', NULL, 0),
(2939, '长安区', '0', 435, 0, '', 1, 0, '', NULL, 0),
(2942, '户县', '0', 435, 0, '', 1, 0, '', NULL, 0),
(2946, '耀州区', '0', 436, 0, '', 1, 0, '', NULL, 0),
(2953, '扶风县', '0', 437, 0, '', 1, 0, '', NULL, 0),
(2957, '麟游县', '0', 437, 0, '', 1, 0, '', NULL, 0),
(2960, '秦都区', '0', 438, 0, '', 1, 0, '', NULL, 0),
(2964, '泾阳县', '0', 438, 0, '', 1, 0, '', NULL, 0),
(2968, '彬县', '0', 438, 0, '', 1, 0, '', NULL, 0),
(2971, '淳化县', '0', 438, 0, '', 1, 0, '', NULL, 0),
(2975, '华县', '0', 439, 0, '', 1, 0, '', NULL, 0),
(2979, '澄城县', '0', 439, 0, '', 1, 0, '', NULL, 0),
(2982, '富平县', '0', 439, 0, '', 1, 0, '', NULL, 0),
(2986, '延长县', '0', 440, 0, '', 1, 0, '', NULL, 0),
(2993, '富县', '0', 440, 0, '', 1, 0, '', NULL, 0),
(2997, '黄陵县', '0', 440, 0, '', 1, 0, '', NULL, 0),
(3000, '城固县', '0', 441, 0, '', 1, 0, '', NULL, 0),
(3004, '宁强县', '0', 441, 0, '', 1, 0, '', NULL, 0),
(3008, '佛坪县', '0', 441, 0, '', 1, 0, '', NULL, 0),
(3011, '府谷县', '0', 442, 0, '', 1, 0, '', NULL, 0),
(3015, '绥德县', '0', 442, 0, '', 1, 0, '', NULL, 0),
(3019, '清涧县', '0', 442, 0, '', 1, 0, '', NULL, 0),
(3022, '汉阴县', '0', 443, 0, '', 1, 0, '', NULL, 0),
(3026, '岚皋县', '0', 443, 0, '', 1, 0, '', NULL, 0),
(3033, '丹凤县', '0', 444, 0, '', 1, 0, '', NULL, 0),
(3037, '柞水县', '0', 444, 0, '', 1, 0, '', NULL, 0),
(3040, '西固区', '0', 445, 0, '', 1, 0, '', NULL, 0),
(3044, '皋兰县', '0', 445, 0, '', 1, 0, '', NULL, 0),
(3048, '白银区', '0', 448, 0, '', 1, 0, '', NULL, 0),
(3051, '会宁县', '0', 448, 0, '', 1, 0, '', NULL, 0),
(3055, '清水县', '0', 449, 0, '', 1, 0, '', NULL, 0),
(3059, '张家川回族自治县', '0', 449, 0, '', 1, 0, '', NULL, 0),
(3062, '古浪县', '0', 450, 0, '', 1, 0, '', NULL, 0),
(3066, '民乐县', '0', 451, 0, '', 1, 0, '', NULL, 0),
(3073, '崇信县', '0', 452, 0, '', 1, 0, '', NULL, 0),
(3077, '肃州区', '0', 453, 0, '', 1, 0, '', NULL, 0),
(3080, '肃北蒙古族自治县', '0', 453, 0, '', 1, 0, '', NULL, 0),
(3084, '西峰区', '0', 454, 0, '', 1, 0, '', NULL, 0),
(3088, '合水县', '0', 454, 0, '', 1, 0, '', NULL, 0),
(3091, '镇原县', '0', 454, 0, '', 1, 0, '', NULL, 0),
(3094, '陇西县', '0', 455, 0, '', 1, 0, '', NULL, 0),
(3095, '渭源县', '0', 455, 0, '', 1, 0, '', NULL, 0),
(3099, '武都区', '0', 456, 0, '', 1, 0, '', NULL, 0),
(3103, '康县', '0', 456, 0, '', 1, 0, '', NULL, 0),
(3107, '两当县', '0', 456, 0, '', 1, 0, '', NULL, 0),
(3110, '康乐县', '0', 457, 0, '', 1, 0, '', NULL, 0),
(3114, '东乡族自治县', '0', 457, 0, '', 1, 0, '', NULL, 0),
(3118, '卓尼县', '0', 458, 0, '', 1, 0, '', NULL, 0),
(3121, '玛曲县', '0', 458, 0, '', 1, 0, '', NULL, 0),
(3125, '城中区', '0', 459, 0, '', 1, 0, '', NULL, 0),
(3129, '湟中县', '0', 459, 0, '', 1, 0, '', NULL, 0),
(3132, '民和回族土族自治县', '0', 460, 0, '', 1, 0, '', NULL, 0),
(3135, '化隆回族自治县', '0', 460, 0, '', 1, 0, '', NULL, 0),
(3136, '循化撒拉族自治县', '0', 460, 0, '', 1, 0, '', NULL, 0),
(3139, '海晏县', '0', 461, 0, '', 1, 0, '', NULL, 0),
(3143, '泽库县', '0', 462, 0, '', 1, 0, '', NULL, 0),
(3147, '贵德县', '0', 463, 0, '', 1, 0, '', NULL, 0),
(3150, '玛沁县', '0', 464, 0, '', 1, 0, '', NULL, 0),
(3154, '久治县', '0', 464, 0, '', 1, 0, '', NULL, 0),
(3158, '称多县', '0', 465, 0, '', 1, 0, '', NULL, 0),
(3161, '曲麻莱县', '0', 465, 0, '', 1, 0, '', NULL, 0),
(3165, '都兰县', '0', 466, 0, '', 1, 0, '', NULL, 0),
(3169, '金凤区', '0', 467, 0, '', 1, 0, '', NULL, 0),
(3172, '灵武市', '0', 467, 0, '', 1, 0, '', NULL, 0),
(3176, '利通区', '0', 469, 0, '', 1, 0, '', NULL, 0),
(3181, '西吉县', '0', 470, 0, '', 1, 0, '', NULL, 0),
(3183, '泾源县', '0', 470, 0, '', 1, 0, '', NULL, 0),
(3187, '海原县', '0', 471, 0, '', 1, 0, '', NULL, 0),
(3190, '新市区', '0', 472, 0, '', 1, 0, '', NULL, 0),
(3194, '东山区', '0', 472, 0, '', 1, 0, '', NULL, 0),
(3198, '白碱滩区', '0', 473, 0, '', 1, 0, '', NULL, 0),
(3202, '托克逊县', '0', 474, 0, '', 1, 0, '', NULL, 0),
(3206, '昌吉市', '0', 476, 0, '', 1, 0, '', NULL, 0),
(3213, '木垒哈萨克自治县', '0', 476, 0, '', 1, 0, '', NULL, 0),
(3217, '库尔勒市', '0', 478, 0, '', 1, 0, '', NULL, 0),
(3220, '若羌县', '0', 478, 0, '', 1, 0, '', NULL, 0),
(3223, '和静县', '0', 478, 0, '', 1, 0, '', NULL, 0),
(3224, '和硕县', '0', 478, 0, '', 1, 0, '', NULL, 0),
(3227, '温宿县', '0', 479, 0, '', 1, 0, '', NULL, 0),
(3230, '新和县', '0', 479, 0, '', 1, 0, '', NULL, 0),
(3231, '拜城县', '0', 479, 0, '', 1, 0, '', NULL, 0),
(3234, '柯坪县', '0', 479, 0, '', 1, 0, '', NULL, 0),
(3235, '阿图什市', '0', 480, 0, '', 1, 0, '', NULL, 0),
(3238, '乌恰县', '0', 480, 0, '', 1, 0, '', NULL, 0),
(3239, '喀什市', '0', 481, 0, '', 1, 0, '', NULL, 0),
(3241, '疏勒县', '0', 481, 0, '', 1, 0, '', NULL, 0),
(3245, '叶城县', '0', 481, 0, '', 1, 0, '', NULL, 0),
(3246, '麦盖提县', '0', 481, 0, '', 1, 0, '', NULL, 0),
(3249, '巴楚县', '0', 481, 0, '', 1, 0, '', NULL, 0),
(3252, '和田县', '0', 482, 0, '', 1, 0, '', NULL, 0),
(3253, '墨玉县', '0', 482, 0, '', 1, 0, '', NULL, 0),
(3256, '策勒县', '0', 482, 0, '', 1, 0, '', NULL, 0),
(3257, '于田县', '0', 482, 0, '', 1, 0, '', NULL, 0),
(3260, '奎屯市', '0', 483, 0, '', 1, 0, '', NULL, 0),
(3264, '巩留县', '0', 483, 0, '', 1, 0, '', NULL, 0),
(3268, '尼勒克县', '0', 483, 0, '', 1, 0, '', NULL, 0),
(3271, '额敏县', '0', 484, 0, '', 1, 0, '', NULL, 0),
(3275, '和布克赛尔蒙古自治县', '0', 484, 0, '', 1, 0, '', NULL, 0),
(3279, '福海县', '0', 485, 0, '', 1, 0, '', NULL, 0),
(3282, '吉木乃县', '0', 485, 0, '', 1, 0, '', NULL, 0),
(2, '北京市', '0', 0, 0, '', 1, 0, '', NULL, 0),
(6, '河北省', '0', 0, 0, '', 1, 0, '', NULL, 0),
(13, '浙江省', '0', 0, 0, '', 1, 0, '', NULL, 0),
(17, '山东省', '0', 0, 0, '', 1, 0, '', NULL, 0),
(20, '湖南省', '0', 0, 0, '', 1, 0, '', NULL, 0),
(24, '四川省', '0', 0, 0, '', 1, 0, '', NULL, 0),
(28, '陕西省', '0', 0, 0, '', 1, 0, '', NULL, 0),
(31, '宁夏', '0', 0, 0, '', 1, 0, '', NULL, 0),
(35, '澳门', '0', 0, 0, '', 1, 0, '', NULL, 0),
(39, '宣武区', '0', 2, 0, '', 1, 0, '', NULL, 0),
(42, '海淀区', '0', 2, 0, '', 1, 0, '', NULL, 0),
(46, '顺义区', '0', 2, 0, '', 1, 0, '', NULL, 0),
(53, '黄浦区', '0', 3, 0, '', 1, 0, '', NULL, 0),
(57, '静安区', '0', 3, 0, '', 1, 0, '', NULL, 0),
(60, '虹口区', '0', 3, 0, '', 1, 0, '', NULL, 0),
(64, '嘉定区', '0', 3, 0, '', 1, 0, '', NULL, 0),
(68, '青浦区', '0', 3, 0, '', 1, 0, '', NULL, 0),
(71, '崇明县', '0', 3, 0, '', 1, 0, '', NULL, 0),
(75, '南开区', '0', 4, 0, '', 1, 0, '', NULL, 0),
(79, '汉沽区', '0', 4, 0, '', 1, 0, '', NULL, 0),
(82, '西青区', '0', 4, 0, '', 1, 0, '', NULL, 0),
(86, '宝坻区', '0', 4, 0, '', 1, 0, '', NULL, 0),
(93, '大渡口区', '0', 5, 0, '', 1, 0, '', NULL, 0),
(97, '南岸区', '0', 5, 0, '', 1, 0, '', NULL, 0),
(101, '渝北区', '0', 5, 0, '', 1, 0, '', NULL, 0),
(105, '綦江县', '0', 5, 0, '', 1, 0, '', NULL, 0),
(109, '荣昌县', '0', 5, 0, '', 1, 0, '', NULL, 0),
(112, '城口县', '0', 5, 0, '', 1, 0, '', NULL, 0),
(116, '忠县', '0', 5, 0, '', 1, 0, '', NULL, 0),
(123, '秀山县', '0', 5, 0, '', 1, 0, '', NULL, 0),
(127, '合川区', '0', 5, 0, '', 1, 0, '', NULL, 0),
(130, '石家庄市', '0', 6, 0, '', 1, 0, '', NULL, 0),
(134, '邢台市', '0', 6, 0, '', 1, 0, '', NULL, 0),
(138, '沧州市', '0', 6, 0, '', 1, 0, '', NULL, 0),
(141, '太原市', '0', 7, 0, '', 1, 0, '', NULL, 0),
(145, '晋城市', '0', 7, 0, '', 1, 0, '', NULL, 0),
(149, '忻州市', '0', 7, 0, '', 1, 0, '', NULL, 0),
(152, '呼和浩特市', '0', 8, 0, '', 1, 0, '', NULL, 0),
(156, '通辽市', '0', 8, 0, '', 1, 0, '', NULL, 0),
(163, '阿拉善盟', '0', 8, 0, '', 1, 0, '', NULL, 0),
(167, '抚顺市', '0', 9, 0, '', 1, 0, '', NULL, 0),
(173, '辽阳市', '0', 9, 0, '', 1, 0, '', NULL, 0),
(174, '盘锦市', '0', 9, 0, '', 1, 0, '', NULL, 0),
(178, '长春市', '0', 10, 0, '', 1, 0, '', NULL, 0),
(181, '辽源市', '0', 10, 0, '', 1, 0, '', NULL, 0),
(185, '白城市', '0', 10, 0, '', 1, 0, '', NULL, 0),
(189, '鸡西市', '0', 11, 0, '', 1, 0, '', NULL, 0),
(192, '大庆市', '0', 11, 0, '', 1, 0, '', NULL, 0),
(196, '牡丹江市', '0', 11, 0, '', 1, 0, '', NULL, 0),
(200, '南京市', '0', 12, 0, '', 1, 0, '', NULL, 0),
(204, '苏州市', '0', 12, 0, '', 1, 0, '', NULL, 0),
(208, '盐城市', '0', 12, 0, '', 1, 0, '', NULL, 0),
(211, '泰州市', '0', 12, 0, '', 1, 0, '', NULL, 0),
(215, '温州市', '0', 13, 0, '', 1, 0, '', NULL, 0),
(219, '金华市', '0', 13, 0, '', 1, 0, '', NULL, 0),
(222, '台州市', '0', 13, 0, '', 1, 0, '', NULL, 0),
(226, '蚌埠市', '0', 14, 0, '', 1, 0, '', NULL, 0),
(233, '滁州市', '0', 14, 0, '', 1, 0, '', NULL, 0),
(237, '六安市', '0', 14, 0, '', 1, 0, '', NULL, 0),
(240, '宣城市', '0', 14, 0, '', 1, 0, '', NULL, 0),
(244, '三明市', '0', 15, 0, '', 1, 0, '', NULL, 0),
(248, '龙岩市', '0', 15, 0, '', 1, 0, '', NULL, 0),
(250, '南昌市', '0', 16, 0, '', 1, 0, '', NULL, 0),
(251, '景德镇市', '0', 16, 0, '', 1, 0, '', NULL, 0),
(253, '九江市', '0', 16, 0, '', 1, 0, '', NULL, 0),
(254, '新余市', '0', 16, 0, '', 1, 0, '', NULL, 0),
(255, '鹰潭市', '0', 16, 0, '', 1, 0, '', NULL, 0),
(256, '赣州市', '0', 16, 0, '', 1, 0, '', NULL, 0),
(257, '吉安市', '0', 16, 0, '', 1, 0, '', NULL, 0),
(261, '济南市', '0', 17, 0, '', 1, 0, '', NULL, 0),
(262, '青岛市', '0', 17, 0, '', 1, 0, '', NULL, 0),
(264, '枣庄市', '0', 17, 0, '', 1, 0, '', NULL, 0),
(266, '烟台市', '0', 17, 0, '', 1, 0, '', NULL, 0),
(268, '济宁市', '0', 17, 0, '', 1, 0, '', NULL, 0),
(269, '泰安市', '0', 17, 0, '', 1, 0, '', NULL, 0),
(272, '莱芜市', '0', 17, 0, '', 1, 0, '', NULL, 0),
(273, '临沂市', '0', 17, 0, '', 1, 0, '', NULL, 0),
(277, '荷泽市', '0', 17, 0, '', 1, 0, '', NULL, 0),
(280, '洛阳市', '0', 18, 0, '', 1, 0, '', NULL, 0),
(284, '新乡市', '0', 18, 0, '', 1, 0, '', NULL, 0),
(288, '漯河市', '0', 18, 0, '', 1, 0, '', NULL, 0),
(291, '商丘市', '0', 18, 0, '', 1, 0, '', NULL, 0),
(294, '驻马店市', '0', 18, 0, '', 1, 0, '', NULL, 0),
(295, '武汉市', '0', 19, 0, '', 1, 0, '', NULL, 0),
(296, '黄石市', '0', 19, 0, '', 1, 0, '', NULL, 0),
(297, '十堰市', '0', 19, 0, '', 1, 0, '', NULL, 0),
(298, '宜昌市', '0', 19, 0, '', 1, 0, '', NULL, 0),
(299, '襄樊市', '0', 19, 0, '', 1, 0, '', NULL, 0),
(302, '孝感市', '0', 19, 0, '', 1, 0, '', NULL, 0),
(303, '荆州市', '0', 19, 0, '', 1, 0, '', NULL, 0),
(307, '恩施土家族苗族自治州', '0', 19, 0, '', 1, 0, '', NULL, 0),
(310, '天门市', '0', 19, 0, '', 1, 0, '', NULL, 0),
(314, '湘潭市', '0', 20, 0, '', 1, 0, '', NULL, 0),
(318, '常德市', '0', 20, 0, '', 1, 0, '', NULL, 0),
(321, '郴州市', '0', 20, 0, '', 1, 0, '', NULL, 0),
(325, '湘西土家族苗族自治州', '0', 20, 0, '', 1, 0, '', NULL, 0),
(329, '珠海市', '0', 21, 0, '', 1, 0, '', NULL, 0),
(332, '江门市', '0', 21, 0, '', 1, 0, '', NULL, 0),
(335, '肇庆市', '0', 21, 0, '', 1, 0, '', NULL, 0),
(336, '惠州市', '0', 21, 0, '', 1, 0, '', NULL, 0),
(343, '中山市', '0', 21, 0, '', 1, 0, '', NULL, 0),
(347, '南宁市', '0', 22, 0, '', 1, 0, '', NULL, 0),
(350, '梧州市', '0', 22, 0, '', 1, 0, '', NULL, 0),
(354, '贵港市', '0', 22, 0, '', 1, 0, '', NULL, 0),
(358, '河池市', '0', 22, 0, '', 1, 0, '', NULL, 0),
(361, '海口市', '0', 23, 0, '', 1, 0, '', NULL, 0),
(365, '儋州市', '0', 23, 0, '', 1, 0, '', NULL, 0),
(369, '定安县', '0', 23, 0, '', 1, 0, '', NULL, 0),
(372, '临高县', '0', 23, 0, '', 1, 0, '', NULL, 0),
(376, '陵水黎族自治县', '0', 23, 0, '', 1, 0, '', NULL, 0),
(383, '自贡市', '0', 24, 0, '', 1, 0, '', NULL, 0),
(387, '绵阳市', '0', 24, 0, '', 1, 0, '', NULL, 0),
(390, '内江市', '0', 24, 0, '', 1, 0, '', NULL, 0),
(394, '宜宾市', '0', 24, 0, '', 1, 0, '', NULL, 0),
(398, '巴中市', '0', 24, 0, '', 1, 0, '', NULL, 0),
(402, '凉山州', '0', 24, 0, '', 1, 0, '', NULL, 0),
(406, '安顺市', '0', 25, 0, '', 1, 0, '', NULL, 0),
(413, '曲靖市', '0', 26, 0, '', 1, 0, '', NULL, 0),
(435, '西安市', '0', 28, 0, '', 1, 0, '', NULL, 0),
(439, '渭南市', '0', 28, 0, '', 1, 0, '', NULL, 0),
(442, '榆林市', '0', 28, 0, '', 1, 0, '', NULL, 0),
(446, '嘉峪关市', '0', 29, 0, '', 1, 0, '', NULL, 0),
(453, '酒泉市', '0', 29, 0, '', 1, 0, '', NULL, 0),
(457, '临夏州', '0', 29, 0, '', 1, 0, '', NULL, 0),
(460, '海东地区', '0', 30, 0, '', 1, 0, '', NULL, 0),
(464, '果洛州', '0', 30, 0, '', 1, 0, '', NULL, 0),
(468, '石嘴山市', '0', 31, 0, '', 1, 0, '', NULL, 0),
(471, '中卫市', '0', 31, 0, '', 1, 0, '', NULL, 0),
(475, '哈密地区', '0', 32, 0, '', 1, 0, '', NULL, 0),
(479, '阿克苏地区', '0', 32, 0, '', 1, 0, '', NULL, 0),
(482, '和田地区', '0', 32, 0, '', 1, 0, '', NULL, 0),
(486, '石河子市', '0', 32, 0, '', 1, 0, '', NULL, 0),
(493, '新竹市', '0', 33, 0, '', 1, 0, '', NULL, 0);
INSERT INTO `jydp_linkage` (`linkageid`, `name`, `style`, `parentid`, `child`, `arrchildid`, `keyid`, `listorder`, `description`, `setting`, `siteid`) VALUES
(497, '台北县', '0', 33, 0, '', 1, 0, '', NULL, 0),
(501, '台中县', '0', 33, 0, '', 1, 0, '', NULL, 0),
(505, '嘉义县', '0', 33, 0, '', 1, 0, '', NULL, 0),
(509, '宜兰县', '0', 33, 0, '', 1, 0, '', NULL, 0),
(512, '澎湖县', '0', 33, 0, '', 1, 0, '', NULL, 0),
(516, '东区', '0', 34, 0, '', 1, 0, '', NULL, 0),
(523, '油尖旺区', '0', 34, 0, '', 1, 0, '', NULL, 0),
(527, '西贡区', '0', 34, 0, '', 1, 0, '', NULL, 0),
(530, '荃湾区', '0', 34, 0, '', 1, 0, '', NULL, 0),
(534, '市圣安多尼堂区', '0', 35, 0, '', 1, 0, '', NULL, 0),
(538, '嘉模堂区', '0', 35, 0, '', 1, 0, '', NULL, 0),
(541, '桥东区', '0', 130, 0, '', 1, 0, '', NULL, 0),
(545, '裕华区', '0', 130, 0, '', 1, 0, '', NULL, 0),
(549, '行唐县', '0', 130, 0, '', 1, 0, '', NULL, 0),
(552, '深泽县', '0', 130, 0, '', 1, 0, '', NULL, 0),
(556, '元氏县', '0', 130, 0, '', 1, 0, '', NULL, 0),
(563, '路南区', '0', 131, 0, '', 1, 0, '', NULL, 0),
(567, '丰南区', '0', 131, 0, '', 1, 0, '', NULL, 0),
(570, '滦南县', '0', 131, 0, '', 1, 0, '', NULL, 0),
(574, '唐海县', '0', 131, 0, '', 1, 0, '', NULL, 0),
(578, '山海关区', '0', 132, 0, '', 1, 0, '', NULL, 0),
(581, '昌黎县', '0', 132, 0, '', 1, 0, '', NULL, 0),
(585, '丛台区', '0', 133, 0, '', 1, 0, '', NULL, 0),
(589, '临漳县', '0', 133, 0, '', 1, 0, '', NULL, 0),
(592, '涉县', '0', 133, 0, '', 1, 0, '', NULL, 0),
(596, '邱县', '0', 133, 0, '', 1, 0, '', NULL, 0),
(600, '魏县', '0', 133, 0, '', 1, 0, '', NULL, 0),
(604, '桥西区', '0', 134, 0, '', 1, 0, '', NULL, 0),
(608, '柏乡县', '0', 134, 0, '', 1, 0, '', NULL, 0),
(610, '任县', '0', 134, 0, '', 1, 0, '', NULL, 0),
(611, '南和县', '0', 134, 0, '', 1, 0, '', NULL, 0),
(613, '巨鹿县', '0', 134, 0, '', 1, 0, '', NULL, 0),
(615, '广宗县', '0', 134, 0, '', 1, 0, '', NULL, 0),
(619, '临西县', '0', 134, 0, '', 1, 0, '', NULL, 0),
(622, '新市区', '0', 135, 0, '', 1, 0, '', NULL, 0),
(637, '易县', '0', 135, 0, '', 1, 0, '', NULL, 0),
(640, '顺平县', '0', 135, 0, '', 1, 0, '', NULL, 0),
(644, '定州市', '0', 135, 0, '', 1, 0, '', NULL, 0),
(648, '桥西区', '0', 136, 0, '', 1, 0, '', NULL, 0),
(651, '宣化县', '0', 136, 0, '', 1, 0, '', NULL, 0),
(655, '尚义县', '0', 136, 0, '', 1, 0, '', NULL, 0),
(659, '万全县', '0', 136, 0, '', 1, 0, '', NULL, 0),
(662, '赤城县', '0', 136, 0, '', 1, 0, '', NULL, 0),
(666, '鹰手营子矿区', '0', 137, 0, '', 1, 0, '', NULL, 0),
(673, '宽城县', '0', 137, 0, '', 1, 0, '', NULL, 0),
(677, '沧县', '0', 138, 0, '', 1, 0, '', NULL, 0),
(680, '海兴县', '0', 138, 0, '', 1, 0, '', NULL, 0),
(684, '吴桥县', '0', 138, 0, '', 1, 0, '', NULL, 0),
(688, '任丘市', '0', 138, 0, '', 1, 0, '', NULL, 0),
(691, '安次区', '0', 139, 0, '', 1, 0, '', NULL, 0),
(695, '香河县', '0', 139, 0, '', 1, 0, '', NULL, 0),
(699, '霸州市', '0', 139, 0, '', 1, 0, '', NULL, 0),
(701, '桃城区', '0', 140, 0, '', 1, 0, '', NULL, 0),
(702, '枣强县', '0', 140, 0, '', 1, 0, '', NULL, 0),
(703, '武邑县', '0', 140, 0, '', 1, 0, '', NULL, 0),
(705, '饶阳县', '0', 140, 0, '', 1, 0, '', NULL, 0),
(707, '故城县', '0', 140, 0, '', 1, 0, '', NULL, 0),
(710, '冀州市', '0', 140, 0, '', 1, 0, '', NULL, 0),
(714, '杏花岭区', '0', 141, 0, '', 1, 0, '', NULL, 0),
(718, '清徐县', '0', 141, 0, '', 1, 0, '', NULL, 0),
(721, '古交市', '0', 141, 0, '', 1, 0, '', NULL, 0),
(723, '矿区', '0', 142, 0, '', 1, 0, '', NULL, 0),
(724, '南郊区', '0', 142, 0, '', 1, 0, '', NULL, 0),
(725, '新荣区', '0', 142, 0, '', 1, 0, '', NULL, 0),
(727, '天镇县', '0', 142, 0, '', 1, 0, '', NULL, 0),
(728, '广灵县', '0', 142, 0, '', 1, 0, '', NULL, 0),
(729, '灵丘县', '0', 142, 0, '', 1, 0, '', NULL, 0),
(730, '浑源县', '0', 142, 0, '', 1, 0, '', NULL, 0),
(732, '大同县', '0', 142, 0, '', 1, 0, '', NULL, 0),
(734, '矿区', '0', 143, 0, '', 1, 0, '', NULL, 0),
(735, '郊区', '0', 143, 0, '', 1, 0, '', NULL, 0),
(736, '平定县', '0', 143, 0, '', 1, 0, '', NULL, 0),
(738, '城区', '0', 144, 0, '', 1, 0, '', NULL, 0),
(739, '郊区', '0', 144, 0, '', 1, 0, '', NULL, 0),
(741, '襄垣县', '0', 144, 0, '', 1, 0, '', NULL, 0),
(742, '屯留县', '0', 144, 0, '', 1, 0, '', NULL, 0),
(743, '平顺县', '0', 144, 0, '', 1, 0, '', NULL, 0),
(744, '黎城县', '0', 144, 0, '', 1, 0, '', NULL, 0),
(745, '壶关县', '0', 144, 0, '', 1, 0, '', NULL, 0),
(747, '武乡县', '0', 144, 0, '', 1, 0, '', NULL, 0),
(750, '潞城市', '0', 144, 0, '', 1, 0, '', NULL, 0),
(754, '陵川县', '0', 145, 0, '', 1, 0, '', NULL, 0),
(758, '平鲁区', '0', 146, 0, '', 1, 0, '', NULL, 0),
(761, '右玉县', '0', 146, 0, '', 1, 0, '', NULL, 0),
(765, '左权县', '0', 147, 0, '', 1, 0, '', NULL, 0),
(768, '寿阳县', '0', 147, 0, '', 1, 0, '', NULL, 0),
(769, '太谷县', '0', 147, 0, '', 1, 0, '', NULL, 0),
(772, '灵石县', '0', 147, 0, '', 1, 0, '', NULL, 0),
(776, '万荣县', '0', 148, 0, '', 1, 0, '', NULL, 0),
(783, '平陆县', '0', 148, 0, '', 1, 0, '', NULL, 0),
(785, '永济市', '0', 148, 0, '', 1, 0, '', NULL, 0),
(786, '河津市', '0', 148, 0, '', 1, 0, '', NULL, 0),
(787, '忻府区', '0', 149, 0, '', 1, 0, '', NULL, 0),
(790, '代县', '0', 149, 0, '', 1, 0, '', NULL, 0),
(794, '神池县', '0', 149, 0, '', 1, 0, '', NULL, 0),
(798, '保德县', '0', 149, 0, '', 1, 0, '', NULL, 0),
(802, '曲沃县', '0', 150, 0, '', 1, 0, '', NULL, 0),
(806, '古县', '0', 150, 0, '', 1, 0, '', NULL, 0),
(813, '永和县', '0', 150, 0, '', 1, 0, '', NULL, 0),
(817, '霍州市', '0', 150, 0, '', 1, 0, '', NULL, 0),
(820, '交城县', '0', 151, 0, '', 1, 0, '', NULL, 0),
(824, '石楼县', '0', 151, 0, '', 1, 0, '', NULL, 0),
(828, '交口县', '0', 151, 0, '', 1, 0, '', NULL, 0),
(830, '汾阳市', '0', 151, 0, '', 1, 0, '', NULL, 0),
(835, '土默特左旗', '0', 152, 0, '', 1, 0, '', NULL, 0),
(839, '武川县', '0', 152, 0, '', 1, 0, '', NULL, 0),
(842, '青山区', '0', 153, 0, '', 1, 0, '', NULL, 0),
(846, '土默特右旗', '0', 153, 0, '', 1, 0, '', NULL, 0),
(853, '元宝山区', '0', 155, 0, '', 1, 0, '', NULL, 0),
(857, '巴林右旗', '0', 155, 0, '', 1, 0, '', NULL, 0),
(860, '翁牛特旗', '0', 155, 0, '', 1, 0, '', NULL, 0),
(864, '科尔沁区', '0', 156, 0, '', 1, 0, '', NULL, 0),
(868, '库伦旗', '0', 156, 0, '', 1, 0, '', NULL, 0),
(871, '霍林郭勒市', '0', 156, 0, '', 1, 0, '', NULL, 0),
(875, '鄂托克前旗', '0', 157, 0, '', 1, 0, '', NULL, 0),
(879, '伊金霍洛旗', '0', 157, 0, '', 1, 0, '', NULL, 0),
(882, '莫力达瓦达斡尔族自治旗', '0', 158, 0, '', 1, 0, '', NULL, 0),
(886, '新巴尔虎左旗', '0', 158, 0, '', 1, 0, '', NULL, 0),
(890, '扎兰屯市', '0', 158, 0, '', 1, 0, '', NULL, 0),
(891, '额尔古纳市', '0', 158, 0, '', 1, 0, '', NULL, 0),
(893, '临河区', '0', 159, 0, '', 1, 0, '', NULL, 0),
(896, '乌拉特前旗', '0', 159, 0, '', 1, 0, '', NULL, 0),
(897, '乌拉特中旗', '0', 159, 0, '', 1, 0, '', NULL, 0),
(901, '卓资县', '0', 160, 0, '', 1, 0, '', NULL, 0),
(904, '兴和县', '0', 160, 0, '', 1, 0, '', NULL, 0),
(909, '四子王旗', '0', 160, 0, '', 1, 0, '', NULL, 0),
(911, '乌兰浩特市', '0', 161, 0, '', 1, 0, '', NULL, 0),
(912, '阿尔山市', '0', 161, 0, '', 1, 0, '', NULL, 0),
(915, '扎赉特旗', '0', 161, 0, '', 1, 0, '', NULL, 0),
(916, '突泉县', '0', 161, 0, '', 1, 0, '', NULL, 0),
(919, '阿巴嘎旗', '0', 162, 0, '', 1, 0, '', NULL, 0),
(922, '东乌珠穆沁旗', '0', 162, 0, '', 1, 0, '', NULL, 0),
(923, '西乌珠穆沁旗', '0', 162, 0, '', 1, 0, '', NULL, 0),
(926, '正镶白旗', '0', 162, 0, '', 1, 0, '', NULL, 0),
(927, '正蓝旗', '0', 162, 0, '', 1, 0, '', NULL, 0),
(930, '阿拉善右旗', '0', 163, 0, '', 1, 0, '', NULL, 0),
(933, '沈河区', '0', 164, 0, '', 1, 0, '', NULL, 0),
(934, '大东区', '0', 164, 0, '', 1, 0, '', NULL, 0),
(937, '苏家屯区', '0', 164, 0, '', 1, 0, '', NULL, 0),
(938, '东陵区', '0', 164, 0, '', 1, 0, '', NULL, 0),
(940, '于洪区', '0', 164, 0, '', 1, 0, '', NULL, 0),
(941, '辽中县', '0', 164, 0, '', 1, 0, '', NULL, 0),
(944, '新民市', '0', 164, 0, '', 1, 0, '', NULL, 0),
(945, '中山区', '0', 165, 0, '', 1, 0, '', NULL, 0),
(948, '甘井子区', '0', 165, 0, '', 1, 0, '', NULL, 0),
(949, '旅顺口区', '0', 165, 0, '', 1, 0, '', NULL, 0),
(951, '长海县', '0', 165, 0, '', 1, 0, '', NULL, 0),
(952, '瓦房店市', '0', 165, 0, '', 1, 0, '', NULL, 0),
(963, '东洲区', '0', 167, 0, '', 1, 0, '', NULL, 0),
(967, '新宾满族自治县', '0', 167, 0, '', 1, 0, '', NULL, 0),
(971, '明山区', '0', 168, 0, '', 1, 0, '', NULL, 0),
(978, '宽甸满族自治县', '0', 169, 0, '', 1, 0, '', NULL, 0),
(981, '古塔区', '0', 170, 0, '', 1, 0, '', NULL, 0),
(985, '义县', '0', 170, 0, '', 1, 0, '', NULL, 0),
(989, '西市区', '0', 171, 0, '', 1, 0, '', NULL, 0),
(992, '盖州市', '0', 171, 0, '', 1, 0, '', NULL, 0),
(996, '太平区', '0', 172, 0, '', 1, 0, '', NULL, 0),
(1002, '文圣区', '0', 173, 0, '', 1, 0, '', NULL, 0),
(1003, '宏伟区', '0', 173, 0, '', 1, 0, '', NULL, 0),
(1006, '辽阳县', '0', 173, 0, '', 1, 0, '', NULL, 0),
(1007, '灯塔市', '0', 173, 0, '', 1, 0, '', NULL, 0),
(1010, '大洼县', '0', 174, 0, '', 1, 0, '', NULL, 0),
(1013, '清河区', '0', 175, 0, '', 1, 0, '', NULL, 0),
(1014, '铁岭县', '0', 175, 0, '', 1, 0, '', NULL, 0),
(1017, '调兵山市', '0', 175, 0, '', 1, 0, '', NULL, 0),
(1018, '开原市', '0', 175, 0, '', 1, 0, '', NULL, 0),
(1020, '龙城区', '0', 176, 0, '', 1, 0, '', NULL, 0),
(1021, '朝阳县', '0', 176, 0, '', 1, 0, '', NULL, 0),
(1025, '凌源市', '0', 176, 0, '', 1, 0, '', NULL, 0),
(1029, '绥中县', '0', 177, 0, '', 1, 0, '', NULL, 0),
(1032, '南关区', '0', 178, 0, '', 1, 0, '', NULL, 0),
(1035, '二道区', '0', 178, 0, '', 1, 0, '', NULL, 0),
(1036, '绿园区', '0', 178, 0, '', 1, 0, '', NULL, 0),
(1039, '九台市', '0', 178, 0, '', 1, 0, '', NULL, 0),
(1042, '昌邑区', '0', 179, 0, '', 1, 0, '', NULL, 0),
(1043, '龙潭区', '0', 179, 0, '', 1, 0, '', NULL, 0),
(1047, '蛟河市', '0', 179, 0, '', 1, 0, '', NULL, 0),
(1050, '磐石市', '0', 179, 0, '', 1, 0, '', NULL, 0),
(1054, '伊通满族自治县', '0', 180, 0, '', 1, 0, '', NULL, 0),
(1058, '西安区', '0', 181, 0, '', 1, 0, '', NULL, 0),
(1061, '东昌区', '0', 182, 0, '', 1, 0, '', NULL, 0),
(1065, '柳河县', '0', 182, 0, '', 1, 0, '', NULL, 0),
(1069, '抚松县', '0', 183, 0, '', 1, 0, '', NULL, 0),
(1072, '江源县', '0', 183, 0, '', 1, 0, '', NULL, 0),
(1076, '长岭县', '0', 184, 0, '', 1, 0, '', NULL, 0),
(1079, '洮北区', '0', 185, 0, '', 1, 0, '', NULL, 0),
(1082, '洮南市', '0', 185, 0, '', 1, 0, '', NULL, 0),
(1083, '大安市', '0', 185, 0, '', 1, 0, '', NULL, 0),
(1086, '敦化市', '0', 186, 0, '', 1, 0, '', NULL, 0),
(1087, '珲春市', '0', 186, 0, '', 1, 0, '', NULL, 0),
(1090, '汪清县', '0', 186, 0, '', 1, 0, '', NULL, 0),
(1093, '南岗区', '0', 187, 0, '', 1, 0, '', NULL, 0),
(1094, '道外区', '0', 187, 0, '', 1, 0, '', NULL, 0),
(1097, '平房区', '0', 187, 0, '', 1, 0, '', NULL, 0),
(1098, '松北区', '0', 187, 0, '', 1, 0, '', NULL, 0),
(1101, '方正县', '0', 187, 0, '', 1, 0, '', NULL, 0),
(1102, '宾县', '0', 187, 0, '', 1, 0, '', NULL, 0),
(1105, '通河县', '0', 187, 0, '', 1, 0, '', NULL, 0),
(1106, '延寿县', '0', 187, 0, '', 1, 0, '', NULL, 0),
(1109, '尚志市', '0', 187, 0, '', 1, 0, '', NULL, 0),
(1112, '建华区', '0', 188, 0, '', 1, 0, '', NULL, 0),
(1113, '铁锋区', '0', 188, 0, '', 1, 0, '', NULL, 0),
(1117, '梅里斯达斡尔族区', '0', 188, 0, '', 1, 0, '', NULL, 0),
(1120, '泰来县', '0', 188, 0, '', 1, 0, '', NULL, 0),
(1124, '克东县', '0', 188, 0, '', 1, 0, '', NULL, 0),
(1128, '恒山区', '0', 189, 0, '', 1, 0, '', NULL, 0),
(1131, '城子河区', '0', 189, 0, '', 1, 0, '', NULL, 0),
(1134, '虎林市', '0', 189, 0, '', 1, 0, '', NULL, 0),
(1135, '密山市', '0', 189, 0, '', 1, 0, '', NULL, 0),
(1138, '南山区', '0', 190, 0, '', 1, 0, '', NULL, 0),
(1139, '兴安区', '0', 190, 0, '', 1, 0, '', NULL, 0),
(1141, '兴山区', '0', 190, 0, '', 1, 0, '', NULL, 0),
(1142, '萝北县', '0', 190, 0, '', 1, 0, '', NULL, 0),
(1145, '岭东区', '0', 191, 0, '', 1, 0, '', NULL, 0),
(1146, '四方台区', '0', 191, 0, '', 1, 0, '', NULL, 0),
(1149, '友谊县', '0', 191, 0, '', 1, 0, '', NULL, 0),
(1152, '萨尔图区', '0', 192, 0, '', 1, 0, '', NULL, 0),
(1153, '龙凤区', '0', 192, 0, '', 1, 0, '', NULL, 0),
(1156, '大同区', '0', 192, 0, '', 1, 0, '', NULL, 0),
(1157, '肇州县', '0', 192, 0, '', 1, 0, '', NULL, 0),
(1160, '杜尔伯特蒙古族自治县', '0', 192, 0, '', 1, 0, '', NULL, 0),
(1163, '友好区', '0', 193, 0, '', 1, 0, '', NULL, 0),
(1164, '西林区', '0', 193, 0, '', 1, 0, '', NULL, 0),
(1167, '美溪区', '0', 193, 0, '', 1, 0, '', NULL, 0),
(1168, '金山屯区', '0', 193, 0, '', 1, 0, '', NULL, 0),
(1170, '乌马河区', '0', 193, 0, '', 1, 0, '', NULL, 0),
(1171, '汤旺河区', '0', 193, 0, '', 1, 0, '', NULL, 0),
(1174, '红星区', '0', 193, 0, '', 1, 0, '', NULL, 0),
(1175, '上甘岭区', '0', 193, 0, '', 1, 0, '', NULL, 0),
(1178, '永红区', '0', 194, 0, '', 1, 0, '', NULL, 0),
(1179, '向阳区', '0', 194, 0, '', 1, 0, '', NULL, 0),
(1181, '东风区', '0', 194, 0, '', 1, 0, '', NULL, 0),
(1182, '郊区', '0', 194, 0, '', 1, 0, '', NULL, 0),
(1185, '汤原县', '0', 194, 0, '', 1, 0, '', NULL, 0),
(1186, '抚远县', '0', 194, 0, '', 1, 0, '', NULL, 0),
(1189, '新兴区', '0', 195, 0, '', 1, 0, '', NULL, 0),
(1192, '勃利县', '0', 195, 0, '', 1, 0, '', NULL, 0),
(1193, '东安区', '0', 196, 0, '', 1, 0, '', NULL, 0),
(1197, '东宁县', '0', 196, 0, '', 1, 0, '', NULL, 0),
(1201, '宁安市', '0', 196, 0, '', 1, 0, '', NULL, 0),
(1263, '金阊区', '0', 204, 0, '', 1, 0, '', NULL, 0),
(1267, '常熟市', '0', 204, 0, '', 1, 0, '', NULL, 0),
(1270, '吴江市', '0', 204, 0, '', 1, 0, '', NULL, 0),
(1280, '连云区', '0', 206, 0, '', 1, 0, '', NULL, 0),
(1281, '新浦区', '0', 206, 0, '', 1, 0, '', NULL, 0),
(1285, '灌云县', '0', 206, 0, '', 1, 0, '', NULL, 0),
(1289, '淮阴区', '0', 207, 0, '', 1, 0, '', NULL, 0),
(1319, '兴化市', '0', 211, 0, '', 1, 0, '', NULL, 0),
(1322, '姜堰市', '0', 211, 0, '', 1, 0, '', NULL, 0),
(1333, '滨江区', '0', 213, 0, '', 1, 0, '', NULL, 0),
(1336, '桐庐县', '0', 213, 0, '', 1, 0, '', NULL, 0),
(1337, '淳安县', '0', 213, 0, '', 1, 0, '', NULL, 0),
(1340, '临安市', '0', 213, 0, '', 1, 0, '', NULL, 0),
(1344, '北仑区', '0', 214, 0, '', 1, 0, '', NULL, 0),
(1539, '集美区', '0', 242, 0, '', 1, 0, '', NULL, 0),
(1544, '荔城区', '0', 243, 0, '', 1, 0, '', NULL, 0),
(1545, '秀屿区', '0', 243, 0, '', 1, 0, '', NULL, 0),
(1546, '仙游县', '0', 243, 0, '', 1, 0, '', NULL, 0),
(1548, '三元区', '0', 244, 0, '', 1, 0, '', NULL, 0),
(1549, '明溪县', '0', 244, 0, '', 1, 0, '', NULL, 0),
(1551, '宁化县', '0', 244, 0, '', 1, 0, '', NULL, 0),
(1552, '大田县', '0', 244, 0, '', 1, 0, '', NULL, 0),
(1553, '尤溪县', '0', 244, 0, '', 1, 0, '', NULL, 0),
(1555, '将乐县', '0', 244, 0, '', 1, 0, '', NULL, 0),
(1556, '泰宁县', '0', 244, 0, '', 1, 0, '', NULL, 0),
(1557, '建宁县', '0', 244, 0, '', 1, 0, '', NULL, 0),
(1559, '鲤城区', '0', 245, 0, '', 1, 0, '', NULL, 0),
(1560, '丰泽区', '0', 245, 0, '', 1, 0, '', NULL, 0),
(1562, '泉港区', '0', 245, 0, '', 1, 0, '', NULL, 0),
(1563, '惠安县', '0', 245, 0, '', 1, 0, '', NULL, 0),
(1564, '安溪县', '0', 245, 0, '', 1, 0, '', NULL, 0),
(1566, '德化县', '0', 245, 0, '', 1, 0, '', NULL, 0),
(1567, '金门县', '0', 245, 0, '', 1, 0, '', NULL, 0),
(1571, '芗城区', '0', 246, 0, '', 1, 0, '', NULL, 0),
(1573, '云霄县', '0', 246, 0, '', 1, 0, '', NULL, 0),
(1574, '漳浦县', '0', 246, 0, '', 1, 0, '', NULL, 0),
(1577, '东山县', '0', 246, 0, '', 1, 0, '', NULL, 0),
(1578, '南靖县', '0', 246, 0, '', 1, 0, '', NULL, 0),
(1579, '平和县', '0', 246, 0, '', 1, 0, '', NULL, 0),
(1580, '华安县', '0', 246, 0, '', 1, 0, '', NULL, 0),
(1581, '龙海市', '0', 246, 0, '', 1, 0, '', NULL, 0),
(1582, '延平区', '0', 247, 0, '', 1, 0, '', NULL, 0),
(1584, '浦城县', '0', 247, 0, '', 1, 0, '', NULL, 0),
(1585, '光泽县', '0', 247, 0, '', 1, 0, '', NULL, 0),
(1591, '建阳市', '0', 247, 0, '', 1, 0, '', NULL, 0),
(1592, '新罗区', '0', 248, 0, '', 1, 0, '', NULL, 0),
(1593, '长汀县', '0', 248, 0, '', 1, 0, '', NULL, 0),
(1597, '连城县', '0', 248, 0, '', 1, 0, '', NULL, 0),
(1662, '青原区', '0', 257, 0, '', 1, 0, '', NULL, 0),
(1663, '吉安县', '0', 257, 0, '', 1, 0, '', NULL, 0),
(1667, '永丰县', '0', 257, 0, '', 1, 0, '', NULL, 0),
(1670, '万安县', '0', 257, 0, '', 1, 0, '', NULL, 0),
(1674, '袁州区', '0', 258, 0, '', 1, 0, '', NULL, 0),
(1678, '宜丰县', '0', 258, 0, '', 1, 0, '', NULL, 0),
(1681, '丰城市', '0', 258, 0, '', 1, 0, '', NULL, 0),
(1685, '南城县', '0', 259, 0, '', 1, 0, '', NULL, 0),
(1689, '乐安县', '0', 259, 0, '', 1, 0, '', NULL, 0),
(1696, '上饶县', '0', 260, 0, '', 1, 0, '', NULL, 0),
(1700, '横峰县', '0', 260, 0, '', 1, 0, '', NULL, 0),
(1704, '万年县', '0', 260, 0, '', 1, 0, '', NULL, 0),
(1708, '市中区', '0', 261, 0, '', 1, 0, '', NULL, 0),
(1710, '天桥区', '0', 261, 0, '', 1, 0, '', NULL, 0),
(1711, '历城区', '0', 261, 0, '', 1, 0, '', NULL, 0),
(1719, '四方区', '0', 262, 0, '', 1, 0, '', NULL, 0),
(1722, '李沧区', '0', 262, 0, '', 1, 0, '', NULL, 0),
(1725, '即墨市', '0', 262, 0, '', 1, 0, '', NULL, 0),
(1726, '平度市', '0', 262, 0, '', 1, 0, '', NULL, 0),
(1728, '莱西市', '0', 262, 0, '', 1, 0, '', NULL, 0),
(1729, '淄川区', '0', 263, 0, '', 1, 0, '', NULL, 0),
(1731, '博山区', '0', 263, 0, '', 1, 0, '', NULL, 0),
(1733, '周村区', '0', 263, 0, '', 1, 0, '', NULL, 0),
(1737, '市中区', '0', 264, 0, '', 1, 0, '', NULL, 0),
(1740, '台儿庄区', '0', 264, 0, '', 1, 0, '', NULL, 0),
(1744, '河口区', '0', 265, 0, '', 1, 0, '', NULL, 0),
(1748, '芝罘区', '0', 266, 0, '', 1, 0, '', NULL, 0),
(1751, '莱山区', '0', 266, 0, '', 1, 0, '', NULL, 0),
(1755, '莱州市', '0', 266, 0, '', 1, 0, '', NULL, 0),
(1759, '海阳市', '0', 266, 0, '', 1, 0, '', NULL, 0),
(1762, '坊子区', '0', 267, 0, '', 1, 0, '', NULL, 0),
(1766, '青州市', '0', 267, 0, '', 1, 0, '', NULL, 0),
(1773, '任城区', '0', 268, 0, '', 1, 0, '', NULL, 0),
(1777, '嘉祥县', '0', 268, 0, '', 1, 0, '', NULL, 0),
(1780, '梁山县', '0', 268, 0, '', 1, 0, '', NULL, 0),
(1784, '泰山区', '0', 269, 0, '', 1, 0, '', NULL, 0),
(1788, '新泰市', '0', 269, 0, '', 1, 0, '', NULL, 0),
(1791, '文登市', '0', 270, 0, '', 1, 0, '', NULL, 0),
(1795, '岚山区', '0', 271, 0, '', 1, 0, '', NULL, 0),
(1799, '钢城区', '0', 272, 0, '', 1, 0, '', NULL, 0),
(1803, '沂南县', '0', 273, 0, '', 1, 0, '', NULL, 0),
(1807, '费县', '0', 273, 0, '', 1, 0, '', NULL, 0),
(1810, '蒙阴县', '0', 273, 0, '', 1, 0, '', NULL, 0),
(1814, '宁津县', '0', 274, 0, '', 1, 0, '', NULL, 0),
(1818, '平原县', '0', 274, 0, '', 1, 0, '', NULL, 0),
(1821, '乐陵市', '0', 274, 0, '', 1, 0, '', NULL, 0),
(1824, '阳谷县', '0', 275, 0, '', 1, 0, '', NULL, 0),
(1825, '莘县', '0', 275, 0, '', 1, 0, '', NULL, 0),
(1829, '高唐县', '0', 275, 0, '', 1, 0, '', NULL, 0),
(1832, '惠民县', '0', 276, 0, '', 1, 0, '', NULL, 0),
(1843, '郓城县', '0', 277, 0, '', 1, 0, '', NULL, 0),
(1847, '中原区', '0', 278, 0, '', 1, 0, '', NULL, 0),
(1850, '金水区', '0', 278, 0, '', 1, 0, '', NULL, 0),
(1854, '巩义市', '0', 278, 0, '', 1, 0, '', NULL, 0),
(1858, '登封市', '0', 278, 0, '', 1, 0, '', NULL, 0),
(1861, '鼓楼区', '0', 279, 0, '', 1, 0, '', NULL, 0),
(1865, '通许县', '0', 279, 0, '', 1, 0, '', NULL, 0),
(1869, '老城区', '0', 280, 0, '', 1, 0, '', NULL, 0),
(1872, '涧西区', '0', 280, 0, '', 1, 0, '', NULL, 0),
(1876, '新安县', '0', 280, 0, '', 1, 0, '', NULL, 0),
(1883, '偃师市', '0', 280, 0, '', 1, 0, '', NULL, 0),
(1887, '湛河区', '0', 281, 0, '', 1, 0, '', NULL, 0),
(1890, '鲁山县', '0', 281, 0, '', 1, 0, '', NULL, 0),
(1894, '文峰区', '0', 282, 0, '', 1, 0, '', NULL, 0),
(1898, '安阳县', '0', 282, 0, '', 1, 0, '', NULL, 0),
(1902, '林州市', '0', 282, 0, '', 1, 0, '', NULL, 0),
(1906, '浚县', '0', 283, 0, '', 1, 0, '', NULL, 0),
(1913, '获嘉县', '0', 284, 0, '', 1, 0, '', NULL, 0),
(1917, '长垣县', '0', 284, 0, '', 1, 0, '', NULL, 0),
(1920, '解放区', '0', 285, 0, '', 1, 0, '', NULL, 0),
(1924, '修武县', '0', 285, 0, '', 1, 0, '', NULL, 0),
(1928, '济源市', '0', 285, 0, '', 1, 0, '', NULL, 0),
(1931, '华龙区', '0', 286, 0, '', 1, 0, '', NULL, 0),
(1935, '台前县', '0', 286, 0, '', 1, 0, '', NULL, 0),
(1939, '鄢陵县', '0', 287, 0, '', 1, 0, '', NULL, 0),
(1941, '禹州市', '0', 287, 0, '', 1, 0, '', NULL, 0),
(1945, '召陵区', '0', 288, 0, '', 1, 0, '', NULL, 0),
(1946, '舞阳县', '0', 288, 0, '', 1, 0, '', NULL, 0),
(1953, '灵宝市', '0', 289, 0, '', 1, 0, '', NULL, 0),
(1957, '方城县', '0', 290, 0, '', 1, 0, '', NULL, 0),
(1960, '内乡县', '0', 290, 0, '', 1, 0, '', NULL, 0),
(1964, '新野县', '0', 290, 0, '', 1, 0, '', NULL, 0),
(1968, '睢阳区', '0', 291, 0, '', 1, 0, '', NULL, 0),
(1971, '宁陵县', '0', 291, 0, '', 1, 0, '', NULL, 0),
(1975, '永城市', '0', 291, 0, '', 1, 0, '', NULL, 0),
(1979, '光山县', '0', 292, 0, '', 1, 0, '', NULL, 0),
(1982, '固始县', '0', 292, 0, '', 1, 0, '', NULL, 0),
(1986, '川汇区', '0', 293, 0, '', 1, 0, '', NULL, 0),
(1993, '太康县', '0', 293, 0, '', 1, 0, '', NULL, 0),
(1997, '西平县', '0', 294, 0, '', 1, 0, '', NULL, 0),
(2000, '正阳县', '0', 294, 0, '', 1, 0, '', NULL, 0),
(2004, '遂平县', '0', 294, 0, '', 1, 0, '', NULL, 0),
(2008, '硚口区', '0', 295, 0, '', 1, 0, '', NULL, 0),
(2011, '青山区', '0', 295, 0, '', 1, 0, '', NULL, 0),
(2015, '蔡甸区', '0', 295, 0, '', 1, 0, '', NULL, 0),
(2019, '黄石港区', '0', 296, 0, '', 1, 0, '', NULL, 0),
(2022, '铁山区', '0', 296, 0, '', 1, 0, '', NULL, 0),
(2026, '张湾区', '0', 297, 0, '', 1, 0, '', NULL, 0),
(2033, '西陵区', '0', 298, 0, '', 1, 0, '', NULL, 0),
(2037, '夷陵区', '0', 298, 0, '', 1, 0, '', NULL, 0),
(2040, '秭归县', '0', 298, 0, '', 1, 0, '', NULL, 0),
(2044, '当阳市', '0', 298, 0, '', 1, 0, '', NULL, 0),
(2048, '襄阳区', '0', 299, 0, '', 1, 0, '', NULL, 0),
(2051, '保康县', '0', 299, 0, '', 1, 0, '', NULL, 0),
(2055, '梁子湖区', '0', 300, 0, '', 1, 0, '', NULL, 0),
(2059, '掇刀区', '0', 301, 0, '', 1, 0, '', NULL, 0),
(2062, '钟祥市', '0', 301, 0, '', 1, 0, '', NULL, 0),
(2066, '云梦县', '0', 302, 0, '', 1, 0, '', NULL, 0),
(2073, '监利县', '0', 303, 0, '', 1, 0, '', NULL, 0),
(2077, '松滋市', '0', 303, 0, '', 1, 0, '', NULL, 0),
(2080, '红安县', '0', 304, 0, '', 1, 0, '', NULL, 0),
(2084, '蕲春县', '0', 304, 0, '', 1, 0, '', NULL, 0),
(2088, '咸安区', '0', 305, 0, '', 1, 0, '', NULL, 0),
(2091, '崇阳县', '0', 305, 0, '', 1, 0, '', NULL, 0),
(2094, '曾都区', '0', 306, 0, '', 1, 0, '', NULL, 0),
(2095, '广水市', '0', 306, 0, '', 1, 0, '', NULL, 0),
(2098, '建始县', '0', 307, 0, '', 1, 0, '', NULL, 0),
(2099, '巴东县', '0', 307, 0, '', 1, 0, '', NULL, 0),
(2102, '来凤县', '0', 307, 0, '', 1, 0, '', NULL, 0),
(2103, '鹤峰县', '0', 307, 0, '', 1, 0, '', NULL, 0),
(2106, '岳麓区', '0', 312, 0, '', 1, 0, '', NULL, 0),
(2107, '开福区', '0', 312, 0, '', 1, 0, '', NULL, 0),
(2113, '荷塘区', '0', 313, 0, '', 1, 0, '', NULL, 0),
(2114, '芦淞区', '0', 313, 0, '', 1, 0, '', NULL, 0),
(2117, '株洲县', '0', 313, 0, '', 1, 0, '', NULL, 0),
(2118, '攸县', '0', 313, 0, '', 1, 0, '', NULL, 0),
(2120, '炎陵县', '0', 313, 0, '', 1, 0, '', NULL, 0),
(2124, '湘潭县', '0', 314, 0, '', 1, 0, '', NULL, 0),
(2125, '湘乡市', '0', 314, 0, '', 1, 0, '', NULL, 0),
(2128, '雁峰区', '0', 315, 0, '', 1, 0, '', NULL, 0),
(2129, '石鼓区', '0', 315, 0, '', 1, 0, '', NULL, 0),
(2131, '南岳区', '0', 315, 0, '', 1, 0, '', NULL, 0),
(2132, '衡阳县', '0', 315, 0, '', 1, 0, '', NULL, 0),
(2135, '衡东县', '0', 315, 0, '', 1, 0, '', NULL, 0),
(2136, '祁东县', '0', 315, 0, '', 1, 0, '', NULL, 0),
(2143, '新邵县', '0', 316, 0, '', 1, 0, '', NULL, 0),
(2147, '绥宁县', '0', 316, 0, '', 1, 0, '', NULL, 0),
(2150, '武冈市', '0', 316, 0, '', 1, 0, '', NULL, 0),
(2154, '岳阳县', '0', 317, 0, '', 1, 0, '', NULL, 0),
(2158, '汨罗市', '0', 317, 0, '', 1, 0, '', NULL, 0),
(2161, '鼎城区', '0', 318, 0, '', 1, 0, '', NULL, 0),
(2165, '临澧县', '0', 318, 0, '', 1, 0, '', NULL, 0),
(2169, '永定区', '0', 319, 0, '', 1, 0, '', NULL, 0),
(2172, '桑植县', '0', 319, 0, '', 1, 0, '', NULL, 0),
(2176, '桃江县', '0', 320, 0, '', 1, 0, '', NULL, 0),
(2183, '永兴县', '0', 321, 0, '', 1, 0, '', NULL, 0),
(2187, '桂东县', '0', 321, 0, '', 1, 0, '', NULL, 0),
(2190, '零陵区', '0', 322, 0, '', 1, 0, '', NULL, 0),
(2194, '双牌县', '0', 322, 0, '', 1, 0, '', NULL, 0),
(2198, '蓝山县', '0', 322, 0, '', 1, 0, '', NULL, 0),
(2202, '中方县', '0', 323, 0, '', 1, 0, '', NULL, 0),
(2206, '会同县', '0', 323, 0, '', 1, 0, '', NULL, 0),
(2213, '娄星区', '0', 324, 0, '', 1, 0, '', NULL, 0),
(2217, '涟源市', '0', 324, 0, '', 1, 0, '', NULL, 0),
(2220, '凤凰县', '0', 325, 0, '', 1, 0, '', NULL, 0),
(2224, '永顺县', '0', 325, 0, '', 1, 0, '', NULL, 0),
(2228, '海珠区', '0', 326, 0, '', 1, 0, '', NULL, 0),
(2231, '黄埔区', '0', 326, 0, '', 1, 0, '', NULL, 0),
(2235, '萝岗区', '0', 326, 0, '', 1, 0, '', NULL, 0),
(2239, '浈江区', '0', 327, 0, '', 1, 0, '', NULL, 0),
(2242, '仁化县', '0', 327, 0, '', 1, 0, '', NULL, 0),
(2246, '乐昌市', '0', 327, 0, '', 1, 0, '', NULL, 0),
(2253, '盐田区', '0', 328, 0, '', 1, 0, '', NULL, 0),
(2257, '龙湖区', '0', 330, 0, '', 1, 0, '', NULL, 0),
(2260, '潮阳区', '0', 330, 0, '', 1, 0, '', NULL, 0),
(2264, '禅城区', '0', 331, 0, '', 1, 0, '', NULL, 0),
(2268, '高明区', '0', 331, 0, '', 1, 0, '', NULL, 0),
(2271, '新会区', '0', 332, 0, '', 1, 0, '', NULL, 0),
(2275, '恩平市', '0', 332, 0, '', 1, 0, '', NULL, 0),
(2279, '麻章区', '0', 333, 0, '', 1, 0, '', NULL, 0),
(2282, '廉江市', '0', 333, 0, '', 1, 0, '', NULL, 0),
(2286, '茂港区', '0', 334, 0, '', 1, 0, '', NULL, 0),
(2293, '广宁县', '0', 335, 0, '', 1, 0, '', NULL, 0),
(2297, '高要市', '0', 335, 0, '', 1, 0, '', NULL, 0),
(2301, '博罗县', '0', 336, 0, '', 1, 0, '', NULL, 0),
(2305, '梅县', '0', 337, 0, '', 1, 0, '', NULL, 0),
(2309, '平远县', '0', 337, 0, '', 1, 0, '', NULL, 0),
(2312, '城区', '0', 338, 0, '', 1, 0, '', NULL, 0),
(2322, '江城区', '0', 340, 0, '', 1, 0, '', NULL, 0),
(2323, '阳西县', '0', 340, 0, '', 1, 0, '', NULL, 0),
(2326, '清城区', '0', 341, 0, '', 1, 0, '', NULL, 0),
(2327, '佛冈县', '0', 341, 0, '', 1, 0, '', NULL, 0),
(2330, '连南瑶族自治县', '0', 341, 0, '', 1, 0, '', NULL, 0),
(2333, '连州市', '0', 341, 0, '', 1, 0, '', NULL, 0),
(2334, '湘桥区', '0', 344, 0, '', 1, 0, '', NULL, 0),
(2338, '揭东县', '0', 345, 0, '', 1, 0, '', NULL, 0),
(2341, '普宁市', '0', 345, 0, '', 1, 0, '', NULL, 0),
(2345, '云安县', '0', 346, 0, '', 1, 0, '', NULL, 0),
(2349, '江南区', '0', 347, 0, '', 1, 0, '', NULL, 0),
(2352, '邕宁区', '0', 347, 0, '', 1, 0, '', NULL, 0),
(2356, '上林县', '0', 347, 0, '', 1, 0, '', NULL, 0),
(2363, '柳江县', '0', 348, 0, '', 1, 0, '', NULL, 0),
(2367, '融水苗族自治县', '0', 348, 0, '', 1, 0, '', NULL, 0),
(2370, '叠彩区', '0', 349, 0, '', 1, 0, '', NULL, 0),
(2374, '阳朔县', '0', 349, 0, '', 1, 0, '', NULL, 0),
(2378, '兴安县', '0', 349, 0, '', 1, 0, '', NULL, 0),
(2381, '龙胜各族自治县', '0', 349, 0, '', 1, 0, '', NULL, 0),
(2385, '恭城瑶族自治县', '0', 349, 0, '', 1, 0, '', NULL, 0),
(2389, '苍梧县', '0', 350, 0, '', 1, 0, '', NULL, 0),
(2392, '岑溪市', '0', 350, 0, '', 1, 0, '', NULL, 0),
(2396, '合浦县', '0', 351, 0, '', 1, 0, '', NULL, 0),
(2400, '东兴市', '0', 352, 0, '', 1, 0, '', NULL, 0),
(2404, '浦北县', '0', 353, 0, '', 1, 0, '', NULL, 0),
(2408, '平南县', '0', 354, 0, '', 1, 0, '', NULL, 0),
(2411, '容县', '0', 355, 0, '', 1, 0, '', NULL, 0),
(2415, '北流市', '0', 355, 0, '', 1, 0, '', NULL, 0),
(2419, '平果县', '0', 356, 0, '', 1, 0, '', NULL, 0),
(2422, '那坡县', '0', 356, 0, '', 1, 0, '', NULL, 0),
(2426, '西林县', '0', 356, 0, '', 1, 0, '', NULL, 0),
(2430, '钟山县', '0', 357, 0, '', 1, 0, '', NULL, 0),
(2433, '南丹县', '0', 358, 0, '', 1, 0, '', NULL, 0),
(2435, '凤山县', '0', 358, 0, '', 1, 0, '', NULL, 0),
(2436, '东兰县', '0', 358, 0, '', 1, 0, '', NULL, 0),
(2437, '罗城仫佬族自治县', '0', 358, 0, '', 1, 0, '', NULL, 0),
(2439, '巴马瑶族自治县', '0', 358, 0, '', 1, 0, '', NULL, 0),
(2440, '都安瑶族自治县', '0', 358, 0, '', 1, 0, '', NULL, 0),
(2443, '兴宾区', '0', 359, 0, '', 1, 0, '', NULL, 0),
(2448, '合山市', '0', 359, 0, '', 1, 0, '', NULL, 0),
(2451, '宁明县', '0', 360, 0, '', 1, 0, '', NULL, 0),
(2455, '凭祥市', '0', 360, 0, '', 1, 0, '', NULL, 0),
(2459, '美兰区', '0', 361, 0, '', 1, 0, '', NULL, 0),
(2462, '金牛区', '0', 382, 0, '', 1, 0, '', NULL, 0),
(2466, '青白江区', '0', 382, 0, '', 1, 0, '', NULL, 0),
(2473, '蒲江县', '0', 382, 0, '', 1, 0, '', NULL, 0),
(2477, '邛崃市', '0', 382, 0, '', 1, 0, '', NULL, 0),
(2480, '贡井区', '0', 383, 0, '', 1, 0, '', NULL, 0),
(2484, '富顺县', '0', 383, 0, '', 1, 0, '', NULL, 0),
(2488, '米易县', '0', 384, 0, '', 1, 0, '', NULL, 0),
(2491, '纳溪区', '0', 385, 0, '', 1, 0, '', NULL, 0),
(2495, '叙永县', '0', 385, 0, '', 1, 0, '', NULL, 0),
(2499, '罗江县', '0', 386, 0, '', 1, 0, '', NULL, 0),
(2503, '涪城区', '0', 387, 0, '', 1, 0, '', NULL, 0),
(2507, '安县', '0', 387, 0, '', 1, 0, '', NULL, 0),
(2510, '平武县', '0', 387, 0, '', 1, 0, '', NULL, 0),
(2514, '朝天区', '0', 388, 0, '', 1, 0, '', NULL, 0),
(2518, '苍溪县', '0', 388, 0, '', 1, 0, '', NULL, 0),
(2526, '威远县', '0', 390, 0, '', 1, 0, '', NULL, 0),
(2529, '市中区', '0', 391, 0, '', 1, 0, '', NULL, 0),
(2532, '金口河区', '0', 391, 0, '', 1, 0, '', NULL, 0),
(2536, '沐川县', '0', 391, 0, '', 1, 0, '', NULL, 0),
(2543, '南部县', '0', 392, 0, '', 1, 0, '', NULL, 0),
(2565, '广安区', '0', 395, 0, '', 1, 0, '', NULL, 0),
(2569, '华蓥市', '0', 395, 0, '', 1, 0, '', NULL, 0),
(2572, '宣汉县', '0', 396, 0, '', 1, 0, '', NULL, 0),
(2576, '万源市', '0', 396, 0, '', 1, 0, '', NULL, 0),
(2583, '芦山县', '0', 397, 0, '', 1, 0, '', NULL, 0),
(2587, '南江县', '0', 398, 0, '', 1, 0, '', NULL, 0),
(2590, '安岳县', '0', 399, 0, '', 1, 0, '', NULL, 0),
(2653, '水城县', '0', 404, 0, '', 1, 0, '', NULL, 0),
(2657, '遵义县', '0', 405, 0, '', 1, 0, '', NULL, 0),
(2660, '正安县', '0', 405, 0, '', 1, 0, '', NULL, 0),
(2664, '湄潭县', '0', 405, 0, '', 1, 0, '', NULL, 0),
(2675, '铜仁市', '0', 407, 0, '', 1, 0, '', NULL, 0),
(2679, '思南县', '0', 407, 0, '', 1, 0, '', NULL, 0),
(2682, '沿河土家族自治县', '0', 407, 0, '', 1, 0, '', NULL, 0),
(2686, '兴仁县', '0', 408, 0, '', 1, 0, '', NULL, 0),
(2693, '毕节市', '0', 409, 0, '', 1, 0, '', NULL, 0),
(2696, '金沙县', '0', 409, 0, '', 1, 0, '', NULL, 0),
(2697, '织金县', '0', 409, 0, '', 1, 0, '', NULL, 0),
(2700, '赫章县', '0', 409, 0, '', 1, 0, '', NULL, 0),
(2701, '凯里市', '0', 410, 0, '', 1, 0, '', NULL, 0),
(2703, '施秉县', '0', 410, 0, '', 1, 0, '', NULL, 0),
(2704, '三穗县', '0', 410, 0, '', 1, 0, '', NULL, 0),
(2705, '镇远县', '0', 410, 0, '', 1, 0, '', NULL, 0),
(2708, '锦屏县', '0', 410, 0, '', 1, 0, '', NULL, 0),
(2709, '剑河县', '0', 410, 0, '', 1, 0, '', NULL, 0),
(2712, '榕江县', '0', 410, 0, '', 1, 0, '', NULL, 0),
(2716, '丹寨县', '0', 410, 0, '', 1, 0, '', NULL, 0),
(2722, '独山县', '0', 411, 0, '', 1, 0, '', NULL, 0),
(2723, '平塘县', '0', 411, 0, '', 1, 0, '', NULL, 0),
(2727, '惠水县', '0', 411, 0, '', 1, 0, '', NULL, 0),
(2730, '盘龙区', '0', 412, 0, '', 1, 0, '', NULL, 0),
(2734, '呈贡县', '0', 412, 0, '', 1, 0, '', NULL, 0),
(2738, '石林彝族自治县', '0', 412, 0, '', 1, 0, '', NULL, 0),
(2741, '寻甸回族彝族自治县', '0', 412, 0, '', 1, 0, '', NULL, 0),
(2745, '陆良县', '0', 413, 0, '', 1, 0, '', NULL, 0),
(2749, '会泽县', '0', 413, 0, '', 1, 0, '', NULL, 0),
(2752, '红塔区', '0', 414, 0, '', 1, 0, '', NULL, 0),
(2756, '华宁县', '0', 414, 0, '', 1, 0, '', NULL, 0),
(2763, '腾冲县', '0', 415, 0, '', 1, 0, '', NULL, 0),
(2767, '鲁甸县', '0', 416, 0, '', 1, 0, '', NULL, 0),
(2770, '大关县', '0', 416, 0, '', 1, 0, '', NULL, 0),
(2774, '彝良县', '0', 416, 0, '', 1, 0, '', NULL, 0),
(2778, '玉龙纳西族自治县', '0', 417, 0, '', 1, 0, '', NULL, 0),
(2785, '景东彝族自治县', '0', 418, 0, '', 1, 0, '', NULL, 0),
(2789, '孟连傣族拉祜族佤族自治县', '0', 418, 0, '', 1, 0, '', NULL, 0),
(2792, '临翔区', '0', 419, 0, '', 1, 0, '', NULL, 0),
(2796, '镇康县', '0', 419, 0, '', 1, 0, '', NULL, 0),
(2800, '楚雄市', '0', 420, 0, '', 1, 0, '', NULL, 0),
(2804, '姚安县', '0', 420, 0, '', 1, 0, '', NULL, 0),
(2808, '武定县', '0', 420, 0, '', 1, 0, '', NULL, 0),
(2811, '开远市', '0', 421, 0, '', 1, 0, '', NULL, 0),
(2815, '石屏县', '0', 421, 0, '', 1, 0, '', NULL, 0),
(2819, '红河县', '0', 421, 0, '', 1, 0, '', NULL, 0),
(2822, '河口瑶族自治县', '0', 421, 0, '', 1, 0, '', NULL, 0),
(2826, '麻栗坡县', '0', 422, 0, '', 1, 0, '', NULL, 0),
(2833, '勐腊县', '0', 423, 0, '', 1, 0, '', NULL, 0),
(2837, '宾川县', '0', 424, 0, '', 1, 0, '', NULL, 0),
(2840, '巍山彝族回族自治县', '0', 424, 0, '', 1, 0, '', NULL, 0),
(2844, '剑川县', '0', 424, 0, '', 1, 0, '', NULL, 0),
(2859, '林周县', '0', 428, 0, '', 1, 0, '', NULL, 0),
(2862, '曲水县', '0', 428, 0, '', 1, 0, '', NULL, 0),
(2866, '昌都县', '0', 429, 0, '', 1, 0, '', NULL, 0),
(2873, '左贡县', '0', 429, 0, '', 1, 0, '', NULL, 0),
(2877, '乃东县', '0', 430, 0, '', 1, 0, '', NULL, 0),
(2880, '桑日县', '0', 430, 0, '', 1, 0, '', NULL, 0),
(2884, '洛扎县', '0', 430, 0, '', 1, 0, '', NULL, 0),
(2888, '浪卡子县', '0', 430, 0, '', 1, 0, '', NULL, 0),
(2891, '江孜县', '0', 431, 0, '', 1, 0, '', NULL, 0),
(2895, '昂仁县', '0', 431, 0, '', 1, 0, '', NULL, 0),
(2899, '康马县', '0', 431, 0, '', 1, 0, '', NULL, 0),
(2903, '吉隆县', '0', 431, 0, '', 1, 0, '', NULL, 0),
(2907, '那曲县', '0', 432, 0, '', 1, 0, '', NULL, 0),
(2910, '聂荣县', '0', 432, 0, '', 1, 0, '', NULL, 0),
(2914, '班戈县', '0', 432, 0, '', 1, 0, '', NULL, 0),
(2918, '札达县', '0', 433, 0, '', 1, 0, '', NULL, 0),
(2921, '革吉县', '0', 433, 0, '', 1, 0, '', NULL, 0),
(2925, '工布江达县', '0', 434, 0, '', 1, 0, '', NULL, 0),
(2929, '察隅县', '0', 434, 0, '', 1, 0, '', NULL, 0),
(2932, '碑林区', '0', 435, 0, '', 1, 0, '', NULL, 0),
(2936, '雁塔区', '0', 435, 0, '', 1, 0, '', NULL, 0),
(2943, '高陵县', '0', 435, 0, '', 1, 0, '', NULL, 0),
(2947, '宜君县', '0', 436, 0, '', 1, 0, '', NULL, 0),
(2950, '陈仓区', '0', 437, 0, '', 1, 0, '', NULL, 0),
(2954, '眉县', '0', 437, 0, '', 1, 0, '', NULL, 0),
(2958, '凤县', '0', 437, 0, '', 1, 0, '', NULL, 0),
(2961, '杨凌区', '0', 438, 0, '', 1, 0, '', NULL, 0),
(2965, '乾县', '0', 438, 0, '', 1, 0, '', NULL, 0),
(2969, '长武县', '0', 438, 0, '', 1, 0, '', NULL, 0),
(2972, '武功县', '0', 438, 0, '', 1, 0, '', NULL, 0),
(2976, '潼关县', '0', 439, 0, '', 1, 0, '', NULL, 0),
(2983, '韩城市', '0', 439, 0, '', 1, 0, '', NULL, 0),
(2987, '延川县', '0', 440, 0, '', 1, 0, '', NULL, 0),
(2990, '志丹县', '0', 440, 0, '', 1, 0, '', NULL, 0),
(2994, '洛川县', '0', 440, 0, '', 1, 0, '', NULL, 0),
(2998, '汉台区', '0', 441, 0, '', 1, 0, '', NULL, 0),
(3001, '洋县', '0', 441, 0, '', 1, 0, '', NULL, 0),
(3005, '略阳县', '0', 441, 0, '', 1, 0, '', NULL, 0),
(3009, '榆阳区', '0', 442, 0, '', 1, 0, '', NULL, 0),
(3012, '横山县', '0', 442, 0, '', 1, 0, '', NULL, 0),
(3016, '米脂县', '0', 442, 0, '', 1, 0, '', NULL, 0),
(3023, '石泉县', '0', 443, 0, '', 1, 0, '', NULL, 0),
(3027, '平利县', '0', 443, 0, '', 1, 0, '', NULL, 0),
(3030, '白河县', '0', 443, 0, '', 1, 0, '', NULL, 0),
(3034, '商南县', '0', 444, 0, '', 1, 0, '', NULL, 0),
(3038, '城关区', '0', 445, 0, '', 1, 0, '', NULL, 0),
(3041, '安宁区', '0', 445, 0, '', 1, 0, '', NULL, 0),
(3045, '榆中县', '0', 445, 0, '', 1, 0, '', NULL, 0),
(3049, '平川区', '0', 448, 0, '', 1, 0, '', NULL, 0),
(3052, '景泰县', '0', 448, 0, '', 1, 0, '', NULL, 0),
(3056, '秦安县', '0', 449, 0, '', 1, 0, '', NULL, 0),
(3063, '天祝藏族自治县', '0', 450, 0, '', 1, 0, '', NULL, 0),
(3067, '临泽县', '0', 451, 0, '', 1, 0, '', NULL, 0),
(3070, '崆峒区', '0', 452, 0, '', 1, 0, '', NULL, 0),
(3074, '华亭县', '0', 452, 0, '', 1, 0, '', NULL, 0),
(3078, '金塔县', '0', 453, 0, '', 1, 0, '', NULL, 0),
(3081, '阿克塞哈萨克族自治县', '0', 453, 0, '', 1, 0, '', NULL, 0),
(3085, '庆城县', '0', 454, 0, '', 1, 0, '', NULL, 0),
(3089, '正宁县', '0', 454, 0, '', 1, 0, '', NULL, 0),
(3092, '安定区', '0', 455, 0, '', 1, 0, '', NULL, 0),
(3096, '临洮县', '0', 455, 0, '', 1, 0, '', NULL, 0),
(3100, '成县', '0', 456, 0, '', 1, 0, '', NULL, 0),
(3104, '西和县', '0', 456, 0, '', 1, 0, '', NULL, 0),
(3108, '临夏市', '0', 457, 0, '', 1, 0, '', NULL, 0),
(3111, '永靖县', '0', 457, 0, '', 1, 0, '', NULL, 0),
(3115, '积石山保安族东乡族撒拉族自治县', '0', 457, 0, '', 1, 0, '', NULL, 0),
(3119, '舟曲县', '0', 458, 0, '', 1, 0, '', NULL, 0),
(3122, '碌曲县', '0', 458, 0, '', 1, 0, '', NULL, 0),
(3126, '城西区', '0', 459, 0, '', 1, 0, '', NULL, 0),
(3133, '乐都县', '0', 460, 0, '', 1, 0, '', NULL, 0),
(3137, '门源回族自治县', '0', 461, 0, '', 1, 0, '', NULL, 0),
(3140, '刚察县', '0', 461, 0, '', 1, 0, '', NULL, 0),
(3144, '河南蒙古族自治县', '0', 462, 0, '', 1, 0, '', NULL, 0),
(3148, '兴海县', '0', 463, 0, '', 1, 0, '', NULL, 0),
(3151, '班玛县', '0', 464, 0, '', 1, 0, '', NULL, 0),
(3155, '玛多县', '0', 464, 0, '', 1, 0, '', NULL, 0),
(3159, '治多县', '0', 465, 0, '', 1, 0, '', NULL, 0),
(3162, '格尔木市', '0', 466, 0, '', 1, 0, '', NULL, 0),
(3166, '天峻县', '0', 466, 0, '', 1, 0, '', NULL, 0),
(3173, '大武口区', '0', 468, 0, '', 1, 0, '', NULL, 0),
(3177, '盐池县', '0', 469, 0, '', 1, 0, '', NULL, 0),
(3180, '原州区', '0', 470, 0, '', 1, 0, '', NULL, 0),
(3184, '彭阳县', '0', 470, 0, '', 1, 0, '', NULL, 0),
(3188, '天山区', '0', 472, 0, '', 1, 0, '', NULL, 0),
(3191, '水磨沟区', '0', 472, 0, '', 1, 0, '', NULL, 0),
(3195, '乌鲁木齐县', '0', 472, 0, '', 1, 0, '', NULL, 0),
(3199, '乌尔禾区', '0', 473, 0, '', 1, 0, '', NULL, 0),
(3203, '哈密市', '0', 475, 0, '', 1, 0, '', NULL, 0),
(3207, '阜康市', '0', 476, 0, '', 1, 0, '', NULL, 0),
(3210, '玛纳斯县', '0', 476, 0, '', 1, 0, '', NULL, 0),
(3214, '博乐市', '0', 477, 0, '', 1, 0, '', NULL, 0),
(3218, '轮台县', '0', 478, 0, '', 1, 0, '', NULL, 0),
(3221, '且末县', '0', 478, 0, '', 1, 0, '', NULL, 0),
(3225, '博湖县', '0', 478, 0, '', 1, 0, '', NULL, 0),
(3228, '库车县', '0', 479, 0, '', 1, 0, '', NULL, 0),
(3229, '沙雅县', '0', 479, 0, '', 1, 0, '', NULL, 0),
(3232, '乌什县', '0', 479, 0, '', 1, 0, '', NULL, 0),
(3236, '阿克陶县', '0', 480, 0, '', 1, 0, '', NULL, 0),
(3242, '英吉沙县', '0', 481, 0, '', 1, 0, '', NULL, 0),
(3243, '泽普县', '0', 481, 0, '', 1, 0, '', NULL, 0),
(3247, '岳普湖县', '0', 481, 0, '', 1, 0, '', NULL, 0),
(3250, '塔什库尔干塔吉克自治县', '0', 481, 0, '', 1, 0, '', NULL, 0),
(3254, '皮山县', '0', 482, 0, '', 1, 0, '', NULL, 0),
(3258, '民丰县', '0', 482, 0, '', 1, 0, '', NULL, 0),
(3261, '伊宁县', '0', 483, 0, '', 1, 0, '', NULL, 0),
(3265, '新源县', '0', 483, 0, '', 1, 0, '', NULL, 0),
(3269, '塔城市', '0', 484, 0, '', 1, 0, '', NULL, 0),
(3272, '沙湾县', '0', 484, 0, '', 1, 0, '', NULL, 0),
(3276, '阿勒泰市', '0', 485, 0, '', 1, 0, '', NULL, 0),
(3, '上海市', '0', 0, 0, '', 1, 0, '', NULL, 0),
(7, '山西省', '0', 0, 0, '', 1, 0, '', NULL, 0),
(10, '吉林省', '0', 0, 0, '', 1, 0, '', NULL, 0),
(14, '安徽省', '0', 0, 0, '', 1, 0, '', NULL, 0),
(18, '河南省', '0', 0, 0, '', 1, 0, '', NULL, 0),
(21, '广东省', '0', 0, 0, '', 1, 0, '', NULL, 0),
(25, '贵州省', '0', 0, 0, '', 1, 0, '', NULL, 0),
(29, '甘肃省', '0', 0, 0, '', 1, 0, '', NULL, 0),
(32, '新疆', '0', 0, 0, '', 1, 0, '', NULL, 0),
(36, '东城区', '0', 2, 0, '', 1, 0, '', NULL, 0),
(43, '门头沟区', '0', 2, 0, '', 1, 0, '', NULL, 0),
(47, '昌平区', '0', 2, 0, '', 1, 0, '', NULL, 0),
(50, '平谷区', '0', 2, 0, '', 1, 0, '', NULL, 0),
(54, '卢湾区', '0', 3, 0, '', 1, 0, '', NULL, 0),
(58, '普陀区', '0', 3, 0, '', 1, 0, '', NULL, 0),
(61, '杨浦区', '0', 3, 0, '', 1, 0, '', NULL, 0),
(65, '浦东新区', '0', 3, 0, '', 1, 0, '', NULL, 0),
(69, '南汇区', '0', 3, 0, '', 1, 0, '', NULL, 0),
(72, '和平区', '0', 4, 0, '', 1, 0, '', NULL, 0),
(76, '河北区', '0', 4, 0, '', 1, 0, '', NULL, 0),
(83, '津南区', '0', 4, 0, '', 1, 0, '', NULL, 0),
(87, '宁河县', '0', 4, 0, '', 1, 0, '', NULL, 0),
(90, '万州区', '0', 5, 0, '', 1, 0, '', NULL, 0),
(94, '江北区', '0', 5, 0, '', 1, 0, '', NULL, 0),
(98, '北碚区', '0', 5, 0, '', 1, 0, '', NULL, 0),
(102, '巴南区', '0', 5, 0, '', 1, 0, '', NULL, 0),
(106, '潼南县', '0', 5, 0, '', 1, 0, '', NULL, 0),
(113, '丰都县', '0', 5, 0, '', 1, 0, '', NULL, 0),
(117, '开县', '0', 5, 0, '', 1, 0, '', NULL, 0),
(120, '巫山县', '0', 5, 0, '', 1, 0, '', NULL, 0),
(124, '酉阳县', '0', 5, 0, '', 1, 0, '', NULL, 0),
(128, '永川区', '0', 5, 0, '', 1, 0, '', NULL, 0),
(131, '唐山市', '0', 6, 0, '', 1, 0, '', NULL, 0),
(135, '保定市', '0', 6, 0, '', 1, 0, '', NULL, 0),
(139, '廊坊市', '0', 6, 0, '', 1, 0, '', NULL, 0),
(142, '大同市', '0', 7, 0, '', 1, 0, '', NULL, 0),
(146, '朔州市', '0', 7, 0, '', 1, 0, '', NULL, 0),
(153, '包头市', '0', 8, 0, '', 1, 0, '', NULL, 0),
(157, '鄂尔多斯市', '0', 8, 0, '', 1, 0, '', NULL, 0),
(160, '乌兰察布市', '0', 8, 0, '', 1, 0, '', NULL, 0),
(164, '沈阳市', '0', 9, 0, '', 1, 0, '', NULL, 0),
(168, '本溪市', '0', 9, 0, '', 1, 0, '', NULL, 0),
(170, '锦州市', '0', 9, 0, '', 1, 0, '', NULL, 0),
(171, '营口市', '0', 9, 0, '', 1, 0, '', NULL, 0),
(172, '阜新市', '0', 9, 0, '', 1, 0, '', NULL, 0),
(175, '铁岭市', '0', 9, 0, '', 1, 0, '', NULL, 0),
(179, '吉林市', '0', 10, 0, '', 1, 0, '', NULL, 0),
(182, '通化市', '0', 10, 0, '', 1, 0, '', NULL, 0),
(186, '延边', '0', 10, 0, '', 1, 0, '', NULL, 0),
(193, '伊春市', '0', 11, 0, '', 1, 0, '', NULL, 0),
(197, '黑河市', '0', 11, 0, '', 1, 0, '', NULL, 0),
(201, '无锡市', '0', 12, 0, '', 1, 0, '', NULL, 0),
(205, '南通市', '0', 12, 0, '', 1, 0, '', NULL, 0),
(209, '扬州市', '0', 12, 0, '', 1, 0, '', NULL, 0),
(212, '宿迁市', '0', 12, 0, '', 1, 0, '', NULL, 0),
(216, '嘉兴市', '0', 13, 0, '', 1, 0, '', NULL, 0),
(223, '丽水市', '0', 13, 0, '', 1, 0, '', NULL, 0),
(227, '淮南市', '0', 14, 0, '', 1, 0, '', NULL, 0),
(230, '铜陵市', '0', 14, 0, '', 1, 0, '', NULL, 0),
(234, '阜阳市', '0', 14, 0, '', 1, 0, '', NULL, 0),
(238, '亳州市', '0', 14, 0, '', 1, 0, '', NULL, 0),
(241, '福州市', '0', 15, 0, '', 1, 0, '', NULL, 0),
(245, '泉州市', '0', 15, 0, '', 1, 0, '', NULL, 0),
(249, '宁德市', '0', 15, 0, '', 1, 0, '', NULL, 0),
(252, '萍乡市', '0', 16, 0, '', 1, 0, '', NULL, 0),
(258, '宜春市', '0', 16, 0, '', 1, 0, '', NULL, 0),
(259, '抚州市', '0', 16, 0, '', 1, 0, '', NULL, 0),
(260, '上饶市', '0', 16, 0, '', 1, 0, '', NULL, 0),
(263, '淄博市', '0', 17, 0, '', 1, 0, '', NULL, 0),
(265, '东营市', '0', 17, 0, '', 1, 0, '', NULL, 0),
(267, '潍坊市', '0', 17, 0, '', 1, 0, '', NULL, 0),
(270, '威海市', '0', 17, 0, '', 1, 0, '', NULL, 0),
(274, '德州市', '0', 17, 0, '', 1, 0, '', NULL, 0),
(278, '郑州市', '0', 18, 0, '', 1, 0, '', NULL, 0),
(319, '张家界市', '0', 20, 0, '', 1, 0, '', NULL, 0),
(322, '永州市', '0', 20, 0, '', 1, 0, '', NULL, 0),
(326, '广州市', '0', 21, 0, '', 1, 0, '', NULL, 0),
(333, '湛江市', '0', 21, 0, '', 1, 0, '', NULL, 0),
(337, '梅州市', '0', 21, 0, '', 1, 0, '', NULL, 0),
(340, '阳江市', '0', 21, 0, '', 1, 0, '', NULL, 0),
(344, '潮州市', '0', 21, 0, '', 1, 0, '', NULL, 0),
(348, '柳州市', '0', 22, 0, '', 1, 0, '', NULL, 0),
(351, '北海市', '0', 22, 0, '', 1, 0, '', NULL, 0),
(355, '玉林市', '0', 22, 0, '', 1, 0, '', NULL, 0),
(359, '来宾市', '0', 22, 0, '', 1, 0, '', NULL, 0),
(362, '三亚市', '0', 23, 0, '', 1, 0, '', NULL, 0),
(366, '文昌市', '0', 23, 0, '', 1, 0, '', NULL, 0),
(373, '白沙黎族自治县', '0', 23, 0, '', 1, 0, '', NULL, 0),
(377, '保亭黎族苗族自治县', '0', 23, 0, '', 1, 0, '', NULL, 0),
(380, '南沙群岛', '0', 23, 0, '', 1, 0, '', NULL, 0),
(384, '攀枝花市', '0', 24, 0, '', 1, 0, '', NULL, 0),
(388, '广元市', '0', 24, 0, '', 1, 0, '', NULL, 0),
(391, '乐山市', '0', 24, 0, '', 1, 0, '', NULL, 0),
(395, '广安市', '0', 24, 0, '', 1, 0, '', NULL, 0),
(399, '资阳市', '0', 24, 0, '', 1, 0, '', NULL, 0),
(403, '贵阳市', '0', 25, 0, '', 1, 0, '', NULL, 0),
(407, '铜仁地区', '0', 25, 0, '', 1, 0, '', NULL, 0),
(410, '黔东南州', '0', 25, 0, '', 1, 0, '', NULL, 0),
(414, '玉溪市', '0', 26, 0, '', 1, 0, '', NULL, 0),
(432, '那曲', '0', 27, 0, '', 1, 0, '', NULL, 0),
(436, '铜川市', '0', 28, 0, '', 1, 0, '', NULL, 0),
(443, '安康市', '0', 28, 0, '', 1, 0, '', NULL, 0),
(447, '金昌市', '0', 29, 0, '', 1, 0, '', NULL, 0),
(450, '武威市', '0', 29, 0, '', 1, 0, '', NULL, 0),
(454, '庆阳市', '0', 29, 0, '', 1, 0, '', NULL, 0),
(461, '海州', '0', 30, 0, '', 1, 0, '', NULL, 0),
(465, '玉树州', '0', 30, 0, '', 1, 0, '', NULL, 0),
(472, '乌鲁木齐市', '0', 32, 0, '', 1, 0, '', NULL, 0),
(476, '昌吉州', '0', 32, 0, '', 1, 0, '', NULL, 0),
(483, '伊犁州', '0', 32, 0, '', 1, 0, '', NULL, 0),
(487, '阿拉尔市', '0', 32, 0, '', 1, 0, '', NULL, 0),
(490, '台北市', '0', 33, 0, '', 1, 0, '', NULL, 0),
(494, '台中市', '0', 33, 0, '', 1, 0, '', NULL, 0),
(498, '桃园县', '0', 33, 0, '', 1, 0, '', NULL, 0),
(502, '彰化县', '0', 33, 0, '', 1, 0, '', NULL, 0),
(506, '台南县', '0', 33, 0, '', 1, 0, '', NULL, 0),
(513, '金门县', '0', 33, 0, '', 1, 0, '', NULL, 0),
(517, '南区', '0', 34, 0, '', 1, 0, '', NULL, 0),
(520, '观塘区', '0', 34, 0, '', 1, 0, '', NULL, 0),
(524, '离岛区', '0', 34, 0, '', 1, 0, '', NULL, 0),
(528, '沙田区', '0', 34, 0, '', 1, 0, '', NULL, 0),
(531, '屯门区', '0', 34, 0, '', 1, 0, '', NULL, 0),
(535, '大堂区', '0', 35, 0, '', 1, 0, '', NULL, 0),
(539, '圣方济各堂区', '0', 35, 0, '', 1, 0, '', NULL, 0),
(542, '桥西区', '0', 130, 0, '', 1, 0, '', NULL, 0),
(546, '井陉县', '0', 130, 0, '', 1, 0, '', NULL, 0),
(553, '赞皇县', '0', 130, 0, '', 1, 0, '', NULL, 0),
(557, '赵县', '0', 130, 0, '', 1, 0, '', NULL, 0),
(560, '晋州市', '0', 130, 0, '', 1, 0, '', NULL, 0),
(564, '路北区', '0', 131, 0, '', 1, 0, '', NULL, 0),
(568, '丰润区', '0', 131, 0, '', 1, 0, '', NULL, 0),
(571, '乐亭县', '0', 131, 0, '', 1, 0, '', NULL, 0),
(575, '遵化市', '0', 131, 0, '', 1, 0, '', NULL, 0),
(579, '北戴河区', '0', 132, 0, '', 1, 0, '', NULL, 0),
(605, '邢台县', '0', 134, 0, '', 1, 0, '', NULL, 0),
(609, '隆尧县', '0', 134, 0, '', 1, 0, '', NULL, 0),
(612, '宁晋县', '0', 134, 0, '', 1, 0, '', NULL, 0),
(616, '平乡县', '0', 134, 0, '', 1, 0, '', NULL, 0),
(623, '北市区', '0', 135, 0, '', 1, 0, '', NULL, 0),
(626, '清苑县', '0', 135, 0, '', 1, 0, '', NULL, 0),
(627, '涞水县', '0', 135, 0, '', 1, 0, '', NULL, 0),
(628, '阜平县', '0', 135, 0, '', 1, 0, '', NULL, 0),
(629, '徐水县', '0', 135, 0, '', 1, 0, '', NULL, 0),
(630, '定兴县', '0', 135, 0, '', 1, 0, '', NULL, 0),
(631, '唐县', '0', 135, 0, '', 1, 0, '', NULL, 0),
(633, '容城县', '0', 135, 0, '', 1, 0, '', NULL, 0),
(634, '涞源县', '0', 135, 0, '', 1, 0, '', NULL, 0),
(638, '曲阳县', '0', 135, 0, '', 1, 0, '', NULL, 0),
(641, '博野县', '0', 135, 0, '', 1, 0, '', NULL, 0),
(645, '安国市', '0', 135, 0, '', 1, 0, '', NULL, 0),
(649, '宣化区', '0', 136, 0, '', 1, 0, '', NULL, 0),
(652, '张北县', '0', 136, 0, '', 1, 0, '', NULL, 0),
(656, '蔚县', '0', 136, 0, '', 1, 0, '', NULL, 0),
(663, '崇礼县', '0', 136, 0, '', 1, 0, '', NULL, 0),
(667, '承德县', '0', 137, 0, '', 1, 0, '', NULL, 0),
(670, '滦平县', '0', 137, 0, '', 1, 0, '', NULL, 0),
(674, '围场县', '0', 137, 0, '', 1, 0, '', NULL, 0),
(678, '青县', '0', 138, 0, '', 1, 0, '', NULL, 0),
(681, '盐山县', '0', 138, 0, '', 1, 0, '', NULL, 0),
(696, '大城县', '0', 139, 0, '', 1, 0, '', NULL, 0),
(700, '三河市', '0', 139, 0, '', 1, 0, '', NULL, 0),
(704, '武强县', '0', 140, 0, '', 1, 0, '', NULL, 0),
(722, '城区', '0', 142, 0, '', 1, 0, '', NULL, 0),
(726, '阳高县', '0', 142, 0, '', 1, 0, '', NULL, 0),
(731, '左云县', '0', 142, 0, '', 1, 0, '', NULL, 0),
(733, '城区', '0', 143, 0, '', 1, 0, '', NULL, 0),
(737, '盂县', '0', 143, 0, '', 1, 0, '', NULL, 0),
(740, '长治县', '0', 144, 0, '', 1, 0, '', NULL, 0),
(791, '繁峙县', '0', 149, 0, '', 1, 0, '', NULL, 0),
(795, '五寨县', '0', 149, 0, '', 1, 0, '', NULL, 0),
(799, '偏关县', '0', 149, 0, '', 1, 0, '', NULL, 0),
(803, '翼城县', '0', 150, 0, '', 1, 0, '', NULL, 0),
(807, '安泽县', '0', 150, 0, '', 1, 0, '', NULL, 0),
(810, '乡宁县', '0', 150, 0, '', 1, 0, '', NULL, 0),
(814, '蒲县', '0', 150, 0, '', 1, 0, '', NULL, 0),
(818, '离石区', '0', 151, 0, '', 1, 0, '', NULL, 0),
(821, '兴县', '0', 151, 0, '', 1, 0, '', NULL, 0),
(825, '岚县', '0', 151, 0, '', 1, 0, '', NULL, 0),
(829, '孝义市', '0', 151, 0, '', 1, 0, '', NULL, 0),
(832, '回民区', '0', 152, 0, '', 1, 0, '', NULL, 0),
(836, '托克托县', '0', 152, 0, '', 1, 0, '', NULL, 0),
(843, '石拐区', '0', 153, 0, '', 1, 0, '', NULL, 0),
(847, '固阳县', '0', 153, 0, '', 1, 0, '', NULL, 0),
(850, '海南区', '0', 154, 0, '', 1, 0, '', NULL, 0),
(854, '松山区', '0', 155, 0, '', 1, 0, '', NULL, 0),
(858, '林西县', '0', 155, 0, '', 1, 0, '', NULL, 0),
(861, '喀喇沁旗', '0', 155, 0, '', 1, 0, '', NULL, 0),
(865, '科尔沁左翼中旗', '0', 156, 0, '', 1, 0, '', NULL, 0),
(869, '奈曼旗', '0', 156, 0, '', 1, 0, '', NULL, 0),
(872, '东胜区', '0', 157, 0, '', 1, 0, '', NULL, 0),
(876, '鄂托克旗', '0', 157, 0, '', 1, 0, '', NULL, 0),
(906, '察哈尔右翼前旗', '0', 160, 0, '', 1, 0, '', NULL, 0),
(913, '科尔沁右翼前旗', '0', 161, 0, '', 1, 0, '', NULL, 0),
(917, '二连浩特市', '0', 162, 0, '', 1, 0, '', NULL, 0),
(920, '苏尼特左旗', '0', 162, 0, '', 1, 0, '', NULL, 0),
(924, '太仆寺旗', '0', 162, 0, '', 1, 0, '', NULL, 0),
(928, '多伦县', '0', 162, 0, '', 1, 0, '', NULL, 0),
(961, '海城市', '0', 166, 0, '', 1, 0, '', NULL, 0),
(964, '望花区', '0', 167, 0, '', 1, 0, '', NULL, 0),
(979, '东港市', '0', 169, 0, '', 1, 0, '', NULL, 0),
(982, '凌河区', '0', 170, 0, '', 1, 0, '', NULL, 0),
(986, '凌海市', '0', 170, 0, '', 1, 0, '', NULL, 0),
(993, '大石桥市', '0', 171, 0, '', 1, 0, '', NULL, 0),
(1073, '临江市', '0', 183, 0, '', 1, 0, '', NULL, 0),
(1077, '乾安县', '0', 184, 0, '', 1, 0, '', NULL, 0),
(1080, '镇赉县', '0', 185, 0, '', 1, 0, '', NULL, 0),
(1084, '延吉市', '0', 186, 0, '', 1, 0, '', NULL, 0);
INSERT INTO `jydp_linkage` (`linkageid`, `name`, `style`, `parentid`, `child`, `arrchildid`, `keyid`, `listorder`, `description`, `setting`, `siteid`) VALUES
(1088, '龙井市', '0', 186, 0, '', 1, 0, '', NULL, 0),
(1091, '安图县', '0', 186, 0, '', 1, 0, '', NULL, 0),
(1095, '香坊区', '0', 187, 0, '', 1, 0, '', NULL, 0),
(1099, '呼兰区', '0', 187, 0, '', 1, 0, '', NULL, 0),
(1103, '巴彦县', '0', 187, 0, '', 1, 0, '', NULL, 0),
(1107, '阿城市', '0', 187, 0, '', 1, 0, '', NULL, 0),
(1110, '五常市', '0', 187, 0, '', 1, 0, '', NULL, 0),
(1114, '昂昂溪区', '0', 188, 0, '', 1, 0, '', NULL, 0),
(1118, '龙江县', '0', 188, 0, '', 1, 0, '', NULL, 0),
(1125, '拜泉县', '0', 188, 0, '', 1, 0, '', NULL, 0),
(1129, '滴道区', '0', 189, 0, '', 1, 0, '', NULL, 0),
(1132, '麻山区', '0', 189, 0, '', 1, 0, '', NULL, 0),
(1136, '向阳区', '0', 190, 0, '', 1, 0, '', NULL, 0),
(1143, '绥滨县', '0', 190, 0, '', 1, 0, '', NULL, 0),
(1147, '宝山区', '0', 191, 0, '', 1, 0, '', NULL, 0),
(1150, '宝清县', '0', 191, 0, '', 1, 0, '', NULL, 0),
(1154, '让胡路区', '0', 192, 0, '', 1, 0, '', NULL, 0),
(1158, '肇源县', '0', 192, 0, '', 1, 0, '', NULL, 0),
(1161, '伊春区', '0', 193, 0, '', 1, 0, '', NULL, 0),
(1165, '翠峦区', '0', 193, 0, '', 1, 0, '', NULL, 0),
(1169, '五营区', '0', 193, 0, '', 1, 0, '', NULL, 0),
(1172, '带岭区', '0', 193, 0, '', 1, 0, '', NULL, 0),
(1176, '嘉荫县', '0', 193, 0, '', 1, 0, '', NULL, 0),
(1183, '桦南县', '0', 194, 0, '', 1, 0, '', NULL, 0),
(1187, '同江市', '0', 194, 0, '', 1, 0, '', NULL, 0),
(1190, '桃山区', '0', 195, 0, '', 1, 0, '', NULL, 0),
(1194, '阳明区', '0', 196, 0, '', 1, 0, '', NULL, 0),
(1198, '林口县', '0', 196, 0, '', 1, 0, '', NULL, 0),
(1202, '穆棱市', '0', 196, 0, '', 1, 0, '', NULL, 0),
(1264, '虎丘区', '0', 204, 0, '', 1, 0, '', NULL, 0),
(1268, '张家港市', '0', 204, 0, '', 1, 0, '', NULL, 0),
(1271, '太仓市', '0', 204, 0, '', 1, 0, '', NULL, 0),
(1274, '海安县', '0', 205, 0, '', 1, 0, '', NULL, 0),
(1279, '海门市', '0', 205, 0, '', 1, 0, '', NULL, 0),
(1282, '海州区', '0', 206, 0, '', 1, 0, '', NULL, 0),
(1286, '灌南县', '0', 206, 0, '', 1, 0, '', NULL, 0),
(1308, '仪征市', '0', 209, 0, '', 1, 0, '', NULL, 0),
(1313, '丹徒区', '0', 210, 0, '', 1, 0, '', NULL, 0),
(1315, '扬中市', '0', 210, 0, '', 1, 0, '', NULL, 0),
(1316, '句容市', '0', 210, 0, '', 1, 0, '', NULL, 0),
(1323, '宿城区', '0', 212, 0, '', 1, 0, '', NULL, 0),
(1326, '泗阳县', '0', 212, 0, '', 1, 0, '', NULL, 0),
(1327, '泗洪县', '0', 212, 0, '', 1, 0, '', NULL, 0),
(1334, '萧山区', '0', 213, 0, '', 1, 0, '', NULL, 0),
(1338, '建德市', '0', 213, 0, '', 1, 0, '', NULL, 0),
(1345, '镇海区', '0', 214, 0, '', 1, 0, '', NULL, 0),
(1348, '宁海县', '0', 214, 0, '', 1, 0, '', NULL, 0),
(1349, '余姚市', '0', 214, 0, '', 1, 0, '', NULL, 0),
(1350, '慈溪市', '0', 214, 0, '', 1, 0, '', NULL, 0),
(1352, '鹿城区', '0', 215, 0, '', 1, 0, '', NULL, 0),
(1354, '瓯海区', '0', 215, 0, '', 1, 0, '', NULL, 0),
(1355, '洞头县', '0', 215, 0, '', 1, 0, '', NULL, 0),
(1356, '永嘉县', '0', 215, 0, '', 1, 0, '', NULL, 0),
(1358, '苍南县', '0', 215, 0, '', 1, 0, '', NULL, 0),
(1359, '文成县', '0', 215, 0, '', 1, 0, '', NULL, 0),
(1361, '瑞安市', '0', 215, 0, '', 1, 0, '', NULL, 0),
(1362, '乐清市', '0', 215, 0, '', 1, 0, '', NULL, 0),
(1363, '秀城区', '0', 216, 0, '', 1, 0, '', NULL, 0),
(1365, '嘉善县', '0', 216, 0, '', 1, 0, '', NULL, 0),
(1366, '海盐县', '0', 216, 0, '', 1, 0, '', NULL, 0),
(1367, '海宁市', '0', 216, 0, '', 1, 0, '', NULL, 0),
(1369, '桐乡市', '0', 216, 0, '', 1, 0, '', NULL, 0),
(1370, '吴兴区', '0', 217, 0, '', 1, 0, '', NULL, 0),
(1372, '德清县', '0', 217, 0, '', 1, 0, '', NULL, 0),
(1373, '长兴县', '0', 217, 0, '', 1, 0, '', NULL, 0),
(1376, '绍兴县', '0', 218, 0, '', 1, 0, '', NULL, 0),
(1377, '新昌县', '0', 218, 0, '', 1, 0, '', NULL, 0),
(1378, '诸暨市', '0', 218, 0, '', 1, 0, '', NULL, 0),
(1380, '嵊州市', '0', 218, 0, '', 1, 0, '', NULL, 0),
(1381, '婺城区', '0', 219, 0, '', 1, 0, '', NULL, 0),
(1383, '武义县', '0', 219, 0, '', 1, 0, '', NULL, 0),
(1384, '浦江县', '0', 219, 0, '', 1, 0, '', NULL, 0),
(1385, '磐安县', '0', 219, 0, '', 1, 0, '', NULL, 0),
(1387, '义乌市', '0', 219, 0, '', 1, 0, '', NULL, 0),
(1388, '东阳市', '0', 219, 0, '', 1, 0, '', NULL, 0),
(1389, '永康市', '0', 219, 0, '', 1, 0, '', NULL, 0),
(1390, '柯城区', '0', 220, 0, '', 1, 0, '', NULL, 0),
(1391, '衢江区', '0', 220, 0, '', 1, 0, '', NULL, 0),
(1392, '常山县', '0', 220, 0, '', 1, 0, '', NULL, 0),
(1394, '龙游县', '0', 220, 0, '', 1, 0, '', NULL, 0),
(1395, '江山市', '0', 220, 0, '', 1, 0, '', NULL, 0),
(1396, '定海区', '0', 221, 0, '', 1, 0, '', NULL, 0),
(1398, '岱山县', '0', 221, 0, '', 1, 0, '', NULL, 0),
(1399, '嵊泗县', '0', 221, 0, '', 1, 0, '', NULL, 0),
(1400, '椒江区', '0', 222, 0, '', 1, 0, '', NULL, 0),
(1402, '路桥区', '0', 222, 0, '', 1, 0, '', NULL, 0),
(1403, '玉环县', '0', 222, 0, '', 1, 0, '', NULL, 0),
(1404, '三门县', '0', 222, 0, '', 1, 0, '', NULL, 0),
(1406, '仙居县', '0', 222, 0, '', 1, 0, '', NULL, 0),
(1407, '温岭市', '0', 222, 0, '', 1, 0, '', NULL, 0),
(1408, '临海市', '0', 222, 0, '', 1, 0, '', NULL, 0),
(1410, '青田县', '0', 223, 0, '', 1, 0, '', NULL, 0),
(1411, '缙云县', '0', 223, 0, '', 1, 0, '', NULL, 0),
(1413, '松阳县', '0', 223, 0, '', 1, 0, '', NULL, 0),
(1414, '云和县', '0', 223, 0, '', 1, 0, '', NULL, 0),
(1415, '庆元县', '0', 223, 0, '', 1, 0, '', NULL, 0),
(1417, '龙泉市', '0', 223, 0, '', 1, 0, '', NULL, 0),
(1418, '瑶海区', '0', 224, 0, '', 1, 0, '', NULL, 0),
(1419, '庐阳区', '0', 224, 0, '', 1, 0, '', NULL, 0),
(1420, '蜀山区', '0', 224, 0, '', 1, 0, '', NULL, 0),
(1421, '包河区', '0', 224, 0, '', 1, 0, '', NULL, 0),
(1422, '长丰县', '0', 224, 0, '', 1, 0, '', NULL, 0),
(1424, '肥西县', '0', 224, 0, '', 1, 0, '', NULL, 0),
(1425, '镜湖区', '0', 225, 0, '', 1, 0, '', NULL, 0),
(1426, '弋江区', '0', 225, 0, '', 1, 0, '', NULL, 0),
(1428, '三山区', '0', 225, 0, '', 1, 0, '', NULL, 0),
(1429, '芜湖县', '0', 225, 0, '', 1, 0, '', NULL, 0),
(1431, '南陵县', '0', 225, 0, '', 1, 0, '', NULL, 0),
(1432, '龙子湖区', '0', 226, 0, '', 1, 0, '', NULL, 0),
(1433, '蚌山区', '0', 226, 0, '', 1, 0, '', NULL, 0),
(1435, '淮上区', '0', 226, 0, '', 1, 0, '', NULL, 0),
(1436, '怀远县', '0', 226, 0, '', 1, 0, '', NULL, 0),
(1437, '五河县', '0', 226, 0, '', 1, 0, '', NULL, 0),
(1439, '大通区', '0', 227, 0, '', 1, 0, '', NULL, 0),
(1440, '田家庵区', '0', 227, 0, '', 1, 0, '', NULL, 0),
(1442, '八公山区', '0', 227, 0, '', 1, 0, '', NULL, 0),
(1443, '潘集区', '0', 227, 0, '', 1, 0, '', NULL, 0),
(1444, '凤台县', '0', 227, 0, '', 1, 0, '', NULL, 0),
(1446, '花山区', '0', 228, 0, '', 1, 0, '', NULL, 0),
(1447, '雨山区', '0', 228, 0, '', 1, 0, '', NULL, 0),
(1448, '当涂县', '0', 228, 0, '', 1, 0, '', NULL, 0),
(1450, '相山区', '0', 229, 0, '', 1, 0, '', NULL, 0),
(1451, '烈山区', '0', 229, 0, '', 1, 0, '', NULL, 0),
(1453, '铜官山区', '0', 230, 0, '', 1, 0, '', NULL, 0),
(1454, '狮子山区', '0', 230, 0, '', 1, 0, '', NULL, 0),
(1455, '郊区', '0', 230, 0, '', 1, 0, '', NULL, 0),
(1456, '铜陵县', '0', 230, 0, '', 1, 0, '', NULL, 0),
(1457, '迎江区', '0', 231, 0, '', 1, 0, '', NULL, 0),
(1458, '大观区', '0', 231, 0, '', 1, 0, '', NULL, 0),
(1459, '宜秀区', '0', 231, 0, '', 1, 0, '', NULL, 0),
(1460, '怀宁县', '0', 231, 0, '', 1, 0, '', NULL, 0),
(1461, '枞阳县', '0', 231, 0, '', 1, 0, '', NULL, 0),
(1462, '潜山县', '0', 231, 0, '', 1, 0, '', NULL, 0),
(1463, '太湖县', '0', 231, 0, '', 1, 0, '', NULL, 0),
(1464, '宿松县', '0', 231, 0, '', 1, 0, '', NULL, 0),
(1465, '望江县', '0', 231, 0, '', 1, 0, '', NULL, 0),
(1466, '岳西县', '0', 231, 0, '', 1, 0, '', NULL, 0),
(1467, '桐城市', '0', 231, 0, '', 1, 0, '', NULL, 0),
(1468, '屯溪区', '0', 232, 0, '', 1, 0, '', NULL, 0),
(1469, '黄山区', '0', 232, 0, '', 1, 0, '', NULL, 0),
(1470, '徽州区', '0', 232, 0, '', 1, 0, '', NULL, 0),
(1471, '歙县', '0', 232, 0, '', 1, 0, '', NULL, 0),
(1472, '休宁县', '0', 232, 0, '', 1, 0, '', NULL, 0),
(1473, '黟县', '0', 232, 0, '', 1, 0, '', NULL, 0),
(1474, '祁门县', '0', 232, 0, '', 1, 0, '', NULL, 0),
(1475, '琅琊区', '0', 233, 0, '', 1, 0, '', NULL, 0),
(1476, '南谯区', '0', 233, 0, '', 1, 0, '', NULL, 0),
(1477, '来安县', '0', 233, 0, '', 1, 0, '', NULL, 0),
(1478, '全椒县', '0', 233, 0, '', 1, 0, '', NULL, 0),
(1479, '定远县', '0', 233, 0, '', 1, 0, '', NULL, 0),
(1480, '凤阳县', '0', 233, 0, '', 1, 0, '', NULL, 0),
(1481, '天长市', '0', 233, 0, '', 1, 0, '', NULL, 0),
(1482, '明光市', '0', 233, 0, '', 1, 0, '', NULL, 0),
(1483, '颍州区', '0', 234, 0, '', 1, 0, '', NULL, 0),
(1484, '颍东区', '0', 234, 0, '', 1, 0, '', NULL, 0),
(1485, '颍泉区', '0', 234, 0, '', 1, 0, '', NULL, 0),
(1486, '临泉县', '0', 234, 0, '', 1, 0, '', NULL, 0),
(1487, '太和县', '0', 234, 0, '', 1, 0, '', NULL, 0),
(1488, '阜南县', '0', 234, 0, '', 1, 0, '', NULL, 0),
(1489, '颍上县', '0', 234, 0, '', 1, 0, '', NULL, 0),
(1490, '界首市', '0', 234, 0, '', 1, 0, '', NULL, 0),
(1491, '埇桥区', '0', 235, 0, '', 1, 0, '', NULL, 0),
(1492, '砀山县', '0', 235, 0, '', 1, 0, '', NULL, 0),
(1493, '萧县', '0', 235, 0, '', 1, 0, '', NULL, 0),
(1494, '灵璧县', '0', 235, 0, '', 1, 0, '', NULL, 0),
(1495, '泗县', '0', 235, 0, '', 1, 0, '', NULL, 0),
(1496, '居巢区', '0', 236, 0, '', 1, 0, '', NULL, 0),
(1497, '庐江县', '0', 236, 0, '', 1, 0, '', NULL, 0),
(1498, '无为县', '0', 236, 0, '', 1, 0, '', NULL, 0),
(1499, '含山县', '0', 236, 0, '', 1, 0, '', NULL, 0),
(1500, '和县', '0', 236, 0, '', 1, 0, '', NULL, 0),
(1501, '金安区', '0', 237, 0, '', 1, 0, '', NULL, 0),
(1502, '裕安区', '0', 237, 0, '', 1, 0, '', NULL, 0),
(1503, '寿县', '0', 237, 0, '', 1, 0, '', NULL, 0),
(1504, '霍邱县', '0', 237, 0, '', 1, 0, '', NULL, 0),
(1505, '舒城县', '0', 237, 0, '', 1, 0, '', NULL, 0),
(1506, '金寨县', '0', 237, 0, '', 1, 0, '', NULL, 0),
(1507, '霍山县', '0', 237, 0, '', 1, 0, '', NULL, 0),
(1508, '谯城区', '0', 238, 0, '', 1, 0, '', NULL, 0),
(1509, '涡阳县', '0', 238, 0, '', 1, 0, '', NULL, 0),
(1510, '蒙城县', '0', 238, 0, '', 1, 0, '', NULL, 0),
(1511, '利辛县', '0', 238, 0, '', 1, 0, '', NULL, 0),
(1512, '贵池区', '0', 239, 0, '', 1, 0, '', NULL, 0),
(1513, '东至县', '0', 239, 0, '', 1, 0, '', NULL, 0),
(1514, '石台县', '0', 239, 0, '', 1, 0, '', NULL, 0),
(1515, '青阳县', '0', 239, 0, '', 1, 0, '', NULL, 0),
(1516, '宣州区', '0', 240, 0, '', 1, 0, '', NULL, 0),
(1517, '郎溪县', '0', 240, 0, '', 1, 0, '', NULL, 0),
(1518, '广德县', '0', 240, 0, '', 1, 0, '', NULL, 0),
(1519, '泾县', '0', 240, 0, '', 1, 0, '', NULL, 0),
(1520, '绩溪县', '0', 240, 0, '', 1, 0, '', NULL, 0),
(1521, '旌德县', '0', 240, 0, '', 1, 0, '', NULL, 0),
(1522, '宁国市', '0', 240, 0, '', 1, 0, '', NULL, 0),
(1523, '鼓楼区', '0', 241, 0, '', 1, 0, '', NULL, 0),
(1524, '台江区', '0', 241, 0, '', 1, 0, '', NULL, 0),
(1525, '仓山区', '0', 241, 0, '', 1, 0, '', NULL, 0),
(1526, '马尾区', '0', 241, 0, '', 1, 0, '', NULL, 0),
(1527, '晋安区', '0', 241, 0, '', 1, 0, '', NULL, 0),
(1528, '闽侯县', '0', 241, 0, '', 1, 0, '', NULL, 0),
(1529, '连江县', '0', 241, 0, '', 1, 0, '', NULL, 0),
(1530, '罗源县', '0', 241, 0, '', 1, 0, '', NULL, 0),
(1531, '闽清县', '0', 241, 0, '', 1, 0, '', NULL, 0),
(1532, '永泰县', '0', 241, 0, '', 1, 0, '', NULL, 0),
(1535, '长乐市', '0', 241, 0, '', 1, 0, '', NULL, 0),
(1536, '思明区', '0', 242, 0, '', 1, 0, '', NULL, 0),
(1541, '翔安区', '0', 242, 0, '', 1, 0, '', NULL, 0),
(1542, '城厢区', '0', 243, 0, '', 1, 0, '', NULL, 0),
(1543, '涵江区', '0', 243, 0, '', 1, 0, '', NULL, 0),
(1547, '梅列区', '0', 244, 0, '', 1, 0, '', NULL, 0),
(1550, '清流县', '0', 244, 0, '', 1, 0, '', NULL, 0),
(1554, '沙县', '0', 244, 0, '', 1, 0, '', NULL, 0),
(1558, '永安市', '0', 244, 0, '', 1, 0, '', NULL, 0),
(1561, '洛江区', '0', 245, 0, '', 1, 0, '', NULL, 0),
(1565, '永春县', '0', 245, 0, '', 1, 0, '', NULL, 0),
(1568, '石狮市', '0', 245, 0, '', 1, 0, '', NULL, 0),
(1569, '晋江市', '0', 245, 0, '', 1, 0, '', NULL, 0),
(1570, '南安市', '0', 245, 0, '', 1, 0, '', NULL, 0),
(1572, '龙文区', '0', 246, 0, '', 1, 0, '', NULL, 0),
(1575, '诏安县', '0', 246, 0, '', 1, 0, '', NULL, 0),
(1576, '长泰县', '0', 246, 0, '', 1, 0, '', NULL, 0),
(1583, '顺昌县', '0', 247, 0, '', 1, 0, '', NULL, 0),
(1586, '松溪县', '0', 247, 0, '', 1, 0, '', NULL, 0),
(1587, '政和县', '0', 247, 0, '', 1, 0, '', NULL, 0),
(1588, '邵武市', '0', 247, 0, '', 1, 0, '', NULL, 0),
(1589, '武夷山市', '0', 247, 0, '', 1, 0, '', NULL, 0),
(1590, '建瓯市', '0', 247, 0, '', 1, 0, '', NULL, 0),
(1594, '永定县', '0', 248, 0, '', 1, 0, '', NULL, 0),
(1598, '漳平市', '0', 248, 0, '', 1, 0, '', NULL, 0),
(1601, '古田县', '0', 249, 0, '', 1, 0, '', NULL, 0),
(1602, '屏南县', '0', 249, 0, '', 1, 0, '', NULL, 0),
(1605, '柘荣县', '0', 249, 0, '', 1, 0, '', NULL, 0),
(1606, '福安市', '0', 249, 0, '', 1, 0, '', NULL, 0),
(1609, '西湖区', '0', 250, 0, '', 1, 0, '', NULL, 0),
(1612, '青山湖区', '0', 250, 0, '', 1, 0, '', NULL, 0),
(1613, '南昌县', '0', 250, 0, '', 1, 0, '', NULL, 0),
(1616, '进贤县', '0', 250, 0, '', 1, 0, '', NULL, 0),
(1617, '昌江区', '0', 251, 0, '', 1, 0, '', NULL, 0),
(1620, '乐平市', '0', 251, 0, '', 1, 0, '', NULL, 0),
(1623, '莲花县', '0', 252, 0, '', 1, 0, '', NULL, 0),
(1624, '上栗县', '0', 252, 0, '', 1, 0, '', NULL, 0),
(1627, '浔阳区', '0', 253, 0, '', 1, 0, '', NULL, 0),
(1628, '九江县', '0', 253, 0, '', 1, 0, '', NULL, 0),
(1631, '永修县', '0', 253, 0, '', 1, 0, '', NULL, 0),
(1634, '都昌县', '0', 253, 0, '', 1, 0, '', NULL, 0),
(1635, '湖口县', '0', 253, 0, '', 1, 0, '', NULL, 0),
(1638, '渝水区', '0', 254, 0, '', 1, 0, '', NULL, 0),
(1639, '分宜县', '0', 254, 0, '', 1, 0, '', NULL, 0),
(1641, '余江县', '0', 255, 0, '', 1, 0, '', NULL, 0),
(1642, '贵溪市', '0', 255, 0, '', 1, 0, '', NULL, 0),
(1645, '信丰县', '0', 256, 0, '', 1, 0, '', NULL, 0),
(1646, '大余县', '0', 256, 0, '', 1, 0, '', NULL, 0),
(1649, '安远县', '0', 256, 0, '', 1, 0, '', NULL, 0),
(1652, '全南县', '0', 256, 0, '', 1, 0, '', NULL, 0),
(1653, '宁都县', '0', 256, 0, '', 1, 0, '', NULL, 0),
(1656, '会昌县', '0', 256, 0, '', 1, 0, '', NULL, 0),
(1657, '寻乌县', '0', 256, 0, '', 1, 0, '', NULL, 0),
(1660, '南康市', '0', 256, 0, '', 1, 0, '', NULL, 0),
(1664, '吉水县', '0', 257, 0, '', 1, 0, '', NULL, 0),
(1668, '泰和县', '0', 257, 0, '', 1, 0, '', NULL, 0),
(1671, '安福县', '0', 257, 0, '', 1, 0, '', NULL, 0),
(1675, '奉新县', '0', 258, 0, '', 1, 0, '', NULL, 0),
(1679, '靖安县', '0', 258, 0, '', 1, 0, '', NULL, 0),
(1682, '樟树市', '0', 258, 0, '', 1, 0, '', NULL, 0),
(1692, '资溪县', '0', 259, 0, '', 1, 0, '', NULL, 0),
(1693, '东乡县', '0', 259, 0, '', 1, 0, '', NULL, 0),
(1697, '广丰县', '0', 260, 0, '', 1, 0, '', NULL, 0),
(1701, '弋阳县', '0', 260, 0, '', 1, 0, '', NULL, 0),
(1705, '婺源县', '0', 260, 0, '', 1, 0, '', NULL, 0),
(1723, '城阳区', '0', 262, 0, '', 1, 0, '', NULL, 0),
(1727, '胶南市', '0', 262, 0, '', 1, 0, '', NULL, 0),
(1730, '张店区', '0', 263, 0, '', 1, 0, '', NULL, 0),
(1734, '桓台县', '0', 263, 0, '', 1, 0, '', NULL, 0),
(1738, '薛城区', '0', 264, 0, '', 1, 0, '', NULL, 0),
(1741, '山亭区', '0', 264, 0, '', 1, 0, '', NULL, 0),
(1745, '垦利县', '0', 265, 0, '', 1, 0, '', NULL, 0),
(1749, '福山区', '0', 266, 0, '', 1, 0, '', NULL, 0),
(1752, '长岛县', '0', 266, 0, '', 1, 0, '', NULL, 0),
(1756, '蓬莱市', '0', 266, 0, '', 1, 0, '', NULL, 0),
(1763, '奎文区', '0', 267, 0, '', 1, 0, '', NULL, 0),
(1767, '诸城市', '0', 267, 0, '', 1, 0, '', NULL, 0),
(1770, '高密市', '0', 267, 0, '', 1, 0, '', NULL, 0),
(1774, '微山县', '0', 268, 0, '', 1, 0, '', NULL, 0),
(1778, '汶上县', '0', 268, 0, '', 1, 0, '', NULL, 0),
(1781, '曲阜市', '0', 268, 0, '', 1, 0, '', NULL, 0),
(1785, '岱岳区', '0', 269, 0, '', 1, 0, '', NULL, 0),
(1789, '肥城市', '0', 269, 0, '', 1, 0, '', NULL, 0),
(1792, '荣成市', '0', 270, 0, '', 1, 0, '', NULL, 0),
(1796, '五莲县', '0', 271, 0, '', 1, 0, '', NULL, 0),
(1800, '兰山区', '0', 273, 0, '', 1, 0, '', NULL, 0),
(1804, '郯城县', '0', 273, 0, '', 1, 0, '', NULL, 0),
(1808, '平邑县', '0', 273, 0, '', 1, 0, '', NULL, 0),
(1841, '成武县', '0', 277, 0, '', 1, 0, '', NULL, 0),
(1844, '鄄城县', '0', 277, 0, '', 1, 0, '', NULL, 0),
(1848, '二七区', '0', 278, 0, '', 1, 0, '', NULL, 0),
(1851, '上街区', '0', 278, 0, '', 1, 0, '', NULL, 0),
(1855, '荥阳市', '0', 278, 0, '', 1, 0, '', NULL, 0),
(1859, '龙亭区', '0', 279, 0, '', 1, 0, '', NULL, 0),
(1862, '禹王台区', '0', 279, 0, '', 1, 0, '', NULL, 0),
(1866, '尉氏县', '0', 279, 0, '', 1, 0, '', NULL, 0),
(1873, '吉利区', '0', 280, 0, '', 1, 0, '', NULL, 0),
(1877, '栾川县', '0', 280, 0, '', 1, 0, '', NULL, 0),
(1880, '宜阳县', '0', 280, 0, '', 1, 0, '', NULL, 0),
(1884, '新华区', '0', 281, 0, '', 1, 0, '', NULL, 0),
(1888, '宝丰县', '0', 281, 0, '', 1, 0, '', NULL, 0),
(1891, '郏县', '0', 281, 0, '', 1, 0, '', NULL, 0),
(1895, '北关区', '0', 282, 0, '', 1, 0, '', NULL, 0),
(1899, '汤阴县', '0', 282, 0, '', 1, 0, '', NULL, 0),
(1903, '鹤山区', '0', 283, 0, '', 1, 0, '', NULL, 0),
(1907, '淇县', '0', 283, 0, '', 1, 0, '', NULL, 0),
(1910, '凤泉区', '0', 284, 0, '', 1, 0, '', NULL, 0),
(1914, '原阳县', '0', 284, 0, '', 1, 0, '', NULL, 0),
(1918, '卫辉市', '0', 284, 0, '', 1, 0, '', NULL, 0),
(1921, '中站区', '0', 285, 0, '', 1, 0, '', NULL, 0),
(1925, '博爱县', '0', 285, 0, '', 1, 0, '', NULL, 0),
(1929, '沁阳市', '0', 285, 0, '', 1, 0, '', NULL, 0),
(1932, '清丰县', '0', 286, 0, '', 1, 0, '', NULL, 0),
(1936, '濮阳县', '0', 286, 0, '', 1, 0, '', NULL, 0),
(1942, '长葛市', '0', 287, 0, '', 1, 0, '', NULL, 0),
(1943, '源汇区', '0', 288, 0, '', 1, 0, '', NULL, 0),
(1947, '临颍县', '0', 288, 0, '', 1, 0, '', NULL, 0),
(1950, '陕县', '0', 289, 0, '', 1, 0, '', NULL, 0),
(1954, '宛城区', '0', 290, 0, '', 1, 0, '', NULL, 0),
(1958, '西峡县', '0', 290, 0, '', 1, 0, '', NULL, 0),
(1961, '淅川县', '0', 290, 0, '', 1, 0, '', NULL, 0),
(1965, '桐柏县', '0', 290, 0, '', 1, 0, '', NULL, 0),
(1969, '民权县', '0', 291, 0, '', 1, 0, '', NULL, 0),
(1972, '柘城县', '0', 291, 0, '', 1, 0, '', NULL, 0),
(1976, '浉河区', '0', 292, 0, '', 1, 0, '', NULL, 0),
(1983, '潢川县', '0', 292, 0, '', 1, 0, '', NULL, 0),
(1987, '扶沟县', '0', 293, 0, '', 1, 0, '', NULL, 0),
(1990, '沈丘县', '0', 293, 0, '', 1, 0, '', NULL, 0),
(1994, '鹿邑县', '0', 293, 0, '', 1, 0, '', NULL, 0),
(1998, '上蔡县', '0', 294, 0, '', 1, 0, '', NULL, 0),
(2001, '确山县', '0', 294, 0, '', 1, 0, '', NULL, 0),
(2005, '新蔡县', '0', 294, 0, '', 1, 0, '', NULL, 0),
(2009, '汉阳区', '0', 295, 0, '', 1, 0, '', NULL, 0),
(2012, '洪山区', '0', 295, 0, '', 1, 0, '', NULL, 0),
(2016, '江夏区', '0', 295, 0, '', 1, 0, '', NULL, 0),
(2023, '阳新县', '0', 296, 0, '', 1, 0, '', NULL, 0),
(2027, '郧县', '0', 297, 0, '', 1, 0, '', NULL, 0),
(2030, '竹溪县', '0', 297, 0, '', 1, 0, '', NULL, 0),
(2034, '伍家岗区', '0', 298, 0, '', 1, 0, '', NULL, 0),
(2038, '远安县', '0', 298, 0, '', 1, 0, '', NULL, 0),
(2041, '长阳土家族自治县', '0', 298, 0, '', 1, 0, '', NULL, 0),
(2045, '枝江市', '0', 298, 0, '', 1, 0, '', NULL, 0),
(2049, '南漳县', '0', 299, 0, '', 1, 0, '', NULL, 0),
(2052, '老河口市', '0', 299, 0, '', 1, 0, '', NULL, 0),
(2056, '华容区', '0', 300, 0, '', 1, 0, '', NULL, 0),
(2063, '孝南区', '0', 302, 0, '', 1, 0, '', NULL, 0),
(2067, '应城市', '0', 302, 0, '', 1, 0, '', NULL, 0),
(2070, '沙市区', '0', 303, 0, '', 1, 0, '', NULL, 0),
(2074, '江陵县', '0', 303, 0, '', 1, 0, '', NULL, 0),
(2078, '黄州区', '0', 304, 0, '', 1, 0, '', NULL, 0),
(2081, '罗田县', '0', 304, 0, '', 1, 0, '', NULL, 0),
(2085, '黄梅县', '0', 304, 0, '', 1, 0, '', NULL, 0),
(2089, '嘉鱼县', '0', 305, 0, '', 1, 0, '', NULL, 0),
(2092, '通山县', '0', 305, 0, '', 1, 0, '', NULL, 0),
(2096, '恩施市', '0', 307, 0, '', 1, 0, '', NULL, 0),
(2100, '宣恩县', '0', 307, 0, '', 1, 0, '', NULL, 0),
(2104, '芙蓉区', '0', 312, 0, '', 1, 0, '', NULL, 0),
(2108, '雨花区', '0', 312, 0, '', 1, 0, '', NULL, 0),
(2110, '望城县', '0', 312, 0, '', 1, 0, '', NULL, 0),
(2111, '宁乡县', '0', 312, 0, '', 1, 0, '', NULL, 0),
(2115, '石峰区', '0', 313, 0, '', 1, 0, '', NULL, 0),
(2119, '茶陵县', '0', 313, 0, '', 1, 0, '', NULL, 0),
(2121, '醴陵市', '0', 313, 0, '', 1, 0, '', NULL, 0),
(2122, '雨湖区', '0', 314, 0, '', 1, 0, '', NULL, 0),
(2126, '韶山市', '0', 314, 0, '', 1, 0, '', NULL, 0),
(2133, '衡南县', '0', 315, 0, '', 1, 0, '', NULL, 0),
(2137, '耒阳市', '0', 315, 0, '', 1, 0, '', NULL, 0),
(2140, '大祥区', '0', 316, 0, '', 1, 0, '', NULL, 0),
(2144, '邵阳县', '0', 316, 0, '', 1, 0, '', NULL, 0),
(2148, '新宁县', '0', 316, 0, '', 1, 0, '', NULL, 0),
(2151, '岳阳楼区', '0', 317, 0, '', 1, 0, '', NULL, 0),
(2155, '华容县', '0', 317, 0, '', 1, 0, '', NULL, 0),
(2159, '临湘市', '0', 317, 0, '', 1, 0, '', NULL, 0),
(2162, '安乡县', '0', 318, 0, '', 1, 0, '', NULL, 0),
(2166, '桃源县', '0', 318, 0, '', 1, 0, '', NULL, 0),
(2173, '资阳区', '0', 320, 0, '', 1, 0, '', NULL, 0),
(2177, '安化县', '0', 320, 0, '', 1, 0, '', NULL, 0),
(2180, '苏仙区', '0', 321, 0, '', 1, 0, '', NULL, 0),
(2184, '嘉禾县', '0', 321, 0, '', 1, 0, '', NULL, 0),
(2188, '安仁县', '0', 321, 0, '', 1, 0, '', NULL, 0),
(2191, '冷水滩区', '0', 322, 0, '', 1, 0, '', NULL, 0),
(2195, '道县', '0', 322, 0, '', 1, 0, '', NULL, 0),
(2199, '新田县', '0', 322, 0, '', 1, 0, '', NULL, 0),
(2203, '沅陵县', '0', 323, 0, '', 1, 0, '', NULL, 0),
(2207, '麻阳苗族自治县', '0', 323, 0, '', 1, 0, '', NULL, 0),
(2210, '靖州苗族侗族自治县', '0', 323, 0, '', 1, 0, '', NULL, 0),
(2214, '双峰县', '0', 324, 0, '', 1, 0, '', NULL, 0),
(2218, '吉首市', '0', 325, 0, '', 1, 0, '', NULL, 0),
(2221, '花垣县', '0', 325, 0, '', 1, 0, '', NULL, 0),
(2225, '龙山县', '0', 325, 0, '', 1, 0, '', NULL, 0),
(2229, '天河区', '0', 326, 0, '', 1, 0, '', NULL, 0),
(2232, '番禺区', '0', 326, 0, '', 1, 0, '', NULL, 0),
(2236, '增城市', '0', 326, 0, '', 1, 0, '', NULL, 0),
(2243, '翁源县', '0', 327, 0, '', 1, 0, '', NULL, 0),
(2247, '南雄市', '0', 327, 0, '', 1, 0, '', NULL, 0),
(2250, '南山区', '0', 328, 0, '', 1, 0, '', NULL, 0),
(2254, '香洲区', '0', 329, 0, '', 1, 0, '', NULL, 0),
(2258, '金平区', '0', 330, 0, '', 1, 0, '', NULL, 0),
(2261, '潮南区', '0', 330, 0, '', 1, 0, '', NULL, 0),
(2265, '南海区', '0', 331, 0, '', 1, 0, '', NULL, 0),
(2269, '蓬江区', '0', 332, 0, '', 1, 0, '', NULL, 0),
(2272, '台山市', '0', 332, 0, '', 1, 0, '', NULL, 0),
(2276, '赤坎区', '0', 333, 0, '', 1, 0, '', NULL, 0),
(2283, '雷州市', '0', 333, 0, '', 1, 0, '', NULL, 0),
(2287, '电白县', '0', 334, 0, '', 1, 0, '', NULL, 0),
(2290, '信宜市', '0', 334, 0, '', 1, 0, '', NULL, 0),
(2298, '四会市', '0', 335, 0, '', 1, 0, '', NULL, 0),
(2302, '惠东县', '0', 336, 0, '', 1, 0, '', NULL, 0),
(2306, '大埔县', '0', 337, 0, '', 1, 0, '', NULL, 0),
(2313, '海丰县', '0', 338, 0, '', 1, 0, '', NULL, 0),
(2316, '源城区', '0', 339, 0, '', 1, 0, '', NULL, 0),
(2317, '紫金县', '0', 339, 0, '', 1, 0, '', NULL, 0),
(2320, '和平县', '0', 339, 0, '', 1, 0, '', NULL, 0),
(2324, '阳东县', '0', 340, 0, '', 1, 0, '', NULL, 0),
(2328, '阳山县', '0', 341, 0, '', 1, 0, '', NULL, 0),
(2331, '清新县', '0', 341, 0, '', 1, 0, '', NULL, 0),
(2335, '潮安县', '0', 344, 0, '', 1, 0, '', NULL, 0),
(2339, '揭西县', '0', 345, 0, '', 1, 0, '', NULL, 0),
(2342, '云城区', '0', 346, 0, '', 1, 0, '', NULL, 0),
(2346, '罗定市', '0', 346, 0, '', 1, 0, '', NULL, 0),
(2353, '武鸣县', '0', 347, 0, '', 1, 0, '', NULL, 0),
(2357, '宾阳县', '0', 347, 0, '', 1, 0, '', NULL, 0),
(2360, '鱼峰区', '0', 348, 0, '', 1, 0, '', NULL, 0),
(2364, '柳城县', '0', 348, 0, '', 1, 0, '', NULL, 0),
(2368, '三江侗族自治县', '0', 348, 0, '', 1, 0, '', NULL, 0),
(2371, '象山区', '0', 349, 0, '', 1, 0, '', NULL, 0),
(2375, '临桂县', '0', 349, 0, '', 1, 0, '', NULL, 0),
(2379, '永福县', '0', 349, 0, '', 1, 0, '', NULL, 0),
(2382, '资源县', '0', 349, 0, '', 1, 0, '', NULL, 0),
(2386, '万秀区', '0', 350, 0, '', 1, 0, '', NULL, 0),
(2393, '海城区', '0', 351, 0, '', 1, 0, '', NULL, 0),
(2397, '港口区', '0', 352, 0, '', 1, 0, '', NULL, 0),
(2401, '钦南区', '0', 353, 0, '', 1, 0, '', NULL, 0),
(2405, '港北区', '0', 354, 0, '', 1, 0, '', NULL, 0),
(2409, '桂平市', '0', 354, 0, '', 1, 0, '', NULL, 0),
(2412, '陆川县', '0', 355, 0, '', 1, 0, '', NULL, 0),
(2416, '右江区', '0', 356, 0, '', 1, 0, '', NULL, 0),
(2423, '凌云县', '0', 356, 0, '', 1, 0, '', NULL, 0),
(2427, '隆林各族自治县', '0', 356, 0, '', 1, 0, '', NULL, 0),
(2445, '象州县', '0', 359, 0, '', 1, 0, '', NULL, 0),
(2449, '江洲区', '0', 360, 0, '', 1, 0, '', NULL, 0),
(2452, '龙州县', '0', 360, 0, '', 1, 0, '', NULL, 0),
(2456, '秀英区', '0', 361, 0, '', 1, 0, '', NULL, 0),
(2463, '武侯区', '0', 382, 0, '', 1, 0, '', NULL, 0),
(2467, '新都区', '0', 382, 0, '', 1, 0, '', NULL, 0),
(2470, '双流县', '0', 382, 0, '', 1, 0, '', NULL, 0),
(2474, '新津县', '0', 382, 0, '', 1, 0, '', NULL, 0),
(2478, '崇州市', '0', 382, 0, '', 1, 0, '', NULL, 0),
(2481, '大安区', '0', 383, 0, '', 1, 0, '', NULL, 0),
(2485, '东区', '0', 384, 0, '', 1, 0, '', NULL, 0),
(2489, '盐边县', '0', 384, 0, '', 1, 0, '', NULL, 0),
(2492, '龙马潭区', '0', 385, 0, '', 1, 0, '', NULL, 0),
(2496, '古蔺县', '0', 385, 0, '', 1, 0, '', NULL, 0),
(2500, '广汉市', '0', 386, 0, '', 1, 0, '', NULL, 0),
(2504, '游仙区', '0', 387, 0, '', 1, 0, '', NULL, 0),
(2508, '梓潼县', '0', 387, 0, '', 1, 0, '', NULL, 0),
(2511, '江油市', '0', 387, 0, '', 1, 0, '', NULL, 0),
(2515, '旺苍县', '0', 388, 0, '', 1, 0, '', NULL, 0),
(2519, '船山区', '0', 389, 0, '', 1, 0, '', NULL, 0),
(2533, '犍为县', '0', 391, 0, '', 1, 0, '', NULL, 0),
(2537, '峨边彝族自治县', '0', 391, 0, '', 1, 0, '', NULL, 0),
(2540, '顺庆区', '0', 392, 0, '', 1, 0, '', NULL, 0),
(2544, '营山县', '0', 392, 0, '', 1, 0, '', NULL, 0),
(2547, '西充县', '0', 392, 0, '', 1, 0, '', NULL, 0),
(2548, '阆中市', '0', 392, 0, '', 1, 0, '', NULL, 0),
(2550, '仁寿县', '0', 393, 0, '', 1, 0, '', NULL, 0),
(2554, '青神县', '0', 393, 0, '', 1, 0, '', NULL, 0),
(2558, '江安县', '0', 394, 0, '', 1, 0, '', NULL, 0),
(2566, '岳池县', '0', 395, 0, '', 1, 0, '', NULL, 0),
(2573, '开江县', '0', 396, 0, '', 1, 0, '', NULL, 0),
(2577, '雨城区', '0', 397, 0, '', 1, 0, '', NULL, 0),
(2580, '汉源县', '0', 397, 0, '', 1, 0, '', NULL, 0),
(2584, '宝兴县', '0', 397, 0, '', 1, 0, '', NULL, 0),
(2588, '平昌县', '0', 398, 0, '', 1, 0, '', NULL, 0),
(2591, '乐至县', '0', 399, 0, '', 1, 0, '', NULL, 0),
(2594, '理县', '0', 400, 0, '', 1, 0, '', NULL, 0),
(2595, '茂县', '0', 400, 0, '', 1, 0, '', NULL, 0),
(2598, '金川县', '0', 400, 0, '', 1, 0, '', NULL, 0),
(2599, '小金县', '0', 400, 0, '', 1, 0, '', NULL, 0),
(2602, '壤塘县', '0', 400, 0, '', 1, 0, '', NULL, 0),
(2603, '阿坝县', '0', 400, 0, '', 1, 0, '', NULL, 0),
(2606, '康定县', '0', 401, 0, '', 1, 0, '', NULL, 0),
(2607, '泸定县', '0', 401, 0, '', 1, 0, '', NULL, 0),
(2610, '雅江县', '0', 401, 0, '', 1, 0, '', NULL, 0),
(2613, '甘孜县', '0', 401, 0, '', 1, 0, '', NULL, 0),
(2614, '新龙县', '0', 401, 0, '', 1, 0, '', NULL, 0),
(2617, '石渠县', '0', 401, 0, '', 1, 0, '', NULL, 0),
(2618, '色达县', '0', 401, 0, '', 1, 0, '', NULL, 0),
(2620, '巴塘县', '0', 401, 0, '', 1, 0, '', NULL, 0),
(2621, '乡城县', '0', 401, 0, '', 1, 0, '', NULL, 0),
(2624, '西昌市', '0', 402, 0, '', 1, 0, '', NULL, 0),
(2625, '木里藏族自治县', '0', 402, 0, '', 1, 0, '', NULL, 0),
(2628, '会理县', '0', 402, 0, '', 1, 0, '', NULL, 0),
(2629, '会东县', '0', 402, 0, '', 1, 0, '', NULL, 0),
(2631, '普格县', '0', 402, 0, '', 1, 0, '', NULL, 0),
(2632, '布拖县', '0', 402, 0, '', 1, 0, '', NULL, 0),
(2635, '喜德县', '0', 402, 0, '', 1, 0, '', NULL, 0),
(2636, '冕宁县', '0', 402, 0, '', 1, 0, '', NULL, 0),
(2639, '美姑县', '0', 402, 0, '', 1, 0, '', NULL, 0),
(2642, '云岩区', '0', 403, 0, '', 1, 0, '', NULL, 0),
(2643, '花溪区', '0', 403, 0, '', 1, 0, '', NULL, 0),
(2646, '小河区', '0', 403, 0, '', 1, 0, '', NULL, 0),
(2647, '开阳县', '0', 403, 0, '', 1, 0, '', NULL, 0),
(2650, '清镇市', '0', 403, 0, '', 1, 0, '', NULL, 0),
(2654, '盘县', '0', 404, 0, '', 1, 0, '', NULL, 0),
(2658, '桐梓县', '0', 405, 0, '', 1, 0, '', NULL, 0),
(2661, '道真仡佬族苗族自治县', '0', 405, 0, '', 1, 0, '', NULL, 0),
(2668, '仁怀市', '0', 405, 0, '', 1, 0, '', NULL, 0),
(2671, '普定县', '0', 406, 0, '', 1, 0, '', NULL, 0),
(2672, '镇宁布依族苗族自治县', '0', 406, 0, '', 1, 0, '', NULL, 0),
(2676, '江口县', '0', 407, 0, '', 1, 0, '', NULL, 0),
(2683, '松桃苗族自治县', '0', 407, 0, '', 1, 0, '', NULL, 0),
(2687, '普安县', '0', 408, 0, '', 1, 0, '', NULL, 0),
(2690, '望谟县', '0', 408, 0, '', 1, 0, '', NULL, 0),
(2694, '大方县', '0', 409, 0, '', 1, 0, '', NULL, 0),
(2698, '纳雍县', '0', 409, 0, '', 1, 0, '', NULL, 0),
(2702, '黄平县', '0', 410, 0, '', 1, 0, '', NULL, 0),
(2720, '贵定县', '0', 411, 0, '', 1, 0, '', NULL, 0),
(2724, '罗甸县', '0', 411, 0, '', 1, 0, '', NULL, 0),
(2728, '三都水族自治县', '0', 411, 0, '', 1, 0, '', NULL, 0),
(2731, '官渡区', '0', 412, 0, '', 1, 0, '', NULL, 0),
(2735, '晋宁县', '0', 412, 0, '', 1, 0, '', NULL, 0),
(2739, '嵩明县', '0', 412, 0, '', 1, 0, '', NULL, 0),
(2742, '安宁市', '0', 412, 0, '', 1, 0, '', NULL, 0),
(2746, '师宗县', '0', 413, 0, '', 1, 0, '', NULL, 0),
(2753, '江川县', '0', 414, 0, '', 1, 0, '', NULL, 0),
(2757, '易门县', '0', 414, 0, '', 1, 0, '', NULL, 0),
(2760, '元江哈尼族彝族傣族自治县', '0', 414, 0, '', 1, 0, '', NULL, 0),
(2764, '龙陵县', '0', 415, 0, '', 1, 0, '', NULL, 0),
(2768, '巧家县', '0', 416, 0, '', 1, 0, '', NULL, 0),
(2771, '永善县', '0', 416, 0, '', 1, 0, '', NULL, 0),
(2775, '威信县', '0', 416, 0, '', 1, 0, '', NULL, 0),
(2779, '永胜县', '0', 417, 0, '', 1, 0, '', NULL, 0),
(2781, '宁蒗彝族自治县', '0', 417, 0, '', 1, 0, '', NULL, 0),
(2786, '景谷傣族彝族自治县', '0', 418, 0, '', 1, 0, '', NULL, 0),
(2793, '凤庆县', '0', 419, 0, '', 1, 0, '', NULL, 0),
(2797, '双江拉祜族佤族布朗族傣族自治县', '0', 419, 0, '', 1, 0, '', NULL, 0),
(2801, '双柏县', '0', 420, 0, '', 1, 0, '', NULL, 0),
(2805, '大姚县', '0', 420, 0, '', 1, 0, '', NULL, 0),
(2809, '禄丰县', '0', 420, 0, '', 1, 0, '', NULL, 0),
(2812, '蒙自县', '0', 421, 0, '', 1, 0, '', NULL, 0),
(2816, '弥勒县', '0', 421, 0, '', 1, 0, '', NULL, 0),
(2823, '文山县', '0', 422, 0, '', 1, 0, '', NULL, 0),
(2827, '马关县', '0', 422, 0, '', 1, 0, '', NULL, 0),
(2830, '富宁县', '0', 422, 0, '', 1, 0, '', NULL, 0),
(2834, '大理市', '0', 424, 0, '', 1, 0, '', NULL, 0),
(2838, '弥渡县', '0', 424, 0, '', 1, 0, '', NULL, 0),
(2841, '永平县', '0', 424, 0, '', 1, 0, '', NULL, 0),
(2849, '盈江县', '0', 425, 0, '', 1, 0, '', NULL, 0),
(2851, '泸水县', '0', 426, 0, '', 1, 0, '', NULL, 0),
(2852, '福贡县', '0', 426, 0, '', 1, 0, '', NULL, 0),
(2855, '香格里拉县', '0', 427, 0, '', 1, 0, '', NULL, 0),
(2856, '德钦县', '0', 427, 0, '', 1, 0, '', NULL, 0),
(2863, '堆龙德庆县', '0', 428, 0, '', 1, 0, '', NULL, 0),
(2867, '江达县', '0', 429, 0, '', 1, 0, '', NULL, 0),
(2870, '丁青县', '0', 429, 0, '', 1, 0, '', NULL, 0),
(2874, '芒康县', '0', 429, 0, '', 1, 0, '', NULL, 0),
(2878, '扎囊县', '0', 430, 0, '', 1, 0, '', NULL, 0),
(2881, '琼结县', '0', 430, 0, '', 1, 0, '', NULL, 0),
(2885, '加查县', '0', 430, 0, '', 1, 0, '', NULL, 0),
(2889, '日喀则市', '0', 431, 0, '', 1, 0, '', NULL, 0),
(2892, '定日县', '0', 431, 0, '', 1, 0, '', NULL, 0),
(2896, '谢通门县', '0', 431, 0, '', 1, 0, '', NULL, 0),
(2900, '定结县', '0', 431, 0, '', 1, 0, '', NULL, 0),
(2915, '巴青县', '0', 432, 0, '', 1, 0, '', NULL, 0),
(2919, '噶尔县', '0', 433, 0, '', 1, 0, '', NULL, 0),
(2922, '改则县', '0', 433, 0, '', 1, 0, '', NULL, 0),
(2926, '米林县', '0', 434, 0, '', 1, 0, '', NULL, 0),
(2933, '莲湖区', '0', 435, 0, '', 1, 0, '', NULL, 0),
(2937, '阎良区', '0', 435, 0, '', 1, 0, '', NULL, 0),
(2940, '蓝田县', '0', 435, 0, '', 1, 0, '', NULL, 0),
(2944, '王益区', '0', 436, 0, '', 1, 0, '', NULL, 0),
(2948, '渭滨区', '0', 437, 0, '', 1, 0, '', NULL, 0),
(2951, '凤翔县', '0', 437, 0, '', 1, 0, '', NULL, 0),
(2955, '陇县', '0', 437, 0, '', 1, 0, '', NULL, 0),
(2959, '太白县', '0', 437, 0, '', 1, 0, '', NULL, 0),
(2962, '渭城区', '0', 438, 0, '', 1, 0, '', NULL, 0),
(2966, '礼泉县', '0', 438, 0, '', 1, 0, '', NULL, 0),
(2973, '兴平市', '0', 438, 0, '', 1, 0, '', NULL, 0),
(2977, '大荔县', '0', 439, 0, '', 1, 0, '', NULL, 0),
(2980, '蒲城县', '0', 439, 0, '', 1, 0, '', NULL, 0),
(2984, '华阴市', '0', 439, 0, '', 1, 0, '', NULL, 0),
(2988, '子长县', '0', 440, 0, '', 1, 0, '', NULL, 0),
(2991, '吴起县', '0', 440, 0, '', 1, 0, '', NULL, 0),
(2995, '宜川县', '0', 440, 0, '', 1, 0, '', NULL, 0),
(2999, '南郑县', '0', 441, 0, '', 1, 0, '', NULL, 0),
(3002, '西乡县', '0', 441, 0, '', 1, 0, '', NULL, 0),
(3006, '镇巴县', '0', 441, 0, '', 1, 0, '', NULL, 0),
(3013, '靖边县', '0', 442, 0, '', 1, 0, '', NULL, 0),
(3017, '佳县', '0', 442, 0, '', 1, 0, '', NULL, 0),
(3020, '子洲县', '0', 442, 0, '', 1, 0, '', NULL, 0),
(3024, '宁陕县', '0', 443, 0, '', 1, 0, '', NULL, 0),
(3028, '镇坪县', '0', 443, 0, '', 1, 0, '', NULL, 0),
(3031, '商州区', '0', 444, 0, '', 1, 0, '', NULL, 0),
(3035, '山阳县', '0', 444, 0, '', 1, 0, '', NULL, 0),
(3039, '七里河区', '0', 445, 0, '', 1, 0, '', NULL, 0),
(3042, '红古区', '0', 445, 0, '', 1, 0, '', NULL, 0),
(3046, '金川区', '0', 447, 0, '', 1, 0, '', NULL, 0),
(3053, '秦城区', '0', 449, 0, '', 1, 0, '', NULL, 0),
(3057, '甘谷县', '0', 449, 0, '', 1, 0, '', NULL, 0),
(3060, '凉州区', '0', 450, 0, '', 1, 0, '', NULL, 0),
(3064, '甘州区', '0', 451, 0, '', 1, 0, '', NULL, 0),
(3068, '高台县', '0', 451, 0, '', 1, 0, '', NULL, 0),
(3071, '泾川县', '0', 452, 0, '', 1, 0, '', NULL, 0),
(3075, '庄浪县', '0', 452, 0, '', 1, 0, '', NULL, 0),
(3079, '瓜州县', '0', 453, 0, '', 1, 0, '', NULL, 0),
(3082, '玉门市', '0', 453, 0, '', 1, 0, '', NULL, 0),
(3086, '环县', '0', 454, 0, '', 1, 0, '', NULL, 0),
(3093, '通渭县', '0', 455, 0, '', 1, 0, '', NULL, 0),
(3097, '漳县', '0', 455, 0, '', 1, 0, '', NULL, 0),
(3101, '文县', '0', 456, 0, '', 1, 0, '', NULL, 0),
(3105, '礼县', '0', 456, 0, '', 1, 0, '', NULL, 0),
(3109, '临夏县', '0', 457, 0, '', 1, 0, '', NULL, 0),
(3112, '广河县', '0', 457, 0, '', 1, 0, '', NULL, 0),
(3116, '合作市', '0', 458, 0, '', 1, 0, '', NULL, 0),
(3123, '夏河县', '0', 458, 0, '', 1, 0, '', NULL, 0),
(3127, '城北区', '0', 459, 0, '', 1, 0, '', NULL, 0),
(3130, '湟源县', '0', 459, 0, '', 1, 0, '', NULL, 0),
(3134, '互助土族自治县', '0', 460, 0, '', 1, 0, '', NULL, 0),
(3138, '祁连县', '0', 461, 0, '', 1, 0, '', NULL, 0),
(3141, '同仁县', '0', 462, 0, '', 1, 0, '', NULL, 0),
(3145, '共和县', '0', 463, 0, '', 1, 0, '', NULL, 0),
(3149, '贵南县', '0', 463, 0, '', 1, 0, '', NULL, 0),
(3152, '甘德县', '0', 464, 0, '', 1, 0, '', NULL, 0),
(3156, '玉树县', '0', 465, 0, '', 1, 0, '', NULL, 0),
(3163, '德令哈市', '0', 466, 0, '', 1, 0, '', NULL, 0),
(3167, '兴庆区', '0', 467, 0, '', 1, 0, '', NULL, 0),
(3170, '永宁县', '0', 467, 0, '', 1, 0, '', NULL, 0),
(3174, '惠农区', '0', 468, 0, '', 1, 0, '', NULL, 0),
(3185, '沙坡头区', '0', 471, 0, '', 1, 0, '', NULL, 0),
(3189, '沙依巴克区', '0', 472, 0, '', 1, 0, '', NULL, 0),
(3192, '头屯河区', '0', 472, 0, '', 1, 0, '', NULL, 0),
(3196, '独山子区', '0', 473, 0, '', 1, 0, '', NULL, 0),
(3200, '吐鲁番市', '0', 474, 0, '', 1, 0, '', NULL, 0),
(3204, '巴里坤哈萨克自治县', '0', 475, 0, '', 1, 0, '', NULL, 0),
(3208, '米泉市', '0', 476, 0, '', 1, 0, '', NULL, 0),
(3211, '奇台县', '0', 476, 0, '', 1, 0, '', NULL, 0),
(3215, '精河县', '0', 477, 0, '', 1, 0, '', NULL, 0),
(3219, '尉犁县', '0', 478, 0, '', 1, 0, '', NULL, 0),
(3222, '焉耆回族自治县', '0', 478, 0, '', 1, 0, '', NULL, 0),
(3226, '阿克苏市', '0', 479, 0, '', 1, 0, '', NULL, 0),
(3233, '阿瓦提县', '0', 479, 0, '', 1, 0, '', NULL, 0),
(3237, '阿合奇县', '0', 480, 0, '', 1, 0, '', NULL, 0),
(3240, '疏附县', '0', 481, 0, '', 1, 0, '', NULL, 0),
(3244, '莎车县', '0', 481, 0, '', 1, 0, '', NULL, 0),
(3248, '伽师县', '0', 481, 0, '', 1, 0, '', NULL, 0),
(3251, '和田市', '0', 482, 0, '', 1, 0, '', NULL, 0),
(3255, '洛浦县', '0', 482, 0, '', 1, 0, '', NULL, 0),
(3259, '伊宁市', '0', 483, 0, '', 1, 0, '', NULL, 0),
(3262, '察布查尔锡伯自治县', '0', 483, 0, '', 1, 0, '', NULL, 0),
(3266, '昭苏县', '0', 483, 0, '', 1, 0, '', NULL, 0),
(3273, '托里县', '0', 484, 0, '', 1, 0, '', NULL, 0),
(3277, '布尔津县', '0', 485, 0, '', 1, 0, '', NULL, 0),
(3280, '哈巴河县', '0', 485, 0, '', 1, 0, '', NULL, 0),
(3358, '钓鱼岛', '', 0, 0, '', 1, 0, '', NULL, 0),
(4, '天津市', '0', 0, 0, '', 1, 0, '', NULL, 0),
(8, '内蒙古', '0', 0, 0, '', 1, 0, '', NULL, 0),
(11, '黑龙江省', '0', 0, 0, '', 1, 0, '', NULL, 0),
(15, '福建省', '0', 0, 0, '', 1, 0, '', NULL, 0),
(19, '湖北省', '0', 0, 0, '', 1, 0, '', NULL, 0),
(22, '广西', '0', 0, 0, '', 1, 0, '', NULL, 0),
(26, '云南省', '0', 0, 0, '', 1, 0, '', NULL, 0),
(33, '台湾省', '0', 0, 0, '', 1, 0, '', NULL, 0),
(37, '西城区', '0', 2, 0, '', 1, 0, '', NULL, 0),
(40, '朝阳区', '0', 2, 0, '', 1, 0, '', NULL, 0),
(44, '房山区', '0', 2, 0, '', 1, 0, '', NULL, 0),
(48, '大兴区', '0', 2, 0, '', 1, 0, '', NULL, 0),
(51, '密云县', '0', 2, 0, '', 1, 0, '', NULL, 0),
(55, '徐汇区', '0', 3, 0, '', 1, 0, '', NULL, 0),
(59, '闸北区', '0', 3, 0, '', 1, 0, '', NULL, 0),
(62, '闵行区', '0', 3, 0, '', 1, 0, '', NULL, 0),
(66, '金山区', '0', 3, 0, '', 1, 0, '', NULL, 0),
(73, '河东区', '0', 4, 0, '', 1, 0, '', NULL, 0),
(77, '红桥区', '0', 4, 0, '', 1, 0, '', NULL, 0),
(80, '大港区', '0', 4, 0, '', 1, 0, '', NULL, 0),
(84, '北辰区', '0', 4, 0, '', 1, 0, '', NULL, 0),
(88, '静海县', '0', 4, 0, '', 1, 0, '', NULL, 0),
(91, '涪陵区', '0', 5, 0, '', 1, 0, '', NULL, 0),
(95, '沙坪坝区', '0', 5, 0, '', 1, 0, '', NULL, 0),
(99, '万盛区', '0', 5, 0, '', 1, 0, '', NULL, 0),
(103, '黔江区', '0', 5, 0, '', 1, 0, '', NULL, 0),
(107, '铜梁县', '0', 5, 0, '', 1, 0, '', NULL, 0),
(110, '璧山县', '0', 5, 0, '', 1, 0, '', NULL, 0),
(114, '垫江县', '0', 5, 0, '', 1, 0, '', NULL, 0),
(118, '云阳县', '0', 5, 0, '', 1, 0, '', NULL, 0),
(121, '巫溪县', '0', 5, 0, '', 1, 0, '', NULL, 0),
(125, '彭水县', '0', 5, 0, '', 1, 0, '', NULL, 0),
(129, '南川区', '0', 5, 0, '', 1, 0, '', NULL, 0),
(132, '秦皇岛市', '0', 6, 0, '', 1, 0, '', NULL, 0),
(136, '张家口市', '0', 6, 0, '', 1, 0, '', NULL, 0),
(143, '阳泉市', '0', 7, 0, '', 1, 0, '', NULL, 0),
(147, '晋中市', '0', 7, 0, '', 1, 0, '', NULL, 0),
(150, '临汾市', '0', 7, 0, '', 1, 0, '', NULL, 0),
(154, '乌海市', '0', 8, 0, '', 1, 0, '', NULL, 0),
(158, '呼伦贝尔市', '0', 8, 0, '', 1, 0, '', NULL, 0),
(161, '兴安盟', '0', 8, 0, '', 1, 0, '', NULL, 0),
(165, '大连市', '0', 9, 0, '', 1, 0, '', NULL, 0),
(169, '丹东市', '0', 9, 0, '', 1, 0, '', NULL, 0),
(176, '朝阳市', '0', 9, 0, '', 1, 0, '', NULL, 0),
(183, '白山市', '0', 10, 0, '', 1, 0, '', NULL, 0),
(187, '哈尔滨市', '0', 11, 0, '', 1, 0, '', NULL, 0),
(190, '鹤岗市', '0', 11, 0, '', 1, 0, '', NULL, 0),
(194, '佳木斯市', '0', 11, 0, '', 1, 0, '', NULL, 0),
(198, '绥化市', '0', 11, 0, '', 1, 0, '', NULL, 0),
(202, '徐州市', '0', 12, 0, '', 1, 0, '', NULL, 0),
(206, '连云港市', '0', 12, 0, '', 1, 0, '', NULL, 0),
(213, '杭州市', '0', 13, 0, '', 1, 0, '', NULL, 0),
(217, '湖州市', '0', 13, 0, '', 1, 0, '', NULL, 0),
(220, '衢州市', '0', 13, 0, '', 1, 0, '', NULL, 0),
(224, '合肥市', '0', 14, 0, '', 1, 0, '', NULL, 0),
(228, '马鞍山市', '0', 14, 0, '', 1, 0, '', NULL, 0),
(231, '安庆市', '0', 14, 0, '', 1, 0, '', NULL, 0),
(235, '宿州市', '0', 14, 0, '', 1, 0, '', NULL, 0),
(239, '池州市', '0', 14, 0, '', 1, 0, '', NULL, 0),
(242, '厦门市', '0', 15, 0, '', 1, 0, '', NULL, 0),
(246, '漳州市', '0', 15, 0, '', 1, 0, '', NULL, 0),
(271, '日照市', '0', 17, 0, '', 1, 0, '', NULL, 0),
(275, '聊城市', '0', 17, 0, '', 1, 0, '', NULL, 0),
(279, '开封市', '0', 18, 0, '', 1, 0, '', NULL, 0),
(281, '平顶山市', '0', 18, 0, '', 1, 0, '', NULL, 0),
(282, '安阳市', '0', 18, 0, '', 1, 0, '', NULL, 0),
(285, '焦作市', '0', 18, 0, '', 1, 0, '', NULL, 0),
(286, '濮阳市', '0', 18, 0, '', 1, 0, '', NULL, 0),
(289, '三门峡市', '0', 18, 0, '', 1, 0, '', NULL, 0),
(292, '信阳市', '0', 18, 0, '', 1, 0, '', NULL, 0),
(300, '鄂州市', '0', 19, 0, '', 1, 0, '', NULL, 0),
(301, '荆门市', '0', 19, 0, '', 1, 0, '', NULL, 0),
(304, '黄冈市', '0', 19, 0, '', 1, 0, '', NULL, 0),
(305, '咸宁市', '0', 19, 0, '', 1, 0, '', NULL, 0),
(308, '仙桃市', '0', 19, 0, '', 1, 0, '', NULL, 0),
(309, '潜江市', '0', 19, 0, '', 1, 0, '', NULL, 0),
(311, '神农架林区', '0', 19, 0, '', 1, 0, '', NULL, 0),
(312, '长沙市', '0', 20, 0, '', 1, 0, '', NULL, 0),
(315, '衡阳市', '0', 20, 0, '', 1, 0, '', NULL, 0),
(316, '邵阳市', '0', 20, 0, '', 1, 0, '', NULL, 0),
(327, '韶关市', '0', 21, 0, '', 1, 0, '', NULL, 0),
(330, '汕头市', '0', 21, 0, '', 1, 0, '', NULL, 0),
(334, '茂名市', '0', 21, 0, '', 1, 0, '', NULL, 0),
(338, '汕尾市', '0', 21, 0, '', 1, 0, '', NULL, 0),
(341, '清远市', '0', 21, 0, '', 1, 0, '', NULL, 0),
(345, '揭阳市', '0', 21, 0, '', 1, 0, '', NULL, 0),
(349, '桂林市', '0', 22, 0, '', 1, 0, '', NULL, 0),
(352, '防城港市', '0', 22, 0, '', 1, 0, '', NULL, 0),
(356, '百色市', '0', 22, 0, '', 1, 0, '', NULL, 0),
(363, '五指山市', '0', 23, 0, '', 1, 0, '', NULL, 0),
(367, '万宁市', '0', 23, 0, '', 1, 0, '', NULL, 0),
(370, '屯昌县', '0', 23, 0, '', 1, 0, '', NULL, 0),
(374, '昌江黎族自治县', '0', 23, 0, '', 1, 0, '', NULL, 0),
(378, '琼中黎族苗族自治县', '0', 23, 0, '', 1, 0, '', NULL, 0),
(381, '中沙群岛的岛礁及其海域', '0', 23, 0, '', 1, 0, '', NULL, 0),
(385, '泸州市', '0', 24, 0, '', 1, 0, '', NULL, 0),
(389, '遂宁市', '0', 24, 0, '', 1, 0, '', NULL, 0),
(392, '南充市', '0', 24, 0, '', 1, 0, '', NULL, 0),
(396, '达州市', '0', 24, 0, '', 1, 0, '', NULL, 0),
(400, '阿坝州', '0', 24, 0, '', 1, 0, '', NULL, 0),
(404, '六盘水市', '0', 25, 0, '', 1, 0, '', NULL, 0),
(408, '黔西南州', '0', 25, 0, '', 1, 0, '', NULL, 0),
(411, '黔南州', '0', 25, 0, '', 1, 0, '', NULL, 0),
(415, '保山市', '0', 26, 0, '', 1, 0, '', NULL, 0),
(417, '丽江市', '0', 26, 0, '', 1, 0, '', NULL, 0),
(418, '思茅市', '0', 26, 0, '', 1, 0, '', NULL, 0),
(419, '临沧市', '0', 26, 0, '', 1, 0, '', NULL, 0),
(421, '红河州', '0', 26, 0, '', 1, 0, '', NULL, 0),
(422, '文山州', '0', 26, 0, '', 1, 0, '', NULL, 0),
(424, '大理', '0', 26, 0, '', 1, 0, '', NULL, 0),
(425, '德宏', '0', 26, 0, '', 1, 0, '', NULL, 0),
(426, '怒江', '0', 26, 0, '', 1, 0, '', NULL, 0),
(428, '拉萨市', '0', 27, 0, '', 1, 0, '', NULL, 0),
(429, '昌都', '0', 27, 0, '', 1, 0, '', NULL, 0),
(431, '日喀则', '0', 27, 0, '', 1, 0, '', NULL, 0),
(433, '阿里', '0', 27, 0, '', 1, 0, '', NULL, 0),
(437, '宝鸡市', '0', 28, 0, '', 1, 0, '', NULL, 0),
(440, '延安市', '0', 28, 0, '', 1, 0, '', NULL, 0),
(444, '商洛市', '0', 28, 0, '', 1, 0, '', NULL, 0),
(448, '白银市', '0', 29, 0, '', 1, 0, '', NULL, 0),
(469, '吴忠市', '0', 31, 0, '', 1, 0, '', NULL, 0),
(473, '克拉玛依市', '0', 32, 0, '', 1, 0, '', NULL, 0),
(477, '博尔州', '0', 32, 0, '', 1, 0, '', NULL, 0),
(480, '克孜勒苏柯尔克孜自治州', '0', 32, 0, '', 1, 0, '', NULL, 0),
(484, '塔城地区', '0', 32, 0, '', 1, 0, '', NULL, 0),
(488, '图木舒克市', '0', 32, 0, '', 1, 0, '', NULL, 0),
(491, '高雄市', '0', 33, 0, '', 1, 0, '', NULL, 0),
(495, '嘉义市', '0', 33, 0, '', 1, 0, '', NULL, 0),
(499, '新竹县', '0', 33, 0, '', 1, 0, '', NULL, 0),
(503, '南投县', '0', 33, 0, '', 1, 0, '', NULL, 0),
(507, '高雄县', '0', 33, 0, '', 1, 0, '', NULL, 0),
(510, '花莲县', '0', 33, 0, '', 1, 0, '', NULL, 0),
(514, '连江县', '0', 33, 0, '', 1, 0, '', NULL, 0),
(518, '湾仔区', '0', 34, 0, '', 1, 0, '', NULL, 0),
(521, '深水埗区', '0', 34, 0, '', 1, 0, '', NULL, 0),
(525, '葵青区', '0', 34, 0, '', 1, 0, '', NULL, 0),
(529, '大埔区', '0', 34, 0, '', 1, 0, '', NULL, 0),
(532, '元朗区', '0', 34, 0, '', 1, 0, '', NULL, 0),
(536, '望德堂区', '0', 35, 0, '', 1, 0, '', NULL, 0),
(543, '新华区', '0', 130, 0, '', 1, 0, '', NULL, 0),
(547, '正定县', '0', 130, 0, '', 1, 0, '', NULL, 0),
(550, '灵寿县', '0', 130, 0, '', 1, 0, '', NULL, 0),
(554, '无极县', '0', 130, 0, '', 1, 0, '', NULL, 0),
(558, '辛集市', '0', 130, 0, '', 1, 0, '', NULL, 0),
(561, '新乐市', '0', 130, 0, '', 1, 0, '', NULL, 0),
(565, '古冶区', '0', 131, 0, '', 1, 0, '', NULL, 0),
(569, '滦县', '0', 131, 0, '', 1, 0, '', NULL, 0),
(572, '迁西县', '0', 131, 0, '', 1, 0, '', NULL, 0),
(576, '迁安市', '0', 131, 0, '', 1, 0, '', NULL, 0),
(582, '抚宁县', '0', 132, 0, '', 1, 0, '', NULL, 0),
(583, '卢龙县', '0', 132, 0, '', 1, 0, '', NULL, 0),
(586, '复兴区', '0', 133, 0, '', 1, 0, '', NULL, 0),
(587, '峰峰矿区', '0', 133, 0, '', 1, 0, '', NULL, 0),
(590, '成安县', '0', 133, 0, '', 1, 0, '', NULL, 0),
(593, '磁县', '0', 133, 0, '', 1, 0, '', NULL, 0),
(594, '肥乡县', '0', 133, 0, '', 1, 0, '', NULL, 0),
(597, '鸡泽县', '0', 133, 0, '', 1, 0, '', NULL, 0),
(598, '广平县', '0', 133, 0, '', 1, 0, '', NULL, 0),
(601, '曲周县', '0', 133, 0, '', 1, 0, '', NULL, 0),
(602, '武安市', '0', 133, 0, '', 1, 0, '', NULL, 0),
(617, '威县', '0', 134, 0, '', 1, 0, '', NULL, 0),
(620, '南宫市', '0', 134, 0, '', 1, 0, '', NULL, 0),
(632, '高阳县', '0', 135, 0, '', 1, 0, '', NULL, 0),
(635, '望都县', '0', 135, 0, '', 1, 0, '', NULL, 0),
(639, '蠡县', '0', 135, 0, '', 1, 0, '', NULL, 0),
(642, '雄县', '0', 135, 0, '', 1, 0, '', NULL, 0),
(646, '高碑店市', '0', 135, 0, '', 1, 0, '', NULL, 0),
(671, '隆化县', '0', 137, 0, '', 1, 0, '', NULL, 0),
(675, '新华区', '0', 138, 0, '', 1, 0, '', NULL, 0),
(679, '东光县', '0', 138, 0, '', 1, 0, '', NULL, 0),
(682, '肃宁县', '0', 138, 0, '', 1, 0, '', NULL, 0),
(685, '献县', '0', 138, 0, '', 1, 0, '', NULL, 0),
(686, '孟村县', '0', 138, 0, '', 1, 0, '', NULL, 0),
(689, '黄骅市', '0', 138, 0, '', 1, 0, '', NULL, 0),
(692, '广阳区', '0', 139, 0, '', 1, 0, '', NULL, 0),
(796, '岢岚县', '0', 149, 0, '', 1, 0, '', NULL, 0),
(800, '原平市', '0', 149, 0, '', 1, 0, '', NULL, 0),
(815, '汾西县', '0', 150, 0, '', 1, 0, '', NULL, 0),
(819, '文水县', '0', 151, 0, '', 1, 0, '', NULL, 0),
(822, '临县', '0', 151, 0, '', 1, 0, '', NULL, 0),
(833, '玉泉区', '0', 152, 0, '', 1, 0, '', NULL, 0),
(837, '和林格尔县', '0', 152, 0, '', 1, 0, '', NULL, 0),
(840, '东河区', '0', 153, 0, '', 1, 0, '', NULL, 0),
(844, '白云矿区', '0', 153, 0, '', 1, 0, '', NULL, 0),
(848, '达尔罕茂明安联合旗', '0', 153, 0, '', 1, 0, '', NULL, 0),
(851, '乌达区', '0', 154, 0, '', 1, 0, '', NULL, 0),
(855, '阿鲁科尔沁旗', '0', 155, 0, '', 1, 0, '', NULL, 0),
(859, '克什克腾旗', '0', 155, 0, '', 1, 0, '', NULL, 0),
(862, '宁城县', '0', 155, 0, '', 1, 0, '', NULL, 0),
(907, '察哈尔右翼中旗', '0', 160, 0, '', 1, 0, '', NULL, 0),
(910, '丰镇市', '0', 160, 0, '', 1, 0, '', NULL, 0),
(914, '科尔沁右翼中旗', '0', 161, 0, '', 1, 0, '', NULL, 0),
(918, '锡林浩特市', '0', 162, 0, '', 1, 0, '', NULL, 0),
(921, '苏尼特右旗', '0', 162, 0, '', 1, 0, '', NULL, 0),
(925, '镶黄旗', '0', 162, 0, '', 1, 0, '', NULL, 0),
(929, '阿拉善左旗', '0', 163, 0, '', 1, 0, '', NULL, 0),
(931, '额济纳旗', '0', 163, 0, '', 1, 0, '', NULL, 0),
(932, '和平区', '0', 164, 0, '', 1, 0, '', NULL, 0),
(935, '皇姑区', '0', 164, 0, '', 1, 0, '', NULL, 0),
(936, '铁西区', '0', 164, 0, '', 1, 0, '', NULL, 0),
(939, '新城子区', '0', 164, 0, '', 1, 0, '', NULL, 0),
(942, '康平县', '0', 164, 0, '', 1, 0, '', NULL, 0),
(943, '法库县', '0', 164, 0, '', 1, 0, '', NULL, 0),
(946, '西岗区', '0', 165, 0, '', 1, 0, '', NULL, 0),
(947, '沙河口区', '0', 165, 0, '', 1, 0, '', NULL, 0),
(950, '金州区', '0', 165, 0, '', 1, 0, '', NULL, 0),
(953, '普兰店市', '0', 165, 0, '', 1, 0, '', NULL, 0),
(954, '庄河市', '0', 165, 0, '', 1, 0, '', NULL, 0),
(955, '铁东区', '0', 166, 0, '', 1, 0, '', NULL, 0),
(956, '铁西区', '0', 166, 0, '', 1, 0, '', NULL, 0),
(957, '立山区', '0', 166, 0, '', 1, 0, '', NULL, 0),
(958, '千山区', '0', 166, 0, '', 1, 0, '', NULL, 0),
(959, '台安县', '0', 166, 0, '', 1, 0, '', NULL, 0),
(960, '岫岩满族自治县', '0', 166, 0, '', 1, 0, '', NULL, 0),
(965, '顺城区', '0', 167, 0, '', 1, 0, '', NULL, 0),
(968, '清原满族自治县', '0', 167, 0, '', 1, 0, '', NULL, 0),
(969, '平山区', '0', 168, 0, '', 1, 0, '', NULL, 0),
(970, '溪湖区', '0', 168, 0, '', 1, 0, '', NULL, 0),
(972, '南芬区', '0', 168, 0, '', 1, 0, '', NULL, 0),
(973, '本溪满族自治县', '0', 168, 0, '', 1, 0, '', NULL, 0),
(975, '元宝区', '0', 169, 0, '', 1, 0, '', NULL, 0),
(976, '振兴区', '0', 169, 0, '', 1, 0, '', NULL, 0),
(983, '太和区', '0', 170, 0, '', 1, 0, '', NULL, 0),
(987, '北镇市', '0', 170, 0, '', 1, 0, '', NULL, 0),
(990, '鲅鱼圈区', '0', 171, 0, '', 1, 0, '', NULL, 0),
(994, '海州区', '0', 172, 0, '', 1, 0, '', NULL, 0),
(997, '清河门区', '0', 172, 0, '', 1, 0, '', NULL, 0),
(998, '细河区', '0', 172, 0, '', 1, 0, '', NULL, 0),
(1000, '彰武县', '0', 172, 0, '', 1, 0, '', NULL, 0),
(1004, '弓长岭区', '0', 173, 0, '', 1, 0, '', NULL, 0),
(1005, '太子河区', '0', 173, 0, '', 1, 0, '', NULL, 0),
(1008, '双台子区', '0', 174, 0, '', 1, 0, '', NULL, 0),
(1009, '兴隆台区', '0', 174, 0, '', 1, 0, '', NULL, 0),
(1011, '盘山县', '0', 174, 0, '', 1, 0, '', NULL, 0),
(1012, '银州区', '0', 175, 0, '', 1, 0, '', NULL, 0),
(1015, '西丰县', '0', 175, 0, '', 1, 0, '', NULL, 0),
(1016, '昌图县', '0', 175, 0, '', 1, 0, '', NULL, 0),
(1019, '双塔区', '0', 176, 0, '', 1, 0, '', NULL, 0),
(1022, '建平县', '0', 176, 0, '', 1, 0, '', NULL, 0),
(1023, '喀喇沁左翼蒙古族自治县', '0', 176, 0, '', 1, 0, '', NULL, 0),
(1026, '连山区', '0', 177, 0, '', 1, 0, '', NULL, 0),
(1027, '龙港区', '0', 177, 0, '', 1, 0, '', NULL, 0),
(1030, '建昌县', '0', 177, 0, '', 1, 0, '', NULL, 0),
(1033, '宽城区', '0', 178, 0, '', 1, 0, '', NULL, 0);
INSERT INTO `jydp_linkage` (`linkageid`, `name`, `style`, `parentid`, `child`, `arrchildid`, `keyid`, `listorder`, `description`, `setting`, `siteid`) VALUES
(1034, '朝阳区', '0', 178, 0, '', 1, 0, '', NULL, 0),
(1037, '双阳区', '0', 178, 0, '', 1, 0, '', NULL, 0),
(1038, '农安县', '0', 178, 0, '', 1, 0, '', NULL, 0),
(1040, '榆树市', '0', 178, 0, '', 1, 0, '', NULL, 0),
(1041, '德惠市', '0', 178, 0, '', 1, 0, '', NULL, 0),
(1044, '船营区', '0', 179, 0, '', 1, 0, '', NULL, 0),
(1045, '丰满区', '0', 179, 0, '', 1, 0, '', NULL, 0),
(1048, '桦甸市', '0', 179, 0, '', 1, 0, '', NULL, 0),
(1049, '舒兰市', '0', 179, 0, '', 1, 0, '', NULL, 0),
(1051, '铁西区', '0', 180, 0, '', 1, 0, '', NULL, 0),
(1052, '铁东区', '0', 180, 0, '', 1, 0, '', NULL, 0),
(1055, '公主岭市', '0', 180, 0, '', 1, 0, '', NULL, 0),
(1056, '双辽市', '0', 180, 0, '', 1, 0, '', NULL, 0),
(1059, '东丰县', '0', 181, 0, '', 1, 0, '', NULL, 0),
(1062, '二道江区', '0', 182, 0, '', 1, 0, '', NULL, 0),
(1063, '通化县', '0', 182, 0, '', 1, 0, '', NULL, 0),
(1066, '梅河口市', '0', 182, 0, '', 1, 0, '', NULL, 0),
(1067, '集安市', '0', 182, 0, '', 1, 0, '', NULL, 0),
(1070, '靖宇县', '0', 183, 0, '', 1, 0, '', NULL, 0),
(1074, '宁江区', '0', 184, 0, '', 1, 0, '', NULL, 0),
(1078, '扶余县', '0', 184, 0, '', 1, 0, '', NULL, 0),
(1081, '通榆县', '0', 185, 0, '', 1, 0, '', NULL, 0),
(1085, '图们市', '0', 186, 0, '', 1, 0, '', NULL, 0),
(1089, '和龙市', '0', 186, 0, '', 1, 0, '', NULL, 0),
(1092, '道里区', '0', 187, 0, '', 1, 0, '', NULL, 0),
(1096, '动力区', '0', 187, 0, '', 1, 0, '', NULL, 0),
(1100, '依兰县', '0', 187, 0, '', 1, 0, '', NULL, 0),
(1104, '木兰县', '0', 187, 0, '', 1, 0, '', NULL, 0),
(1108, '双城市', '0', 187, 0, '', 1, 0, '', NULL, 0),
(1111, '龙沙区', '0', 188, 0, '', 1, 0, '', NULL, 0),
(1115, '富拉尔基区', '0', 188, 0, '', 1, 0, '', NULL, 0),
(1119, '依安县', '0', 188, 0, '', 1, 0, '', NULL, 0),
(1121, '甘南县', '0', 188, 0, '', 1, 0, '', NULL, 0),
(1122, '富裕县', '0', 188, 0, '', 1, 0, '', NULL, 0),
(1126, '讷河市', '0', 188, 0, '', 1, 0, '', NULL, 0),
(1133, '鸡东县', '0', 189, 0, '', 1, 0, '', NULL, 0),
(1137, '工农区', '0', 190, 0, '', 1, 0, '', NULL, 0),
(1140, '东山区', '0', 190, 0, '', 1, 0, '', NULL, 0),
(1144, '尖山区', '0', 191, 0, '', 1, 0, '', NULL, 0),
(1148, '集贤县', '0', 191, 0, '', 1, 0, '', NULL, 0),
(1151, '饶河县', '0', 191, 0, '', 1, 0, '', NULL, 0),
(1155, '红岗区', '0', 192, 0, '', 1, 0, '', NULL, 0),
(1159, '林甸县', '0', 192, 0, '', 1, 0, '', NULL, 0),
(1162, '南岔区', '0', 193, 0, '', 1, 0, '', NULL, 0),
(1166, '新青区', '0', 193, 0, '', 1, 0, '', NULL, 0),
(1173, '乌伊岭区', '0', 193, 0, '', 1, 0, '', NULL, 0),
(1177, '铁力市', '0', 193, 0, '', 1, 0, '', NULL, 0),
(1180, '前进区', '0', 194, 0, '', 1, 0, '', NULL, 0),
(1184, '桦川县', '0', 194, 0, '', 1, 0, '', NULL, 0),
(1188, '富锦市', '0', 194, 0, '', 1, 0, '', NULL, 0),
(1191, '茄子河区', '0', 195, 0, '', 1, 0, '', NULL, 0),
(1195, '爱民区', '0', 196, 0, '', 1, 0, '', NULL, 0),
(1199, '绥芬河市', '0', 196, 0, '', 1, 0, '', NULL, 0),
(1203, '爱辉区', '0', 197, 0, '', 1, 0, '', NULL, 0),
(1205, '逊克县', '0', 197, 0, '', 1, 0, '', NULL, 0),
(1206, '孙吴县', '0', 197, 0, '', 1, 0, '', NULL, 0),
(1208, '五大连池市', '0', 197, 0, '', 1, 0, '', NULL, 0),
(1209, '北林区', '0', 198, 0, '', 1, 0, '', NULL, 0),
(1210, '望奎县', '0', 198, 0, '', 1, 0, '', NULL, 0),
(1211, '兰西县', '0', 198, 0, '', 1, 0, '', NULL, 0),
(1212, '青冈县', '0', 198, 0, '', 1, 0, '', NULL, 0),
(1213, '庆安县', '0', 198, 0, '', 1, 0, '', NULL, 0),
(1214, '明水县', '0', 198, 0, '', 1, 0, '', NULL, 0),
(1215, '绥棱县', '0', 198, 0, '', 1, 0, '', NULL, 0),
(1216, '安达市', '0', 198, 0, '', 1, 0, '', NULL, 0),
(1217, '肇东市', '0', 198, 0, '', 1, 0, '', NULL, 0),
(1218, '海伦市', '0', 198, 0, '', 1, 0, '', NULL, 0),
(1219, '呼玛县', '0', 199, 0, '', 1, 0, '', NULL, 0),
(1220, '塔河县', '0', 199, 0, '', 1, 0, '', NULL, 0),
(1221, '漠河县', '0', 199, 0, '', 1, 0, '', NULL, 0),
(1222, '玄武区', '0', 200, 0, '', 1, 0, '', NULL, 0),
(1223, '白下区', '0', 200, 0, '', 1, 0, '', NULL, 0),
(1224, '秦淮区', '0', 200, 0, '', 1, 0, '', NULL, 0),
(1225, '建邺区', '0', 200, 0, '', 1, 0, '', NULL, 0),
(1226, '鼓楼区', '0', 200, 0, '', 1, 0, '', NULL, 0),
(1227, '下关区', '0', 200, 0, '', 1, 0, '', NULL, 0),
(1228, '浦口区', '0', 200, 0, '', 1, 0, '', NULL, 0),
(1229, '栖霞区', '0', 200, 0, '', 1, 0, '', NULL, 0),
(1230, '雨花台区', '0', 200, 0, '', 1, 0, '', NULL, 0),
(1231, '江宁区', '0', 200, 0, '', 1, 0, '', NULL, 0),
(1232, '六合区', '0', 200, 0, '', 1, 0, '', NULL, 0),
(1233, '溧水县', '0', 200, 0, '', 1, 0, '', NULL, 0),
(1234, '高淳县', '0', 200, 0, '', 1, 0, '', NULL, 0),
(1235, '崇安区', '0', 201, 0, '', 1, 0, '', NULL, 0),
(1236, '南长区', '0', 201, 0, '', 1, 0, '', NULL, 0),
(1237, '北塘区', '0', 201, 0, '', 1, 0, '', NULL, 0),
(1238, '锡山区', '0', 201, 0, '', 1, 0, '', NULL, 0),
(1239, '惠山区', '0', 201, 0, '', 1, 0, '', NULL, 0),
(1240, '滨湖区', '0', 201, 0, '', 1, 0, '', NULL, 0),
(1241, '江阴市', '0', 201, 0, '', 1, 0, '', NULL, 0),
(1242, '宜兴市', '0', 201, 0, '', 1, 0, '', NULL, 0),
(1243, '鼓楼区', '0', 202, 0, '', 1, 0, '', NULL, 0),
(1244, '云龙区', '0', 202, 0, '', 1, 0, '', NULL, 0),
(1245, '九里区', '0', 202, 0, '', 1, 0, '', NULL, 0),
(1246, '贾汪区', '0', 202, 0, '', 1, 0, '', NULL, 0),
(1247, '泉山区', '0', 202, 0, '', 1, 0, '', NULL, 0),
(1248, '丰县', '0', 202, 0, '', 1, 0, '', NULL, 0),
(1249, '沛县', '0', 202, 0, '', 1, 0, '', NULL, 0),
(1250, '铜山县', '0', 202, 0, '', 1, 0, '', NULL, 0),
(1251, '睢宁县', '0', 202, 0, '', 1, 0, '', NULL, 0),
(1252, '新沂市', '0', 202, 0, '', 1, 0, '', NULL, 0),
(1253, '邳州市', '0', 202, 0, '', 1, 0, '', NULL, 0),
(1254, '天宁区', '0', 203, 0, '', 1, 0, '', NULL, 0),
(1255, '钟楼区', '0', 203, 0, '', 1, 0, '', NULL, 0),
(1256, '戚墅堰区', '0', 203, 0, '', 1, 0, '', NULL, 0),
(1257, '新北区', '0', 203, 0, '', 1, 0, '', NULL, 0),
(1258, '武进区', '0', 203, 0, '', 1, 0, '', NULL, 0),
(1259, '溧阳市', '0', 203, 0, '', 1, 0, '', NULL, 0),
(1260, '金坛市', '0', 203, 0, '', 1, 0, '', NULL, 0),
(1261, '沧浪区', '0', 204, 0, '', 1, 0, '', NULL, 0),
(1262, '平江区', '0', 204, 0, '', 1, 0, '', NULL, 0),
(1265, '吴中区', '0', 204, 0, '', 1, 0, '', NULL, 0),
(1269, '昆山市', '0', 204, 0, '', 1, 0, '', NULL, 0),
(1272, '崇川区', '0', 205, 0, '', 1, 0, '', NULL, 0),
(1277, '如皋市', '0', 205, 0, '', 1, 0, '', NULL, 0),
(1278, '通州市', '0', 205, 0, '', 1, 0, '', NULL, 0),
(1283, '赣榆县', '0', 206, 0, '', 1, 0, '', NULL, 0),
(1287, '清河区', '0', 207, 0, '', 1, 0, '', NULL, 0),
(1290, '清浦区', '0', 207, 0, '', 1, 0, '', NULL, 0),
(1292, '洪泽县', '0', 207, 0, '', 1, 0, '', NULL, 0),
(1293, '盱眙县', '0', 207, 0, '', 1, 0, '', NULL, 0),
(1294, '金湖县', '0', 207, 0, '', 1, 0, '', NULL, 0),
(1295, '亭湖区', '0', 208, 0, '', 1, 0, '', NULL, 0),
(1296, '盐都区', '0', 208, 0, '', 1, 0, '', NULL, 0),
(1297, '响水县', '0', 208, 0, '', 1, 0, '', NULL, 0),
(1298, '滨海县', '0', 208, 0, '', 1, 0, '', NULL, 0),
(1299, '阜宁县', '0', 208, 0, '', 1, 0, '', NULL, 0),
(1300, '射阳县', '0', 208, 0, '', 1, 0, '', NULL, 0),
(1301, '建湖县', '0', 208, 0, '', 1, 0, '', NULL, 0),
(1302, '东台市', '0', 208, 0, '', 1, 0, '', NULL, 0),
(1303, '大丰市', '0', 208, 0, '', 1, 0, '', NULL, 0),
(1304, '广陵区', '0', 209, 0, '', 1, 0, '', NULL, 0),
(1305, '邗江区', '0', 209, 0, '', 1, 0, '', NULL, 0),
(1306, '维扬区', '0', 209, 0, '', 1, 0, '', NULL, 0),
(1307, '宝应县', '0', 209, 0, '', 1, 0, '', NULL, 0),
(1309, '高邮市', '0', 209, 0, '', 1, 0, '', NULL, 0),
(1311, '京口区', '0', 210, 0, '', 1, 0, '', NULL, 0),
(1312, '润州区', '0', 210, 0, '', 1, 0, '', NULL, 0),
(1317, '海陵区', '0', 211, 0, '', 1, 0, '', NULL, 0),
(1320, '靖江市', '0', 211, 0, '', 1, 0, '', NULL, 0),
(1324, '宿豫区', '0', 212, 0, '', 1, 0, '', NULL, 0),
(1328, '上城区', '0', 213, 0, '', 1, 0, '', NULL, 0),
(1330, '江干区', '0', 213, 0, '', 1, 0, '', NULL, 0),
(1331, '拱墅区', '0', 213, 0, '', 1, 0, '', NULL, 0),
(1335, '余杭区', '0', 213, 0, '', 1, 0, '', NULL, 0),
(1339, '富阳市', '0', 213, 0, '', 1, 0, '', NULL, 0),
(1341, '海曙区', '0', 214, 0, '', 1, 0, '', NULL, 0),
(1342, '江东区', '0', 214, 0, '', 1, 0, '', NULL, 0),
(1346, '鄞州区', '0', 214, 0, '', 1, 0, '', NULL, 0),
(1351, '奉化市', '0', 214, 0, '', 1, 0, '', NULL, 0),
(1353, '龙湾区', '0', 215, 0, '', 1, 0, '', NULL, 0),
(1357, '平阳县', '0', 215, 0, '', 1, 0, '', NULL, 0),
(1360, '泰顺县', '0', 215, 0, '', 1, 0, '', NULL, 0),
(1364, '秀洲区', '0', 216, 0, '', 1, 0, '', NULL, 0),
(1368, '平湖市', '0', 216, 0, '', 1, 0, '', NULL, 0),
(1371, '南浔区', '0', 217, 0, '', 1, 0, '', NULL, 0),
(1374, '安吉县', '0', 217, 0, '', 1, 0, '', NULL, 0),
(1375, '越城区', '0', 218, 0, '', 1, 0, '', NULL, 0),
(1379, '上虞市', '0', 218, 0, '', 1, 0, '', NULL, 0),
(1382, '金东区', '0', 219, 0, '', 1, 0, '', NULL, 0),
(1386, '兰溪市', '0', 219, 0, '', 1, 0, '', NULL, 0),
(1393, '开化县', '0', 220, 0, '', 1, 0, '', NULL, 0),
(1397, '普陀区', '0', 221, 0, '', 1, 0, '', NULL, 0),
(1401, '黄岩区', '0', 222, 0, '', 1, 0, '', NULL, 0),
(1405, '天台县', '0', 222, 0, '', 1, 0, '', NULL, 0),
(1409, '莲都区', '0', 223, 0, '', 1, 0, '', NULL, 0),
(1412, '遂昌县', '0', 223, 0, '', 1, 0, '', NULL, 0),
(1416, '景宁畲族自治县', '0', 223, 0, '', 1, 0, '', NULL, 0),
(1423, '肥东县', '0', 224, 0, '', 1, 0, '', NULL, 0),
(1427, '鸠江区', '0', 225, 0, '', 1, 0, '', NULL, 0),
(1430, '繁昌县', '0', 225, 0, '', 1, 0, '', NULL, 0),
(1434, '禹会区', '0', 226, 0, '', 1, 0, '', NULL, 0),
(1438, '固镇县', '0', 226, 0, '', 1, 0, '', NULL, 0),
(1441, '谢家集区', '0', 227, 0, '', 1, 0, '', NULL, 0),
(1445, '金家庄区', '0', 228, 0, '', 1, 0, '', NULL, 0),
(1449, '杜集区', '0', 229, 0, '', 1, 0, '', NULL, 0),
(1452, '濉溪县', '0', 229, 0, '', 1, 0, '', NULL, 0),
(1533, '平潭县', '0', 241, 0, '', 1, 0, '', NULL, 0),
(1537, '海沧区', '0', 242, 0, '', 1, 0, '', NULL, 0),
(1595, '上杭县', '0', 248, 0, '', 1, 0, '', NULL, 0),
(1599, '蕉城区', '0', 249, 0, '', 1, 0, '', NULL, 0),
(1661, '吉州区', '0', 257, 0, '', 1, 0, '', NULL, 0),
(1665, '峡江县', '0', 257, 0, '', 1, 0, '', NULL, 0),
(1666, '新干县', '0', 257, 0, '', 1, 0, '', NULL, 0),
(1669, '遂川县', '0', 257, 0, '', 1, 0, '', NULL, 0),
(1691, '金溪县', '0', 259, 0, '', 1, 0, '', NULL, 0),
(1694, '广昌县', '0', 259, 0, '', 1, 0, '', NULL, 0),
(1698, '玉山县', '0', 260, 0, '', 1, 0, '', NULL, 0),
(1702, '余干县', '0', 260, 0, '', 1, 0, '', NULL, 0),
(1706, '德兴市', '0', 260, 0, '', 1, 0, '', NULL, 0),
(1709, '槐荫区', '0', 261, 0, '', 1, 0, '', NULL, 0),
(1712, '长清区', '0', 261, 0, '', 1, 0, '', NULL, 0),
(1713, '平阴县', '0', 261, 0, '', 1, 0, '', NULL, 0),
(1715, '商河县', '0', 261, 0, '', 1, 0, '', NULL, 0),
(1716, '章丘市', '0', 261, 0, '', 1, 0, '', NULL, 0),
(1717, '市南区', '0', 262, 0, '', 1, 0, '', NULL, 0),
(1720, '黄岛区', '0', 262, 0, '', 1, 0, '', NULL, 0),
(1724, '胶州市', '0', 262, 0, '', 1, 0, '', NULL, 0),
(1739, '峄城区', '0', 264, 0, '', 1, 0, '', NULL, 0),
(1742, '滕州市', '0', 264, 0, '', 1, 0, '', NULL, 0),
(1746, '利津县', '0', 265, 0, '', 1, 0, '', NULL, 0),
(1753, '龙口市', '0', 266, 0, '', 1, 0, '', NULL, 0),
(1757, '招远市', '0', 266, 0, '', 1, 0, '', NULL, 0),
(1760, '潍城区', '0', 267, 0, '', 1, 0, '', NULL, 0),
(1764, '临朐县', '0', 267, 0, '', 1, 0, '', NULL, 0),
(1768, '寿光市', '0', 267, 0, '', 1, 0, '', NULL, 0),
(1771, '昌邑市', '0', 267, 0, '', 1, 0, '', NULL, 0),
(1775, '鱼台县', '0', 268, 0, '', 1, 0, '', NULL, 0),
(1779, '泗水县', '0', 268, 0, '', 1, 0, '', NULL, 0),
(1782, '兖州市', '0', 268, 0, '', 1, 0, '', NULL, 0),
(1786, '宁阳县', '0', 269, 0, '', 1, 0, '', NULL, 0),
(1793, '乳山市', '0', 270, 0, '', 1, 0, '', NULL, 0),
(1797, '莒县', '0', 271, 0, '', 1, 0, '', NULL, 0),
(1801, '罗庄区', '0', 273, 0, '', 1, 0, '', NULL, 0),
(1805, '沂水县', '0', 273, 0, '', 1, 0, '', NULL, 0),
(1809, '莒南县', '0', 273, 0, '', 1, 0, '', NULL, 0),
(1811, '临沭县', '0', 273, 0, '', 1, 0, '', NULL, 0),
(1812, '德城区', '0', 274, 0, '', 1, 0, '', NULL, 0),
(1815, '庆云县', '0', 274, 0, '', 1, 0, '', NULL, 0),
(1816, '临邑县', '0', 274, 0, '', 1, 0, '', NULL, 0),
(1819, '夏津县', '0', 274, 0, '', 1, 0, '', NULL, 0),
(1822, '禹城市', '0', 274, 0, '', 1, 0, '', NULL, 0),
(1823, '东昌府区', '0', 275, 0, '', 1, 0, '', NULL, 0),
(1826, '茌平县', '0', 275, 0, '', 1, 0, '', NULL, 0),
(1827, '东阿县', '0', 275, 0, '', 1, 0, '', NULL, 0),
(1830, '临清市', '0', 275, 0, '', 1, 0, '', NULL, 0),
(1833, '阳信县', '0', 276, 0, '', 1, 0, '', NULL, 0),
(1834, '无棣县', '0', 276, 0, '', 1, 0, '', NULL, 0),
(1835, '沾化县', '0', 276, 0, '', 1, 0, '', NULL, 0),
(1836, '博兴县', '0', 276, 0, '', 1, 0, '', NULL, 0),
(1837, '邹平县', '0', 276, 0, '', 1, 0, '', NULL, 0),
(1838, '牡丹区', '0', 277, 0, '', 1, 0, '', NULL, 0),
(1839, '曹县', '0', 277, 0, '', 1, 0, '', NULL, 0),
(1840, '单县', '0', 277, 0, '', 1, 0, '', NULL, 0),
(1845, '定陶县', '0', 277, 0, '', 1, 0, '', NULL, 0),
(1849, '管城回族区', '0', 278, 0, '', 1, 0, '', NULL, 0),
(1852, '惠济区', '0', 278, 0, '', 1, 0, '', NULL, 0),
(1856, '新密市', '0', 278, 0, '', 1, 0, '', NULL, 0),
(1881, '洛宁县', '0', 280, 0, '', 1, 0, '', NULL, 0),
(1885, '卫东区', '0', 281, 0, '', 1, 0, '', NULL, 0),
(1889, '叶县', '0', 281, 0, '', 1, 0, '', NULL, 0),
(1892, '舞钢市', '0', 281, 0, '', 1, 0, '', NULL, 0),
(1896, '殷都区', '0', 282, 0, '', 1, 0, '', NULL, 0),
(1900, '滑县', '0', 282, 0, '', 1, 0, '', NULL, 0),
(1904, '山城区', '0', 283, 0, '', 1, 0, '', NULL, 0),
(1908, '红旗区', '0', 284, 0, '', 1, 0, '', NULL, 0),
(1911, '牧野区', '0', 284, 0, '', 1, 0, '', NULL, 0),
(1915, '延津县', '0', 284, 0, '', 1, 0, '', NULL, 0),
(1919, '辉县市', '0', 284, 0, '', 1, 0, '', NULL, 0),
(1922, '马村区', '0', 285, 0, '', 1, 0, '', NULL, 0),
(1926, '武陟县', '0', 285, 0, '', 1, 0, '', NULL, 0),
(1933, '南乐县', '0', 286, 0, '', 1, 0, '', NULL, 0),
(1937, '魏都区', '0', 287, 0, '', 1, 0, '', NULL, 0),
(1940, '襄城县', '0', 287, 0, '', 1, 0, '', NULL, 0),
(1944, '郾城区', '0', 288, 0, '', 1, 0, '', NULL, 0),
(1948, '湖滨区', '0', 289, 0, '', 1, 0, '', NULL, 0),
(1951, '卢氏县', '0', 289, 0, '', 1, 0, '', NULL, 0),
(1959, '镇平县', '0', 290, 0, '', 1, 0, '', NULL, 0),
(1962, '社旗县', '0', 290, 0, '', 1, 0, '', NULL, 0),
(1966, '邓州市', '0', 290, 0, '', 1, 0, '', NULL, 0),
(1973, '虞城县', '0', 291, 0, '', 1, 0, '', NULL, 0),
(1977, '平桥区', '0', 292, 0, '', 1, 0, '', NULL, 0),
(1980, '新县', '0', 292, 0, '', 1, 0, '', NULL, 0),
(1984, '淮滨县', '0', 292, 0, '', 1, 0, '', NULL, 0),
(1988, '西华县', '0', 293, 0, '', 1, 0, '', NULL, 0),
(1991, '郸城县', '0', 293, 0, '', 1, 0, '', NULL, 0),
(1995, '项城市', '0', 293, 0, '', 1, 0, '', NULL, 0),
(1999, '平舆县', '0', 294, 0, '', 1, 0, '', NULL, 0),
(2002, '泌阳县', '0', 294, 0, '', 1, 0, '', NULL, 0),
(2006, '江岸区', '0', 295, 0, '', 1, 0, '', NULL, 0),
(2013, '东西湖区', '0', 295, 0, '', 1, 0, '', NULL, 0),
(2017, '黄陂区', '0', 295, 0, '', 1, 0, '', NULL, 0),
(2020, '西塞山区', '0', 296, 0, '', 1, 0, '', NULL, 0),
(2024, '大冶市', '0', 296, 0, '', 1, 0, '', NULL, 0),
(2028, '郧西县', '0', 297, 0, '', 1, 0, '', NULL, 0),
(2031, '房县', '0', 297, 0, '', 1, 0, '', NULL, 0),
(2035, '点军区', '0', 298, 0, '', 1, 0, '', NULL, 0),
(2039, '兴山县', '0', 298, 0, '', 1, 0, '', NULL, 0),
(2042, '五峰土家族自治县', '0', 298, 0, '', 1, 0, '', NULL, 0),
(2046, '襄城区', '0', 299, 0, '', 1, 0, '', NULL, 0),
(2053, '枣阳市', '0', 299, 0, '', 1, 0, '', NULL, 0),
(2057, '鄂城区', '0', 300, 0, '', 1, 0, '', NULL, 0),
(2060, '京山县', '0', 301, 0, '', 1, 0, '', NULL, 0),
(2064, '孝昌县', '0', 302, 0, '', 1, 0, '', NULL, 0),
(2068, '安陆市', '0', 302, 0, '', 1, 0, '', NULL, 0),
(2071, '荆州区', '0', 303, 0, '', 1, 0, '', NULL, 0),
(2075, '石首市', '0', 303, 0, '', 1, 0, '', NULL, 0),
(2079, '团风县', '0', 304, 0, '', 1, 0, '', NULL, 0),
(2082, '英山县', '0', 304, 0, '', 1, 0, '', NULL, 0),
(2086, '麻城市', '0', 304, 0, '', 1, 0, '', NULL, 0),
(2093, '赤壁市', '0', 305, 0, '', 1, 0, '', NULL, 0),
(2097, '利川市', '0', 307, 0, '', 1, 0, '', NULL, 0),
(2101, '咸丰县', '0', 307, 0, '', 1, 0, '', NULL, 0),
(2105, '天心区', '0', 312, 0, '', 1, 0, '', NULL, 0),
(2109, '长沙县', '0', 312, 0, '', 1, 0, '', NULL, 0),
(2112, '浏阳市', '0', 312, 0, '', 1, 0, '', NULL, 0),
(2116, '天元区', '0', 313, 0, '', 1, 0, '', NULL, 0),
(2123, '岳塘区', '0', 314, 0, '', 1, 0, '', NULL, 0),
(2127, '珠晖区', '0', 315, 0, '', 1, 0, '', NULL, 0),
(2130, '蒸湘区', '0', 315, 0, '', 1, 0, '', NULL, 0),
(2134, '衡山县', '0', 315, 0, '', 1, 0, '', NULL, 0),
(2138, '常宁市', '0', 315, 0, '', 1, 0, '', NULL, 0),
(2141, '北塔区', '0', 316, 0, '', 1, 0, '', NULL, 0),
(2145, '隆回县', '0', 316, 0, '', 1, 0, '', NULL, 0),
(2149, '城步苗族自治县', '0', 316, 0, '', 1, 0, '', NULL, 0),
(2152, '云溪区', '0', 317, 0, '', 1, 0, '', NULL, 0),
(2156, '湘阴县', '0', 317, 0, '', 1, 0, '', NULL, 0),
(2163, '汉寿县', '0', 318, 0, '', 1, 0, '', NULL, 0),
(2167, '石门县', '0', 318, 0, '', 1, 0, '', NULL, 0),
(2170, '武陵源区', '0', 319, 0, '', 1, 0, '', NULL, 0),
(2174, '赫山区', '0', 320, 0, '', 1, 0, '', NULL, 0),
(2178, '沅江市', '0', 320, 0, '', 1, 0, '', NULL, 0),
(2181, '桂阳县', '0', 321, 0, '', 1, 0, '', NULL, 0),
(2185, '临武县', '0', 321, 0, '', 1, 0, '', NULL, 0),
(2189, '资兴市', '0', 321, 0, '', 1, 0, '', NULL, 0),
(2192, '祁阳县', '0', 322, 0, '', 1, 0, '', NULL, 0),
(2196, '江永县', '0', 322, 0, '', 1, 0, '', NULL, 0),
(2200, '江华瑶族自治县', '0', 322, 0, '', 1, 0, '', NULL, 0),
(2204, '辰溪县', '0', 323, 0, '', 1, 0, '', NULL, 0),
(2208, '新晃侗族自治县', '0', 323, 0, '', 1, 0, '', NULL, 0),
(2211, '通道侗族自治县', '0', 323, 0, '', 1, 0, '', NULL, 0),
(2215, '新化县', '0', 324, 0, '', 1, 0, '', NULL, 0),
(2219, '泸溪县', '0', 325, 0, '', 1, 0, '', NULL, 0),
(2222, '保靖县', '0', 325, 0, '', 1, 0, '', NULL, 0),
(2226, '荔湾区', '0', 326, 0, '', 1, 0, '', NULL, 0),
(2233, '花都区', '0', 326, 0, '', 1, 0, '', NULL, 0),
(2237, '从化市', '0', 326, 0, '', 1, 0, '', NULL, 0),
(2240, '曲江区', '0', 327, 0, '', 1, 0, '', NULL, 0),
(2244, '乳源瑶族自治县', '0', 327, 0, '', 1, 0, '', NULL, 0),
(2248, '罗湖区', '0', 328, 0, '', 1, 0, '', NULL, 0),
(2251, '宝安区', '0', 328, 0, '', 1, 0, '', NULL, 0),
(2255, '斗门区', '0', 329, 0, '', 1, 0, '', NULL, 0),
(2259, '濠江区', '0', 330, 0, '', 1, 0, '', NULL, 0),
(2262, '澄海区', '0', 330, 0, '', 1, 0, '', NULL, 0),
(2266, '顺德区', '0', 331, 0, '', 1, 0, '', NULL, 0),
(2273, '开平市', '0', 332, 0, '', 1, 0, '', NULL, 0),
(2277, '霞山区', '0', 333, 0, '', 1, 0, '', NULL, 0),
(2294, '怀集县', '0', 335, 0, '', 1, 0, '', NULL, 0),
(2295, '封开县', '0', 335, 0, '', 1, 0, '', NULL, 0),
(2299, '惠城区', '0', 336, 0, '', 1, 0, '', NULL, 0),
(2303, '龙门县', '0', 336, 0, '', 1, 0, '', NULL, 0),
(2307, '丰顺县', '0', 337, 0, '', 1, 0, '', NULL, 0),
(2310, '蕉岭县', '0', 337, 0, '', 1, 0, '', NULL, 0),
(2314, '陆河县', '0', 338, 0, '', 1, 0, '', NULL, 0),
(2318, '龙川县', '0', 339, 0, '', 1, 0, '', NULL, 0),
(2321, '东源县', '0', 339, 0, '', 1, 0, '', NULL, 0),
(2325, '阳春市', '0', 340, 0, '', 1, 0, '', NULL, 0),
(2329, '连山壮族瑶族自治县', '0', 341, 0, '', 1, 0, '', NULL, 0),
(2332, '英德市', '0', 341, 0, '', 1, 0, '', NULL, 0),
(2336, '饶平县', '0', 344, 0, '', 1, 0, '', NULL, 0),
(2343, '新兴县', '0', 346, 0, '', 1, 0, '', NULL, 0),
(2347, '兴宁区', '0', 347, 0, '', 1, 0, '', NULL, 0),
(2350, '西乡塘区', '0', 347, 0, '', 1, 0, '', NULL, 0),
(2354, '隆安县', '0', 347, 0, '', 1, 0, '', NULL, 0),
(2358, '横县', '0', 347, 0, '', 1, 0, '', NULL, 0),
(2361, '柳南区', '0', 348, 0, '', 1, 0, '', NULL, 0),
(2365, '鹿寨县', '0', 348, 0, '', 1, 0, '', NULL, 0),
(2369, '秀峰区', '0', 349, 0, '', 1, 0, '', NULL, 0),
(2372, '七星区', '0', 349, 0, '', 1, 0, '', NULL, 0),
(2376, '灵川县', '0', 349, 0, '', 1, 0, '', NULL, 0),
(2383, '平乐县', '0', 349, 0, '', 1, 0, '', NULL, 0),
(2387, '蝶山区', '0', 350, 0, '', 1, 0, '', NULL, 0),
(2390, '藤县', '0', 350, 0, '', 1, 0, '', NULL, 0),
(2394, '银海区', '0', 351, 0, '', 1, 0, '', NULL, 0),
(2398, '防城区', '0', 352, 0, '', 1, 0, '', NULL, 0),
(2402, '钦北区', '0', 353, 0, '', 1, 0, '', NULL, 0),
(2406, '港南区', '0', 354, 0, '', 1, 0, '', NULL, 0),
(2413, '博白县', '0', 355, 0, '', 1, 0, '', NULL, 0),
(2417, '田阳县', '0', 356, 0, '', 1, 0, '', NULL, 0),
(2420, '德保县', '0', 356, 0, '', 1, 0, '', NULL, 0),
(2424, '乐业县', '0', 356, 0, '', 1, 0, '', NULL, 0),
(2446, '武宣县', '0', 359, 0, '', 1, 0, '', NULL, 0),
(2453, '大新县', '0', 360, 0, '', 1, 0, '', NULL, 0),
(2457, '龙华区', '0', 361, 0, '', 1, 0, '', NULL, 0),
(2460, '锦江区', '0', 382, 0, '', 1, 0, '', NULL, 0),
(2464, '成华区', '0', 382, 0, '', 1, 0, '', NULL, 0),
(2468, '温江区', '0', 382, 0, '', 1, 0, '', NULL, 0),
(2471, '郫县', '0', 382, 0, '', 1, 0, '', NULL, 0),
(2475, '都江堰市', '0', 382, 0, '', 1, 0, '', NULL, 0),
(2479, '自流井区', '0', 383, 0, '', 1, 0, '', NULL, 0),
(2482, '沿滩区', '0', 383, 0, '', 1, 0, '', NULL, 0),
(2486, '西区', '0', 384, 0, '', 1, 0, '', NULL, 0),
(2493, '泸县', '0', 385, 0, '', 1, 0, '', NULL, 0),
(2497, '旌阳区', '0', 386, 0, '', 1, 0, '', NULL, 0),
(2501, '什邡市', '0', 386, 0, '', 1, 0, '', NULL, 0),
(2505, '三台县', '0', 387, 0, '', 1, 0, '', NULL, 0),
(2509, '北川羌族自治县', '0', 387, 0, '', 1, 0, '', NULL, 0),
(2512, '市中区', '0', 388, 0, '', 1, 0, '', NULL, 0),
(2516, '青川县', '0', 388, 0, '', 1, 0, '', NULL, 0),
(2521, '蓬溪县', '0', 389, 0, '', 1, 0, '', NULL, 0),
(2522, '射洪县', '0', 389, 0, '', 1, 0, '', NULL, 0),
(2525, '东兴区', '0', 390, 0, '', 1, 0, '', NULL, 0),
(2527, '资中县', '0', 390, 0, '', 1, 0, '', NULL, 0),
(2530, '沙湾区', '0', 391, 0, '', 1, 0, '', NULL, 0),
(2534, '井研县', '0', 391, 0, '', 1, 0, '', NULL, 0),
(2538, '马边彝族自治县', '0', 391, 0, '', 1, 0, '', NULL, 0),
(2541, '高坪区', '0', 392, 0, '', 1, 0, '', NULL, 0),
(2545, '蓬安县', '0', 392, 0, '', 1, 0, '', NULL, 0),
(2549, '东坡区', '0', 393, 0, '', 1, 0, '', NULL, 0),
(2564, '屏山县', '0', 394, 0, '', 1, 0, '', NULL, 0),
(2567, '武胜县', '0', 395, 0, '', 1, 0, '', NULL, 0),
(2570, '通川区', '0', 396, 0, '', 1, 0, '', NULL, 0),
(2574, '大竹县', '0', 396, 0, '', 1, 0, '', NULL, 0),
(2578, '名山县', '0', 397, 0, '', 1, 0, '', NULL, 0),
(2581, '石棉县', '0', 397, 0, '', 1, 0, '', NULL, 0),
(2585, '巴州区', '0', 398, 0, '', 1, 0, '', NULL, 0),
(2589, '雁江区', '0', 399, 0, '', 1, 0, '', NULL, 0),
(2592, '简阳市', '0', 399, 0, '', 1, 0, '', NULL, 0),
(2596, '松潘县', '0', 400, 0, '', 1, 0, '', NULL, 0),
(2600, '黑水县', '0', 400, 0, '', 1, 0, '', NULL, 0),
(2604, '若尔盖县', '0', 400, 0, '', 1, 0, '', NULL, 0),
(2608, '丹巴县', '0', 401, 0, '', 1, 0, '', NULL, 0),
(2611, '道孚县', '0', 401, 0, '', 1, 0, '', NULL, 0),
(2615, '德格县', '0', 401, 0, '', 1, 0, '', NULL, 0),
(2619, '理塘县', '0', 401, 0, '', 1, 0, '', NULL, 0),
(2622, '稻城县', '0', 401, 0, '', 1, 0, '', NULL, 0),
(2626, '盐源县', '0', 402, 0, '', 1, 0, '', NULL, 0),
(2633, '金阳县', '0', 402, 0, '', 1, 0, '', NULL, 0),
(2637, '越西县', '0', 402, 0, '', 1, 0, '', NULL, 0),
(2640, '雷波县', '0', 402, 0, '', 1, 0, '', NULL, 0),
(2644, '乌当区', '0', 403, 0, '', 1, 0, '', NULL, 0),
(2655, '红花岗区', '0', 405, 0, '', 1, 0, '', NULL, 0),
(2659, '绥阳县', '0', 405, 0, '', 1, 0, '', NULL, 0),
(2662, '务川仡佬族苗族自治县', '0', 405, 0, '', 1, 0, '', NULL, 0),
(2665, '余庆县', '0', 405, 0, '', 1, 0, '', NULL, 0),
(2666, '习水县', '0', 405, 0, '', 1, 0, '', NULL, 0),
(2669, '西秀区', '0', 406, 0, '', 1, 0, '', NULL, 0),
(2673, '关岭布依族苗族自治县', '0', 406, 0, '', 1, 0, '', NULL, 0),
(2677, '玉屏侗族自治县', '0', 407, 0, '', 1, 0, '', NULL, 0),
(2680, '印江土家族苗族自治县', '0', 407, 0, '', 1, 0, '', NULL, 0),
(2684, '万山特区', '0', 407, 0, '', 1, 0, '', NULL, 0),
(2688, '晴隆县', '0', 408, 0, '', 1, 0, '', NULL, 0),
(2691, '册亨县', '0', 408, 0, '', 1, 0, '', NULL, 0),
(2695, '黔西县', '0', 409, 0, '', 1, 0, '', NULL, 0),
(2699, '威宁彝族回族苗族自治县', '0', 409, 0, '', 1, 0, '', NULL, 0),
(2713, '从江县', '0', 410, 0, '', 1, 0, '', NULL, 0),
(2714, '雷山县', '0', 410, 0, '', 1, 0, '', NULL, 0),
(2717, '都匀市', '0', 411, 0, '', 1, 0, '', NULL, 0),
(2718, '福泉市', '0', 411, 0, '', 1, 0, '', NULL, 0),
(2721, '瓮安县', '0', 411, 0, '', 1, 0, '', NULL, 0),
(2725, '长顺县', '0', 411, 0, '', 1, 0, '', NULL, 0),
(2729, '五华区', '0', 412, 0, '', 1, 0, '', NULL, 0),
(2732, '西山区', '0', 412, 0, '', 1, 0, '', NULL, 0),
(2736, '富民县', '0', 412, 0, '', 1, 0, '', NULL, 0),
(2743, '麒麟区', '0', 413, 0, '', 1, 0, '', NULL, 0),
(2747, '罗平县', '0', 413, 0, '', 1, 0, '', NULL, 0),
(2750, '沾益县', '0', 413, 0, '', 1, 0, '', NULL, 0),
(2758, '峨山彝族自治县', '0', 414, 0, '', 1, 0, '', NULL, 0),
(2761, '隆阳区', '0', 415, 0, '', 1, 0, '', NULL, 0),
(2765, '昌宁县', '0', 415, 0, '', 1, 0, '', NULL, 0),
(2769, '盐津县', '0', 416, 0, '', 1, 0, '', NULL, 0),
(2772, '绥江县', '0', 416, 0, '', 1, 0, '', NULL, 0),
(2776, '水富县', '0', 416, 0, '', 1, 0, '', NULL, 0),
(2782, '翠云区', '0', 418, 0, '', 1, 0, '', NULL, 0),
(2783, '普洱哈尼族彝族自治县', '0', 418, 0, '', 1, 0, '', NULL, 0),
(2787, '镇沅彝族哈尼族拉祜族自治县', '0', 418, 0, '', 1, 0, '', NULL, 0),
(2790, '澜沧拉祜族自治县', '0', 418, 0, '', 1, 0, '', NULL, 0),
(2794, '云县', '0', 419, 0, '', 1, 0, '', NULL, 0),
(2798, '耿马傣族佤族自治县', '0', 419, 0, '', 1, 0, '', NULL, 0),
(2802, '牟定县', '0', 420, 0, '', 1, 0, '', NULL, 0),
(2806, '永仁县', '0', 420, 0, '', 1, 0, '', NULL, 0),
(2813, '屏边苗族自治县', '0', 421, 0, '', 1, 0, '', NULL, 0),
(2817, '泸西县', '0', 421, 0, '', 1, 0, '', NULL, 0),
(2820, '金平苗族瑶族傣族自治县', '0', 421, 0, '', 1, 0, '', NULL, 0),
(2824, '砚山县', '0', 422, 0, '', 1, 0, '', NULL, 0),
(2828, '丘北县', '0', 422, 0, '', 1, 0, '', NULL, 0),
(2831, '景洪市', '0', 423, 0, '', 1, 0, '', NULL, 0),
(2835, '漾濞彝族自治县', '0', 424, 0, '', 1, 0, '', NULL, 0),
(2839, '南涧彝族自治县', '0', 424, 0, '', 1, 0, '', NULL, 0),
(2842, '云龙县', '0', 424, 0, '', 1, 0, '', NULL, 0),
(2845, '鹤庆县', '0', 424, 0, '', 1, 0, '', NULL, 0),
(2846, '瑞丽市', '0', 425, 0, '', 1, 0, '', NULL, 0),
(2848, '梁河县', '0', 425, 0, '', 1, 0, '', NULL, 0),
(2853, '贡山独龙族怒族自治县', '0', 426, 0, '', 1, 0, '', NULL, 0),
(2857, '维西傈僳族自治县', '0', 427, 0, '', 1, 0, '', NULL, 0),
(2860, '当雄县', '0', 428, 0, '', 1, 0, '', NULL, 0),
(2864, '达孜县', '0', 428, 0, '', 1, 0, '', NULL, 0),
(2868, '贡觉县', '0', 429, 0, '', 1, 0, '', NULL, 0),
(2871, '察雅县', '0', 429, 0, '', 1, 0, '', NULL, 0),
(2875, '洛隆县', '0', 429, 0, '', 1, 0, '', NULL, 0),
(2879, '贡嘎县', '0', 430, 0, '', 1, 0, '', NULL, 0),
(2882, '曲松县', '0', 430, 0, '', 1, 0, '', NULL, 0),
(2886, '隆子县', '0', 430, 0, '', 1, 0, '', NULL, 0),
(2893, '萨迦县', '0', 431, 0, '', 1, 0, '', NULL, 0),
(2897, '白朗县', '0', 431, 0, '', 1, 0, '', NULL, 0),
(2901, '仲巴县', '0', 431, 0, '', 1, 0, '', NULL, 0),
(2904, '聂拉木县', '0', 431, 0, '', 1, 0, '', NULL, 0),
(2905, '萨嘎县', '0', 431, 0, '', 1, 0, '', NULL, 0),
(2908, '嘉黎县', '0', 432, 0, '', 1, 0, '', NULL, 0),
(2909, '比如县', '0', 432, 0, '', 1, 0, '', NULL, 0),
(2923, '措勤县', '0', 433, 0, '', 1, 0, '', NULL, 0),
(2927, '墨脱县', '0', 434, 0, '', 1, 0, '', NULL, 0),
(2930, '朗县', '0', 434, 0, '', 1, 0, '', NULL, 0),
(2934, '灞桥区', '0', 435, 0, '', 1, 0, '', NULL, 0),
(2938, '临潼区', '0', 435, 0, '', 1, 0, '', NULL, 0),
(2941, '周至县', '0', 435, 0, '', 1, 0, '', NULL, 0),
(2945, '印台区', '0', 436, 0, '', 1, 0, '', NULL, 0),
(2949, '金台区', '0', 437, 0, '', 1, 0, '', NULL, 0),
(2952, '岐山县', '0', 437, 0, '', 1, 0, '', NULL, 0),
(2956, '千阳县', '0', 437, 0, '', 1, 0, '', NULL, 0),
(2963, '三原县', '0', 438, 0, '', 1, 0, '', NULL, 0),
(2967, '永寿县', '0', 438, 0, '', 1, 0, '', NULL, 0),
(2970, '旬邑县', '0', 438, 0, '', 1, 0, '', NULL, 0),
(2974, '临渭区', '0', 439, 0, '', 1, 0, '', NULL, 0),
(2978, '合阳县', '0', 439, 0, '', 1, 0, '', NULL, 0),
(2981, '白水县', '0', 439, 0, '', 1, 0, '', NULL, 0),
(2985, '宝塔区', '0', 440, 0, '', 1, 0, '', NULL, 0),
(2989, '安塞县', '0', 440, 0, '', 1, 0, '', NULL, 0),
(2992, '甘泉县', '0', 440, 0, '', 1, 0, '', NULL, 0),
(2996, '黄龙县', '0', 440, 0, '', 1, 0, '', NULL, 0),
(3003, '勉县', '0', 441, 0, '', 1, 0, '', NULL, 0),
(3007, '留坝县', '0', 441, 0, '', 1, 0, '', NULL, 0),
(3010, '神木县', '0', 442, 0, '', 1, 0, '', NULL, 0),
(3014, '定边县', '0', 442, 0, '', 1, 0, '', NULL, 0),
(3018, '吴堡县', '0', 442, 0, '', 1, 0, '', NULL, 0),
(3021, '汉滨区', '0', 443, 0, '', 1, 0, '', NULL, 0),
(3025, '紫阳县', '0', 443, 0, '', 1, 0, '', NULL, 0),
(3029, '旬阳县', '0', 443, 0, '', 1, 0, '', NULL, 0),
(3032, '洛南县', '0', 444, 0, '', 1, 0, '', NULL, 0),
(3036, '镇安县', '0', 444, 0, '', 1, 0, '', NULL, 0),
(3043, '永登县', '0', 445, 0, '', 1, 0, '', NULL, 0),
(3047, '永昌县', '0', 447, 0, '', 1, 0, '', NULL, 0),
(3050, '靖远县', '0', 448, 0, '', 1, 0, '', NULL, 0),
(3054, '北道区', '0', 449, 0, '', 1, 0, '', NULL, 0),
(3058, '武山县', '0', 449, 0, '', 1, 0, '', NULL, 0),
(3061, '民勤县', '0', 450, 0, '', 1, 0, '', NULL, 0),
(3065, '肃南裕固族自治县', '0', 451, 0, '', 1, 0, '', NULL, 0),
(3069, '山丹县', '0', 451, 0, '', 1, 0, '', NULL, 0),
(3072, '灵台县', '0', 452, 0, '', 1, 0, '', NULL, 0),
(3076, '静宁县', '0', 452, 0, '', 1, 0, '', NULL, 0),
(3083, '敦煌市', '0', 453, 0, '', 1, 0, '', NULL, 0),
(3087, '华池县', '0', 454, 0, '', 1, 0, '', NULL, 0),
(3090, '宁县', '0', 454, 0, '', 1, 0, '', NULL, 0),
(3098, '岷县', '0', 455, 0, '', 1, 0, '', NULL, 0),
(3102, '宕昌县', '0', 456, 0, '', 1, 0, '', NULL, 0),
(3106, '徽县', '0', 456, 0, '', 1, 0, '', NULL, 0),
(3113, '和政县', '0', 457, 0, '', 1, 0, '', NULL, 0),
(3117, '临潭县', '0', 458, 0, '', 1, 0, '', NULL, 0),
(3120, '迭部县', '0', 458, 0, '', 1, 0, '', NULL, 0),
(3124, '城东区', '0', 459, 0, '', 1, 0, '', NULL, 0),
(3128, '大通回族土族自治县', '0', 459, 0, '', 1, 0, '', NULL, 0),
(3131, '平安县', '0', 460, 0, '', 1, 0, '', NULL, 0),
(3142, '尖扎县', '0', 462, 0, '', 1, 0, '', NULL, 0),
(3146, '同德县', '0', 463, 0, '', 1, 0, '', NULL, 0),
(3153, '达日县', '0', 464, 0, '', 1, 0, '', NULL, 0),
(3157, '杂多县', '0', 465, 0, '', 1, 0, '', NULL, 0),
(3160, '囊谦县', '0', 465, 0, '', 1, 0, '', NULL, 0),
(3164, '乌兰县', '0', 466, 0, '', 1, 0, '', NULL, 0),
(3168, '西夏区', '0', 467, 0, '', 1, 0, '', NULL, 0),
(3171, '贺兰县', '0', 467, 0, '', 1, 0, '', NULL, 0),
(3175, '平罗县', '0', 468, 0, '', 1, 0, '', NULL, 0),
(3178, '同心县', '0', 469, 0, '', 1, 0, '', NULL, 0),
(3179, '青铜峡市', '0', 469, 0, '', 1, 0, '', NULL, 0),
(3182, '隆德县', '0', 470, 0, '', 1, 0, '', NULL, 0),
(3186, '中宁县', '0', 471, 0, '', 1, 0, '', NULL, 0),
(3193, '达坂城区', '0', 472, 0, '', 1, 0, '', NULL, 0),
(3197, '克拉玛依区', '0', 473, 0, '', 1, 0, '', NULL, 0),
(3201, '鄯善县', '0', 474, 0, '', 1, 0, '', NULL, 0),
(3205, '伊吾县', '0', 475, 0, '', 1, 0, '', NULL, 0),
(3209, '呼图壁县', '0', 476, 0, '', 1, 0, '', NULL, 0),
(3212, '吉木萨尔县', '0', 476, 0, '', 1, 0, '', NULL, 0),
(3216, '温泉县', '0', 477, 0, '', 1, 0, '', NULL, 0),
(3263, '霍城县', '0', 483, 0, '', 1, 0, '', NULL, 0),
(3267, '特克斯县', '0', 483, 0, '', 1, 0, '', NULL, 0),
(3270, '乌苏市', '0', 484, 0, '', 1, 0, '', NULL, 0),
(3274, '裕民县', '0', 484, 0, '', 1, 0, '', NULL, 0),
(3278, '富蕴县', '0', 485, 0, '', 1, 0, '', NULL, 0),
(3281, '青河县', '0', 485, 0, '', 1, 0, '', NULL, 0),
(3359, '钓鱼岛', '', 3358, 0, '', 1, 0, '', NULL, 0);

-- --------------------------------------------------------

--
-- 表的结构 `jydp_log`
--

CREATE TABLE IF NOT EXISTS `jydp_log` (
  `logid` int(10) unsigned NOT NULL AUTO_INCREMENT,
  `field` varchar(15) NOT NULL,
  `value` int(10) unsigned NOT NULL DEFAULT '0',
  `module` varchar(15) NOT NULL,
  `file` varchar(20) NOT NULL,
  `action` varchar(20) NOT NULL,
  `querystring` varchar(255) NOT NULL,
  `data` mediumtext NOT NULL,
  `userid` mediumint(8) unsigned NOT NULL DEFAULT '0',
  `username` varchar(20) NOT NULL,
  `ip` varchar(15) NOT NULL,
  `time` datetime NOT NULL DEFAULT '0000-00-00 00:00:00',
  PRIMARY KEY (`logid`),
  KEY `module` (`module`,`file`,`action`),
  KEY `username` (`username`,`action`)
) ENGINE=MyISAM  DEFAULT CHARSET=utf8 ROW_FORMAT=DYNAMIC AUTO_INCREMENT=584 ;

--
-- 转存表中的数据 `jydp_log`
--

INSERT INTO `jydp_log` (`logid`, `field`, `value`, `module`, `file`, `action`, `querystring`, `data`, `userid`, `username`, `ip`, `time`) VALUES
(3, '', 0, 'admin', '', 'index', '?m=admin&c=index&a=login', '', 0, '', '111.75.15.64', '2017-04-21 16:11:38'),
(7, '', 0, 'content', '', 'content', '?m=content&c=content&a=add', '', 1, 'admin888', '111.75.15.64', '2017-04-21 17:22:58'),
(1, '', 0, 'admin', '', 'index', '?m=admin&c=index&a=login', '', 0, '', '111.75.15.64', '2017-04-21 16:10:46'),
(5, '', 0, 'admin', '', 'index', '?m=admin&c=index&a=login', '', 0, '', '111.75.15.64', '2017-04-21 16:11:54'),
(2, '', 0, 'admin', '', 'index', '?m=admin&c=index&a=login', '', 0, '', '111.75.15.64', '2017-04-21 16:10:59'),
(6, '', 0, 'content', '', 'content', '?m=content&c=content&a=add', '', 1, 'admin888', '111.75.15.64', '2017-04-21 17:22:37'),
(4, '', 0, 'admin', '', 'index', '?m=admin&c=index&a=login', '', 0, '', '101.226.33.203', '2017-04-21 16:11:48'),
(8, '', 0, 'content', '', 'content', '?m=content&c=content&a=add', '', 1, 'admin888', '111.75.15.64', '2017-04-21 18:01:18'),
(9, '', 0, 'content', '', 'content', '?m=content&c=content&a=add', '', 1, 'admin888', '111.75.15.64', '2017-04-21 18:01:27'),
(10, '', 0, 'admin', '', 'index', '?m=admin&c=index&a=login', '', 0, 'admin888', '111.75.15.64', '2017-04-22 09:37:47'),
(11, '', 0, 'admin', '', 'index', '?m=admin&c=index&a=login', '', 0, 'admin888', '111.75.15.64', '2017-04-22 09:37:55'),
(12, '', 0, 'admin', '', 'index', '?m=admin&c=index&a=login', '', 0, '', '101.226.51.230', '2017-04-22 09:37:57'),
(13, '', 0, 'member', '', 'member_group', '?m=member&c=member_group&a=manage', '', 1, 'admin888', '111.75.15.64', '2017-04-22 10:11:01'),
(14, '', 0, 'member', '', 'member', '?m=member&c=member&a=manage', '', 1, 'admin888', '111.75.15.64', '2017-04-22 10:11:04'),
(15, '', 0, 'admin', '', 'admin_manage', '?m=admin&c=admin_manage&a=add', '', 1, 'admin888', '111.75.15.64', '2017-04-22 10:11:13'),
(16, '', 0, 'admin', '', 'admin_manage', '?m=admin&c=admin_manage&a=add', '', 1, 'admin888', '111.75.15.64', '2017-04-22 10:12:06'),
(17, '', 0, 'admin', '', 'log', '?m=admin&c=log&a=search_log', '', 1, 'admin888', '111.75.15.64', '2017-04-22 10:14:20'),
(18, '', 0, 'member', '', 'member_menu', '?m=member&c=member_menu&a=manage', '', 1, 'admin888', '111.75.15.64', '2017-04-22 10:14:42'),
(19, '', 0, 'admin', '', 'site', '?m=admin&c=site&a=edit', '', 1, 'admin888', '111.75.15.64', '2017-04-22 10:21:53'),
(20, '', 0, 'admin', '', 'site', '?m=admin&c=site&a=edit', '', 1, 'admin888', '111.75.15.64', '2017-04-22 10:22:20'),
(21, '', 0, 'admin', '', 'index', '?m=admin&c=index&a=login', '', 0, '', '111.75.15.64', '2017-04-22 10:22:33'),
(22, '', 0, 'admin', '', 'index', '?m=admin&c=index&a=login', '', 0, '', '111.75.15.64', '2017-04-22 10:22:38'),
(23, '', 0, 'admin', '', 'index', '?m=admin&c=index&a=login', '', 0, '', '101.226.66.180', '2017-04-22 10:22:44'),
(24, '', 0, 'admin', '', 'site', '?m=admin&c=site&a=add', '', 1, 'admin888', '111.75.15.64', '2017-04-22 10:32:18'),
(25, '', 0, 'admin', '', 'site', '?m=admin&c=site&a=add', '', 1, 'admin888', '111.75.15.64', '2017-04-22 10:32:32'),
(26, '', 0, 'admin', '', 'site', '?m=admin&c=site&a=add', '', 1, 'admin888', '111.75.15.64', '2017-04-22 10:33:11'),
(27, '', 0, 'admin', '', 'site', '?m=admin&c=site&a=add', '', 1, 'admin888', '111.75.15.64', '2017-04-22 10:33:23'),
(28, '', 0, 'admin', '', 'site', '?m=admin&c=site&a=edit', '', 1, 'admin888', '111.75.15.64', '2017-04-22 10:33:35'),
(29, '', 0, 'admin', '', 'site', '?m=admin&c=site&a=edit', '', 1, 'admin888', '111.75.15.64', '2017-04-22 10:33:43'),
(30, '', 0, 'admin', '', 'index', '?m=admin&c=index&a=login', '', 0, '', '111.75.13.79', '2017-05-12 17:57:14'),
(31, '', 0, 'admin', '', 'index', '?m=admin&c=index&a=login', '', 0, '', '111.75.13.79', '2017-05-12 17:57:35'),
(32, '', 0, 'admin', '', 'index', '?m=admin&c=index&a=login', '', 0, '', '111.75.13.79', '2017-05-12 17:57:37'),
(33, '', 0, 'admin', '', 'index', '?m=admin&c=index&a=login', '', 0, '', '111.75.13.79', '2017-05-12 17:57:50'),
(34, '', 0, 'admin', '', 'index', '?m=admin&c=index&a=login', '', 0, '', '111.75.13.79', '2017-05-12 17:57:52'),
(35, '', 0, 'admin', '', 'index', '?m=admin&c=index&a=login', '', 0, '', '111.75.13.79', '2017-05-12 17:59:14'),
(36, '', 0, 'admin', '', 'index', '?m=admin&c=index&a=login', '', 0, '', '111.75.13.79', '2017-05-12 17:59:15'),
(37, '', 0, 'admin', '', 'index', '?m=admin&c=index&a=login', '', 0, '', '111.75.13.79', '2017-05-12 17:59:55'),
(38, '', 0, 'admin', '', 'index', '?m=admin&c=index&a=login', '', 0, '', '111.75.13.79', '2017-05-12 17:59:57'),
(39, '', 0, 'admin', '', 'index', '?m=admin&c=index&a=login', '', 0, '', '106.4.204.84', '2017-05-23 09:36:07'),
(40, '', 0, 'admin', '', 'index', '?m=admin&c=index&a=login', '', 0, '', '106.4.204.84', '2017-05-23 09:51:18'),
(41, '', 0, 'admin', '', 'index', '?m=admin&c=index&a=login', '', 0, '', '106.4.204.84', '2017-05-23 09:56:05'),
(42, '', 0, 'admin', '', 'index', '?m=admin&c=index&a=login', '', 0, '', '106.4.204.84', '2017-05-23 09:56:13'),
(43, '', 0, 'admin', '', 'index', '?m=admin&c=index&a=login', '', 1, '', '106.4.204.84', '2017-05-23 10:00:22'),
(44, '', 0, 'admin', '', 'index', '?m=admin&c=index&a=login', '', 1, '', '106.4.204.84', '2017-05-23 10:00:27'),
(45, '', 0, 'content', '', 'content', '?m=content&c=content&a=add', '', 1, 'admin888', '106.4.204.84', '2017-05-23 10:51:18'),
(46, '', 0, 'member', '', 'member_group', '?m=member&c=member_group&a=manage', '', 1, 'admin888', '106.4.204.84', '2017-05-23 13:25:18'),
(47, '', 0, 'member', '', 'member', '?m=member&c=member&a=manage', '', 1, 'admin888', '106.4.204.84', '2017-05-23 13:25:19'),
(48, '', 0, 'member', '', 'member', '?m=member&c=member&a=delete', '', 1, 'admin888', '106.4.204.84', '2017-05-23 13:25:28'),
(49, '', 0, 'member', '', 'member', '?m=member&c=member&a=manage', '', 1, 'admin888', '106.4.204.84', '2017-05-23 13:25:30'),
(50, '', 0, 'member', '', 'member', '?m=member&c=member&a=add', '', 1, 'admin888', '106.4.204.84', '2017-05-23 15:01:44'),
(51, '', 0, 'member', '', 'member', '?m=member&c=member&a=add', '', 1, 'admin888', '106.4.204.84', '2017-05-23 15:02:30'),
(52, '', 0, 'member', '', 'member', '?m=member&c=member&a=add', '', 1, 'admin888', '106.4.204.84', '2017-05-23 15:02:31'),
(53, '', 0, 'member', '', 'member', '?m=member&c=member&a=manage', '', 1, 'admin888', '106.4.204.84', '2017-05-23 15:02:40'),
(54, '', 0, 'member', '', 'member', '?m=member&c=member&a=manage', '', 1, 'admin888', '106.4.204.84', '2017-05-23 15:02:42'),
(55, '', 0, 'member', '', 'member', '?m=member&c=member&a=add', '', 1, 'admin888', '106.4.204.84', '2017-05-23 15:02:48'),
(56, '', 0, 'member', '', 'member', '?m=member&c=member&a=manage', '', 1, 'admin888', '106.4.204.84', '2017-05-23 15:03:12'),
(57, '', 0, 'member', '', 'member_verify', '?m=member&c=member_verify&a=manage', '', 1, 'admin888', '106.4.204.84', '2017-05-23 15:03:13'),
(58, '', 0, 'member', '', 'member', '?m=member&c=member&a=manage', '', 1, 'admin888', '106.4.204.84', '2017-05-23 15:03:17'),
(59, '', 0, 'member', '', 'member', '?m=member&c=member&a=add', '', 1, 'admin888', '106.4.204.84', '2017-05-23 15:03:21'),
(60, '', 0, 'member', '', 'member', '?m=member&c=member&a=add', '', 1, 'admin888', '106.4.204.84', '2017-05-23 15:04:08'),
(61, '', 0, 'member', '', 'member', '?m=member&c=member&a=add', '', 1, 'admin888', '106.4.204.84', '2017-05-23 15:04:10'),
(62, '', 0, 'member', '', 'member_group', '?m=member&c=member_group&a=manage', '', 1, 'admin888', '106.4.204.84', '2017-05-23 15:04:54'),
(63, '', 0, 'member', '', 'member', '?m=member&c=member&a=manage', '', 1, 'admin888', '106.4.204.84', '2017-05-23 15:04:56'),
(64, '', 0, 'member', '', 'member_group', '?m=member&c=member_group&a=manage', '', 1, 'admin888', '106.4.204.84', '2017-05-23 15:05:26'),
(65, '', 0, 'member', '', 'member', '?m=member&c=member&a=manage', '', 1, 'admin888', '106.4.204.84', '2017-05-23 15:05:28'),
(66, '', 0, 'member', '', 'member', '?m=member&c=member&a=manage', '', 1, 'admin888', '106.4.204.84', '2017-05-23 15:09:47'),
(67, '', 0, 'member', '', 'member_group', '?m=member&c=member_group&a=manage', '', 1, 'admin888', '106.4.204.84', '2017-05-23 16:06:24'),
(68, '', 0, 'member', '', 'member', '?m=member&c=member&a=manage', '', 1, 'admin888', '106.4.204.84', '2017-05-23 16:08:49'),
(69, '', 0, 'member', '', 'member', '?m=member&c=member&a=manage', '', 1, 'admin888', '106.4.204.84', '2017-05-23 16:09:35'),
(70, '', 0, 'member', '', 'member', '?m=member&c=member&a=manage', '', 1, 'admin888', '106.4.204.84', '2017-05-23 16:09:39'),
(71, '', 0, 'member', '', 'member_group', '?m=member&c=member_group&a=manage', '', 1, 'admin888', '106.4.204.84', '2017-05-23 16:09:41'),
(72, '', 0, 'member', '', 'member', '?m=member&c=member&a=manage', '', 1, 'admin888', '106.4.204.84', '2017-05-23 16:10:43'),
(73, '', 0, 'member', '', 'member', '?m=member&c=member&a=add', '', 1, 'admin888', '106.4.204.84', '2017-05-23 16:10:45'),
(74, '', 0, 'member', '', 'member', '?m=member&c=member&a=add', '', 1, 'admin888', '106.4.204.84', '2017-05-23 16:11:16'),
(75, '', 0, 'member', '', 'member', '?m=member&c=member&a=manage', '', 1, 'admin888', '106.4.204.84', '2017-05-23 16:11:17'),
(76, '', 0, 'member', '', 'member', '?m=member&c=member&a=manage', '', 1, 'admin888', '106.4.204.84', '2017-05-23 16:12:02'),
(77, '', 0, 'member', '', 'member', '?m=member&c=member&a=manage', '', 1, 'admin888', '106.4.204.84', '2017-05-23 16:13:04'),
(78, '', 0, 'member', '', 'member', '?m=member&c=member&a=manage', '', 1, 'admin888', '106.4.204.84', '2017-05-23 16:13:05'),
(79, '', 0, 'admin', '', 'index', '?m=admin&c=index&a=login', '', 0, 'admin888', '111.75.15.207', '2017-05-25 15:26:27'),
(80, '', 0, 'admin', '', 'index', '?m=admin&c=index&a=login', '', 0, 'admin888', '111.75.15.207', '2017-05-25 15:26:32'),
(81, '', 0, 'content', '', 'sitemodel', '?m=content&c=sitemodel&a=import', '', 1, 'admin888', '111.75.15.207', '2017-05-25 16:32:43'),
(82, '', 0, 'content', '', 'sitemodel', '?m=content&c=sitemodel&a=add', '', 1, 'admin888', '111.75.15.207', '2017-05-25 16:32:48'),
(83, '', 0, 'content', '', 'sitemodel', '?m=content&c=sitemodel&a=add', '', 1, 'admin888', '111.75.15.207', '2017-05-25 16:33:28'),
(84, '', 0, 'admin', '', 'category', '?m=admin&c=category&a=add', '', 1, 'admin888', '111.75.15.207', '2017-05-25 16:36:33'),
(85, '', 0, 'content', '', 'sitemodel', '?m=content&c=sitemodel&a=edit', '', 1, 'admin888', '111.75.15.207', '2017-05-25 16:36:52'),
(86, '', 0, 'content', '', 'sitemodel', '?m=content&c=sitemodel&a=edit', '', 1, 'admin888', '111.75.15.207', '2017-05-25 16:36:59'),
(87, '', 0, 'admin', '', 'category', '?m=admin&c=category&a=add', '', 1, 'admin888', '111.75.15.207', '2017-05-25 16:37:03'),
(88, '', 0, 'admin', '', 'category', '?m=admin&c=category&a=add', '', 1, 'admin888', '111.75.15.207', '2017-05-25 16:37:25'),
(89, '', 0, 'admin', '', 'category', '?m=admin&c=category&a=add', '', 1, 'admin888', '111.75.15.207', '2017-05-25 16:37:49'),
(90, '', 0, 'admin', '', 'category', '?m=admin&c=category&a=add', '', 1, 'admin888', '111.75.15.207', '2017-05-25 16:38:42'),
(91, '', 0, 'admin', '', 'category', '?m=admin&c=category&a=add', '', 1, 'admin888', '111.75.15.207', '2017-05-25 16:38:44'),
(92, '', 0, 'admin', '', 'category', '?m=admin&c=category&a=add', '', 1, 'admin888', '111.75.15.207', '2017-05-25 17:15:32'),
(93, '', 0, 'content', '', 'sitemodel', '?m=content&c=sitemodel&a=add', '', 1, 'admin888', '111.75.15.207', '2017-05-25 17:15:45'),
(94, '', 0, 'content', '', 'sitemodel', '?m=content&c=sitemodel&a=add', '', 1, 'admin888', '111.75.15.207', '2017-05-25 17:16:20'),
(95, '', 0, 'admin', '', 'category', '?m=admin&c=category&a=add', '', 1, 'admin888', '111.75.15.207', '2017-05-25 17:49:06'),
(96, '', 0, 'admin', '', 'category', '?m=admin&c=category&a=add', '', 1, 'admin888', '111.75.15.207', '2017-05-25 17:49:20'),
(97, '', 0, 'admin', '', 'category', '?m=admin&c=category&a=count_items', '', 1, 'admin888', '111.75.15.207', '2017-05-25 18:02:33'),
(98, '', 0, 'admin', '', 'index', '?m=admin&c=index&a=login', '', 0, 'admin888', '106.5.137.40', '2017-05-26 17:58:29'),
(99, '', 0, 'admin', '', 'index', '?m=admin&c=index&a=login', '', 0, 'admin888', '106.5.137.40', '2017-05-26 17:58:33'),
(100, '', 0, 'admin', '', 'index', '?m=admin&c=index&a=login', '', 0, 'admin888', '106.5.139.180', '2017-05-31 14:35:36'),
(101, '', 0, 'admin', '', 'index', '?m=admin&c=index&a=login', '', 0, 'admin888', '106.5.139.180', '2017-05-31 14:35:43'),
(102, '', 0, 'member', '', 'member', '?m=member&c=member&a=manage', '', 1, 'admin888', '106.5.139.180', '2017-05-31 14:35:59'),
(103, '', 0, 'member', '', 'member', '?m=member&c=member&a=manage', '', 1, 'admin888', '106.5.139.180', '2017-05-31 14:36:04'),
(104, '', 0, 'member', '', 'member', '?m=member&c=member&a=edit', '', 1, 'admin888', '106.5.139.180', '2017-05-31 14:36:16'),
(105, '', 0, 'member', '', 'member', '?m=member&c=member&a=edit', '', 1, 'admin888', '106.5.139.180', '2017-05-31 14:37:10'),
(106, '', 0, 'member', '', 'member', '?m=member&c=member&a=manage', '', 1, 'admin888', '106.5.139.180', '2017-05-31 14:37:11'),
(107, '', 0, 'admin', '', 'index', '?m=admin&c=index&a=login', '', 0, '', '218.64.42.112', '2017-05-31 21:24:57'),
(108, '', 0, 'admin', '', 'index', '?m=admin&c=index&a=login', '', 0, '', '101.226.33.224', '2017-05-31 21:25:07'),
(109, '', 0, 'admin', '', 'index', '?m=admin&c=index&a=login', '', 0, '', '101.226.69.246', '2017-05-31 21:25:07'),
(110, '', 0, 'admin', '', 'index', '?m=admin&c=index&a=login', '', 0, '', '112.65.193.14', '2017-05-31 21:25:07'),
(111, '', 0, 'admin', '', 'index', '?m=admin&c=index&a=login', '', 0, '', '218.64.42.112', '2017-05-31 21:25:16'),
(112, '', 0, 'admin', '', 'index', '?m=admin&c=index&a=login', '', 0, '', '218.64.42.112', '2017-05-31 21:25:18'),
(113, '', 0, 'admin', '', 'index', '?m=admin&c=index&a=login', '', 0, '', '218.64.42.112', '2017-05-31 21:25:32'),
(114, '', 0, 'member', '', 'member', '?m=member&c=member&a=manage', '', 1, 'admin888', '218.64.42.112', '2017-05-31 21:25:38'),
(115, '', 0, 'member', '', 'member', '?m=member&c=member&a=manage', '', 1, 'admin888', '218.64.42.112', '2017-05-31 21:33:43'),
(116, '', 0, 'admin', '', 'index', '?m=admin&c=index&a=login', '', 0, 'admin888', '115.152.101.101', '2017-06-01 10:05:31'),
(117, '', 0, 'admin', '', 'index', '?m=admin&c=index&a=login', '', 0, 'admin888', '115.152.101.101', '2017-06-01 10:05:37'),
(118, '', 0, 'member', '', 'member', '?m=member&c=member&a=manage', '', 1, 'admin888', '115.152.101.101', '2017-06-01 10:05:50'),
(119, '', 0, 'admin', '', 'index', '?m=admin&c=index&a=login', '', 0, '', '115.152.101.101', '2017-06-02 17:19:13'),
(120, '', 0, 'admin', '', 'index', '?m=admin&c=index&a=login', '', 0, '', '115.152.101.101', '2017-06-02 17:19:27'),
(121, '', 0, 'admin', '', 'index', '?m=admin&c=index&a=login', '', 0, '', '115.152.101.101', '2017-06-02 17:20:25'),
(122, '', 0, 'admin', '', 'index', '?m=admin&c=index&a=login', '', 0, '', '115.152.101.101', '2017-06-02 17:20:31'),
(123, '', 0, 'admin', '', 'index', '?m=admin&c=index&a=login', '', 1, '', '115.152.101.101', '2017-06-02 17:21:03'),
(124, '', 0, 'admin', '', 'index', '?m=admin&c=index&a=login', '', 1, '', '115.152.101.101', '2017-06-02 17:21:16'),
(125, '', 0, 'admin', '', 'index', '?m=admin&c=index&a=login', '', 1, '', '115.152.101.101', '2017-06-02 17:21:19'),
(126, '', 0, 'admin', '', 'index', '?m=admin&c=index&a=login', '', 1, '', '115.152.101.101', '2017-06-02 17:21:32'),
(127, '', 0, 'admin', '', 'index', '?m=admin&c=index&a=login', '', 1, '', '115.152.101.101', '2017-06-02 17:21:35'),
(128, '', 0, 'admin', '', 'index', '?m=admin&c=index&a=login', '', 0, 'admin888', '115.152.101.101', '2017-06-02 17:21:46'),
(129, '', 0, 'admin', '', 'index', '?m=admin&c=index&a=login', '', 0, 'admin888', '115.152.101.101', '2017-06-02 17:21:51'),
(130, '', 0, 'admin', '', 'site', '?m=admin&c=site&a=edit', '', 1, 'admin888', '115.152.101.101', '2017-06-02 17:22:04'),
(131, '', 0, 'admin', '', 'site', '?m=admin&c=site&a=edit', '', 1, 'admin888', '115.152.101.101', '2017-06-02 17:22:44'),
(132, '', 0, 'admin', '', 'site', '?m=admin&c=site&a=edit', '', 1, 'admin888', '115.152.101.101', '2017-06-02 17:22:51'),
(133, '', 0, 'admin', '', 'site', '?m=admin&c=site&a=edit', '', 1, 'admin888', '115.152.101.101', '2017-06-02 17:22:58'),
(134, '', 0, 'admin', '', 'site', '?m=admin&c=site&a=edit', '', 1, 'admin888', '115.152.101.101', '2017-06-02 17:23:04'),
(135, '', 0, 'admin', '', 'site', '?m=admin&c=site&a=edit', '', 1, 'admin888', '115.152.101.101', '2017-06-02 17:23:08'),
(136, '', 0, 'admin', '', 'site', '?m=admin&c=site&a=edit', '', 1, 'admin888', '115.152.101.101', '2017-06-02 17:23:09'),
(137, '', 0, 'admin', '', 'site', '?m=admin&c=site&a=edit', '', 1, 'admin888', '115.152.101.101', '2017-06-02 17:23:35'),
(138, '', 0, 'admin', '', 'index', '?m=admin&c=index&a=login', '', 1, '', '115.152.101.101', '2017-06-02 17:24:13'),
(139, '', 0, 'admin', '', 'index', '?m=admin&c=index&a=login', '', 1, '', '115.152.101.101', '2017-06-02 17:24:26'),
(140, '', 0, 'admin', '', 'index', '?m=admin&c=index&a=login', '', 1, '', '115.152.101.101', '2017-06-02 17:24:28'),
(141, '', 0, 'admin', '', 'index', '?m=admin&c=index&a=login', '', 1, '', '115.152.101.101', '2017-06-02 17:24:37'),
(142, '', 0, 'admin', '', 'index', '?m=admin&c=index&a=login', '', 1, '', '115.152.101.101', '2017-06-02 17:24:40'),
(143, '', 0, 'admin', '', 'index', '?m=admin&c=index&a=login', '', 0, 'admin888', '106.4.204.99', '2017-06-05 16:02:13'),
(144, '', 0, 'admin', '', 'index', '?m=admin&c=index&a=login', '', 0, 'admin888', '106.4.204.99', '2017-06-05 16:02:23'),
(145, '', 0, 'admin', '', 'urlrule', '?m=admin&c=urlrule&a=add', '', 1, 'admin888', '106.4.204.99', '2017-06-05 16:04:18'),
(146, '', 0, 'admin', '', 'index', '?m=admin&c=index&a=login', '', 0, 'admin888', '106.4.204.99', '2017-06-07 14:15:48'),
(147, '', 0, 'admin', '', 'index', '?m=admin&c=index&a=login', '', 0, 'admin888', '106.4.204.99', '2017-06-07 14:17:58'),
(148, '', 0, 'content', '', 'content', '?m=content&c=content&a=add', '', 1, 'admin888', '106.4.204.99', '2017-06-07 14:18:09'),
(149, '', 0, 'message', '', 'message', '?m=message&c=message&a=send_one', '', 1, 'admin888', '106.4.204.99', '2017-06-07 14:49:25'),
(150, '', 0, 'message', '', 'message', '?m=message&c=message&a=send_one', '', 1, 'admin888', '106.4.204.99', '2017-06-07 15:57:06'),
(151, '', 0, 'collection', '', 'node', '?m=collection&c=node&a=manage', '', 1, 'admin888', '106.4.204.99', '2017-06-07 15:57:13'),
(152, '', 0, 'admin', '', 'index', '?m=admin&c=index&a=login', '', 0, 'admin888', '106.5.136.114', '2017-06-09 18:28:10'),
(153, '', 0, 'admin', '', 'index', '?m=admin&c=index&a=login', '', 0, 'admin888', '106.5.136.114', '2017-06-09 18:28:16'),
(154, '', 0, 'admin', '', 'index', '?m=admin&c=index&a=login', '', 0, 'admin888', '106.5.136.114', '2017-06-09 18:28:17'),
(155, '', 0, 'admin', '', 'index', '?m=admin&c=index&a=login', '', 0, 'admin888', '106.5.136.114', '2017-06-09 18:28:27'),
(156, '', 0, 'member', '', 'member_model', '?m=member&c=member_model&a=manage', '', 1, 'admin888', '106.5.136.114', '2017-06-09 18:29:31'),
(157, '', 0, 'member', '', 'member_group', '?m=member&c=member_group&a=manage', '', 1, 'admin888', '106.5.136.114', '2017-06-09 18:29:34'),
(158, '', 0, 'member', '', 'member_setting', '?m=member&c=member_setting&a=manage', '', 1, 'admin888', '106.5.136.114', '2017-06-09 18:29:38'),
(159, '', 0, 'member', '', 'member_model', '?m=member&c=member_model&a=manage', '', 1, 'admin888', '106.5.136.114', '2017-06-09 18:29:41'),
(160, '', 0, 'member', '', 'member', '?m=member&c=member&a=manage', '', 1, 'admin888', '106.5.136.114', '2017-06-09 18:29:50'),
(161, '', 0, 'member', '', 'member_group', '?m=member&c=member_group&a=manage', '', 1, 'admin888', '106.5.136.114', '2017-06-09 18:29:51'),
(162, '', 0, 'member', '', 'member_model', '?m=member&c=member_model&a=manage', '', 1, 'admin888', '106.5.136.114', '2017-06-09 18:29:56'),
(163, '', 0, 'admin', '', 'role', '?m=admin&c=role&a=priv_setting', '', 1, 'admin888', '106.5.136.114', '2017-06-09 18:30:36'),
(164, '', 0, 'admin', '', 'role', '?m=admin&c=role&a=role_priv', '', 1, 'admin888', '106.5.136.114', '2017-06-09 18:30:36'),
(165, '', 0, 'admin', '', 'role', '?m=admin&c=role&a=role_priv', '', 1, 'admin888', '106.5.136.114', '2017-06-09 18:30:37'),
(166, '', 0, 'admin', '', 'role', '?m=admin&c=role&a=add', '', 1, 'admin888', '106.5.136.114', '2017-06-09 18:30:41'),
(167, '', 0, 'admin', '', 'role', '?m=admin&c=role&a=add', '', 1, 'admin888', '106.5.136.114', '2017-06-09 18:30:55'),
(168, '', 0, 'admin', '', 'role', '?m=admin&c=role&a=add', '', 1, 'admin888', '106.5.136.114', '2017-06-09 18:31:18'),
(169, '', 0, 'admin', '', 'index', '?m=admin&c=index&a=login', '', 0, '', '106.5.136.114', '2017-06-09 18:51:20'),
(170, '', 0, 'admin', '', 'index', '?m=admin&c=index&a=login', '', 0, '', '106.5.136.114', '2017-06-09 18:51:35'),
(171, '', 0, 'admin', '', 'index', '?m=admin&c=index&a=login', '', 0, '', '106.5.136.114', '2017-06-09 18:51:36'),
(172, '', 0, 'admin', '', 'index', '?m=admin&c=index&a=login', '', 0, '', '106.5.136.114', '2017-06-09 18:52:14'),
(173, '', 0, 'admin', '', 'index', '?m=admin&c=index&a=login', '', 0, 'admin888', '182.108.52.225', '2017-06-10 18:56:59'),
(174, '', 0, 'admin', '', 'index', '?m=admin&c=index&a=login', '', 0, 'admin888', '111.73.221.142', '2017-06-10 22:10:59'),
(175, '', 0, 'admin', '', 'index', '?m=admin&c=index&a=login', '', 0, 'admin888', '111.73.221.142', '2017-06-10 22:11:04'),
(176, '', 0, 'admin', '', 'index', '?m=admin&c=index&a=login', '', 0, '', '112.65.193.14', '2017-06-10 22:11:09'),
(177, '', 0, 'content', '', 'content', '?m=content&c=content&a=add', '', 1, 'admin888', '111.73.221.142', '2017-06-10 22:11:50'),
(178, '', 0, 'content', '', 'content', '?m=content&c=content&a=add', '', 1, 'admin888', '111.73.221.142', '2017-06-10 22:11:54'),
(179, '', 0, 'content', '', 'content', '?m=content&c=content&a=add', '', 1, 'admin888', '111.73.221.142', '2017-06-10 22:12:01'),
(180, '', 0, 'content', '', 'content', '?m=content&c=content&a=add', '', 1, 'admin888', '111.73.221.142', '2017-06-10 22:12:06'),
(181, '', 0, 'content', '', 'content', '?m=content&c=content&a=add', '', 1, 'admin888', '111.73.221.142', '2017-06-10 22:12:14'),
(182, '', 0, 'content', '', 'content', '?m=content&c=content&a=add', '', 1, 'admin888', '111.73.221.142', '2017-06-10 22:12:39'),
(183, '', 0, 'content', '', 'content', '?m=content&c=content&a=edit', '', 1, 'admin888', '111.73.221.142', '2017-06-10 22:12:49'),
(184, '', 0, 'content', '', 'content', '?m=content&c=content&a=edit', '', 1, 'admin888', '111.73.221.142', '2017-06-10 22:12:53'),
(185, '', 0, 'admin', '', 'index', '?m=admin&c=index&a=login', '', 0, 'admin888', '218.87.24.126', '2017-06-11 15:58:51'),
(186, '', 0, 'admin', '', 'index', '?m=admin&c=index&a=login', '', 0, 'admin888', '218.87.24.126', '2017-06-11 15:58:58'),
(187, '', 0, 'content', '', 'content', '?m=content&c=content&a=add', '', 1, 'admin888', '218.87.24.126', '2017-06-11 15:59:06'),
(188, '', 0, 'content', '', 'content', '?m=content&c=content&a=add', '', 1, 'admin888', '218.87.24.126', '2017-06-11 15:59:10'),
(189, '', 0, 'content', '', 'content', '?m=content&c=content&a=edit', '', 1, 'admin888', '218.87.24.126', '2017-06-11 15:59:16'),
(190, '', 0, 'admin', '', 'category', '?m=admin&c=category&a=add', '', 1, 'admin888', '218.87.24.126', '2017-06-11 16:13:22'),
(191, '', 0, 'content', '', 'content', '?m=content&c=content&a=add', '', 1, 'admin888', '218.87.24.126', '2017-06-11 16:14:48'),
(192, '', 0, 'content', '', 'content', '?m=content&c=content&a=add', '', 1, 'admin888', '218.87.24.126', '2017-06-11 16:14:50'),
(193, '', 0, 'content', '', 'content', '?m=content&c=content&a=add', '', 1, 'admin888', '218.87.24.126', '2017-06-11 16:15:20'),
(194, '', 0, 'content', '', 'content', '?m=content&c=content&a=edit', '', 1, 'admin888', '218.87.24.126', '2017-06-11 16:15:29'),
(195, '', 0, 'content', '', 'content', '?m=content&c=content&a=add', '', 1, 'admin888', '218.87.24.126', '2017-06-11 16:21:33'),
(196, '', 0, 'content', '', 'content', '?m=content&c=content&a=edit', '', 1, 'admin888', '218.87.24.126', '2017-06-11 16:22:34'),
(197, '', 0, 'admin', '', 'index', '?m=admin&c=index&a=login', '', 0, '', '211.161.115.68', '2017-06-11 16:39:23'),
(198, '', 0, 'admin', '', 'index', '?m=admin&c=index&a=login', '', 0, '', '211.161.115.68', '2017-06-11 16:39:40'),
(199, '', 0, 'admin', '', 'position', '?m=admin&c=position&a=add', '', 1, 'admin888', '211.161.115.68', '2017-06-11 16:39:51'),
(200, '', 0, 'admin', '', 'position', '?m=admin&c=position&a=add', '', 1, 'admin888', '211.161.115.68', '2017-06-11 16:41:19'),
(201, '', 0, 'admin', '', 'position', '?m=admin&c=position&a=add', '', 1, 'admin888', '211.161.115.68', '2017-06-11 16:41:22'),
(202, '', 0, 'admin', '', 'position', '?m=admin&c=position&a=add', '', 1, 'admin888', '211.161.115.68', '2017-06-11 16:41:48'),
(203, '', 0, 'admin', '', 'position', '?m=admin&c=position&a=add', '', 1, 'admin888', '211.161.115.68', '2017-06-11 16:42:16'),
(204, '', 0, 'admin', '', 'position', '?m=admin&c=position&a=add', '', 1, 'admin888', '211.161.115.68', '2017-06-11 16:42:41'),
(205, '', 0, 'admin', '', 'category', '?m=admin&c=category&a=add', '', 1, 'admin888', '211.161.115.68', '2017-06-11 16:42:55'),
(206, '', 0, 'admin', '', 'category', '?m=admin&c=category&a=add', '', 1, 'admin888', '211.161.115.68', '2017-06-11 16:44:04'),
(207, '', 0, 'admin', '', 'category', '?m=admin&c=category&a=add', '', 1, 'admin888', '211.161.115.68', '2017-06-11 16:44:06'),
(208, '', 0, 'admin', '', 'category', '?m=admin&c=category&a=add', '', 1, 'admin888', '211.161.115.68', '2017-06-11 16:44:22'),
(209, '', 0, 'admin', '', 'category', '?m=admin&c=category&a=add', '', 1, 'admin888', '211.161.115.68', '2017-06-11 16:44:24'),
(210, '', 0, 'admin', '', 'category', '?m=admin&c=category&a=add', '', 1, 'admin888', '211.161.115.68', '2017-06-11 16:45:13'),
(211, '', 0, 'admin', '', 'category', '?m=admin&c=category&a=add', '', 1, 'admin888', '211.161.115.68', '2017-06-11 16:45:18'),
(212, '', 0, 'admin', '', 'category', '?m=admin&c=category&a=add', '', 1, 'admin888', '211.161.115.68', '2017-06-11 16:45:30'),
(213, '', 0, 'admin', '', 'category', '?m=admin&c=category&a=add', '', 1, 'admin888', '211.161.115.68', '2017-06-11 16:45:32'),
(214, '', 0, 'admin', '', 'category', '?m=admin&c=category&a=add', '', 1, 'admin888', '211.161.115.68', '2017-06-11 16:45:50'),
(215, '', 0, 'admin', '', 'index', '?m=admin&c=index&a=login', '', 0, 'admin888', '218.87.24.126', '2017-06-11 20:01:21'),
(216, '', 0, 'admin', '', 'index', '?m=admin&c=index&a=login', '', 0, '', '101.226.66.187', '2017-06-11 20:01:31'),
(217, '', 0, 'content', '', 'sitemodel_field', '?m=content&c=sitemodel_field&a=add', '', 1, 'admin888', '211.161.115.68', '2017-06-11 21:17:30'),
(218, '', 0, 'content', '', 'sitemodel_field', '?m=content&c=sitemodel_field&a=add', '', 1, 'admin888', '211.161.115.68', '2017-06-11 21:18:47'),
(219, '', 0, 'content', '', 'sitemodel_field', '?m=content&c=sitemodel_field&a=listorder', '', 1, 'admin888', '211.161.115.68', '2017-06-11 21:18:57'),
(220, '', 0, 'admin', '', 'index', '?m=admin&c=index&a=login', '', 0, 'admin888', '218.87.24.126', '2017-06-11 22:12:16'),
(221, '', 0, 'admin', '', 'index', '?m=admin&c=index&a=login', '', 0, '', '211.161.115.68', '2017-06-12 21:28:46'),
(222, '', 0, 'admin', '', 'index', '?m=admin&c=index&a=login', '', 0, '', '211.161.115.68', '2017-06-12 21:29:06'),
(223, '', 0, 'admin', '', 'position', '?m=admin&c=position&a=edit', '', 1, 'admin888', '211.161.115.68', '2017-06-12 21:29:29'),
(224, '', 0, 'admin', '', 'position', '?m=admin&c=position&a=edit', '', 1, 'admin888', '211.161.115.68', '2017-06-12 21:29:40'),
(225, '', 0, 'admin', '', 'position', '?m=admin&c=position&a=edit', '', 1, 'admin888', '211.161.115.68', '2017-06-12 21:29:45'),
(226, '', 0, 'admin', '', 'position', '?m=admin&c=position&a=edit', '', 1, 'admin888', '211.161.115.68', '2017-06-12 21:29:53'),
(227, '', 0, 'admin', '', 'position', '?m=admin&c=position&a=edit', '', 1, 'admin888', '211.161.115.68', '2017-06-12 21:30:04'),
(228, '', 0, 'admin', '', 'position', '?m=admin&c=position&a=edit', '', 1, 'admin888', '211.161.115.68', '2017-06-12 21:30:10'),
(229, '', 0, 'content', '', 'content', '?m=content&c=content&a=add', '', 1, 'admin888', '211.161.115.68', '2017-06-12 21:31:32'),
(230, '', 0, 'content', '', 'content', '?m=content&c=content&a=add', '', 1, 'admin888', '211.161.115.68', '2017-06-12 21:34:05'),
(231, '', 0, 'content', '', 'content', '?m=content&c=content&a=add', '', 1, 'admin888', '211.161.115.68', '2017-06-12 21:40:11'),
(232, '', 0, 'admin', '', 'index', '?m=admin&c=index&a=login', '', 0, 'admin888', '115.152.102.204', '2017-06-13 19:47:35'),
(233, '', 0, 'admin', '', 'index', '?m=admin&c=index&a=login', '', 0, 'admin888', '115.152.102.204', '2017-06-13 19:47:37'),
(234, '', 0, 'admin', '', 'index', '?m=admin&c=index&a=login', '', 0, 'admin888', '115.152.102.204', '2017-06-13 19:47:38'),
(235, '', 0, 'admin', '', 'index', '?m=admin&c=index&a=login', '', 0, 'admin888', '115.152.102.204', '2017-06-13 19:47:43'),
(236, '', 0, 'content', '', 'sitemodel', '?m=content&c=sitemodel&a=add', '', 1, 'admin888', '115.152.102.204', '2017-06-13 19:48:41'),
(237, '', 0, 'admin', '', 'position', '?m=admin&c=position&a=add', '', 1, 'admin888', '115.152.102.204', '2017-06-13 19:52:28'),
(238, '', 0, 'content', '', 'sitemodel_field', '?m=content&c=sitemodel_field&a=add', '', 1, 'admin888', '115.152.102.204', '2017-06-13 19:57:00'),
(239, '', 0, 'content', '', 'sitemodel_field', '?m=content&c=sitemodel_field&a=edit', '', 1, 'admin888', '115.152.102.204', '2017-06-13 19:57:15'),
(240, '', 0, 'admin', '', 'index', '?m=admin&c=index&a=login', '', 0, 'admin888', '211.161.115.68', '2017-06-15 22:18:09'),
(241, '', 0, 'admin', '', 'index', '?m=admin&c=index&a=login', '', 0, 'admin888', '211.161.115.68', '2017-06-15 22:18:27'),
(242, '', 0, 'content', '', 'sitemodel_field', '?m=content&c=sitemodel_field&a=edit', '', 1, 'admin888', '211.161.115.68', '2017-06-15 22:18:46'),
(243, '', 0, 'content', '', 'sitemodel_field', '?m=content&c=sitemodel_field&a=edit', '', 1, 'admin888', '211.161.115.68', '2017-06-15 22:19:10'),
(244, '', 0, 'content', '', 'sitemodel_field', '?m=content&c=sitemodel_field&a=add', '', 1, 'admin888', '211.161.115.68', '2017-06-15 22:19:27'),
(245, '', 0, 'content', '', 'sitemodel_field', '?m=content&c=sitemodel_field&a=add', '', 1, 'admin888', '211.161.115.68', '2017-06-15 22:19:45'),
(246, '', 0, 'content', '', 'sitemodel_field', '?m=content&c=sitemodel_field&a=add', '', 1, 'admin888', '211.161.115.68', '2017-06-15 22:19:50'),
(247, '', 0, 'content', '', 'sitemodel_field', '?m=content&c=sitemodel_field&a=add', '', 1, 'admin888', '211.161.115.68', '2017-06-15 22:20:04'),
(248, '', 0, 'content', '', 'sitemodel_field', '?m=content&c=sitemodel_field&a=add', '', 1, 'admin888', '211.161.115.68', '2017-06-15 22:20:07'),
(249, '', 0, 'content', '', 'sitemodel_field', '?m=content&c=sitemodel_field&a=add', '', 1, 'admin888', '211.161.115.68', '2017-06-15 22:20:22'),
(250, '', 0, 'content', '', 'sitemodel_field', '?m=content&c=sitemodel_field&a=add', '', 1, 'admin888', '211.161.115.68', '2017-06-15 22:20:26'),
(251, '', 0, 'content', '', 'sitemodel_field', '?m=content&c=sitemodel_field&a=add', '', 1, 'admin888', '211.161.115.68', '2017-06-15 22:20:45'),
(252, '', 0, 'content', '', 'sitemodel_field', '?m=content&c=sitemodel_field&a=add', '', 1, 'admin888', '211.161.115.68', '2017-06-15 22:20:49'),
(253, '', 0, 'content', '', 'sitemodel_field', '?m=content&c=sitemodel_field&a=add', '', 1, 'admin888', '211.161.115.68', '2017-06-15 22:21:07'),
(254, '', 0, 'content', '', 'sitemodel_field', '?m=content&c=sitemodel_field&a=add', '', 1, 'admin888', '211.161.115.68', '2017-06-15 22:21:13'),
(255, '', 0, 'content', '', 'sitemodel_field', '?m=content&c=sitemodel_field&a=add', '', 1, 'admin888', '211.161.115.68', '2017-06-15 22:21:26'),
(256, '', 0, 'content', '', 'sitemodel_field', '?m=content&c=sitemodel_field&a=listorder', '', 1, 'admin888', '211.161.115.68', '2017-06-15 22:21:58'),
(257, '', 0, 'content', '', 'sitemodel_field', '?m=content&c=sitemodel_field&a=listorder', '', 1, 'admin888', '211.161.115.68', '2017-06-15 22:22:15'),
(258, '', 0, 'content', '', 'sitemodel_field', '?m=content&c=sitemodel_field&a=listorder', '', 1, 'admin888', '211.161.115.68', '2017-06-15 22:22:35'),
(259, '', 0, 'content', '', 'sitemodel_field', '?m=content&c=sitemodel_field&a=listorder', '', 1, 'admin888', '211.161.115.68', '2017-06-15 22:23:39'),
(260, '', 0, 'member', '', 'member', '?m=member&c=member&a=manage', '', 1, 'admin888', '211.161.115.68', '2017-06-15 22:49:59'),
(261, '', 0, 'message', '', 'message', '?m=message&c=message&a=message_send', '', 1, 'admin888', '211.161.115.68', '2017-06-15 22:50:15'),
(262, '', 0, 'message', '', 'message', '?m=message&c=message&a=send_one', '', 1, 'admin888', '211.161.115.68', '2017-06-15 22:50:19'),
(263, '', 0, 'member', '', 'member', '?m=member&c=member&a=manage', '', 1, 'admin888', '211.161.115.68', '2017-06-15 22:53:08'),
(264, '', 0, 'member', '', 'member', '?m=member&c=member&a=edit', '', 1, 'admin888', '211.161.115.68', '2017-06-15 22:53:11'),
(265, '', 0, 'member', '', 'member', '?m=member&c=member&a=edit', '', 1, 'admin888', '211.161.115.68', '2017-06-15 22:53:24'),
(266, '', 0, 'member', '', 'member', '?m=member&c=member&a=manage', '', 1, 'admin888', '211.161.115.68', '2017-06-15 22:53:24'),
(267, '', 0, 'admin', '', 'index', '?m=admin&c=index&a=login', '', 0, 'admin888', '211.161.115.68', '2017-06-16 21:59:39'),
(268, '', 0, 'admin', '', 'index', '?m=admin&c=index&a=login', '', 0, 'admin888', '211.161.115.68', '2017-06-16 21:59:52'),
(269, '', 0, 'member', '', 'member', '?m=member&c=member&a=manage', '', 1, 'admin888', '211.161.115.68', '2017-06-16 22:00:08'),
(270, '', 0, 'member', '', 'member', '?m=member&c=member&a=edit', '', 1, 'admin888', '211.161.115.68', '2017-06-16 22:00:13'),
(271, '', 0, 'message', '', 'message', '?m=message&c=message&a=send_one', '', 1, 'admin888', '211.161.115.68', '2017-06-16 22:00:25'),
(272, '', 0, 'message', '', 'message', '?m=message&c=message&a=send_one', '', 1, 'admin888', '211.161.115.68', '2017-06-16 22:00:45'),
(273, '', 0, 'message', '', 'message', '?m=message&c=message&a=send_one', '', 1, 'admin888', '211.161.115.68', '2017-06-16 22:00:47'),
(274, '', 0, 'message', '', 'message', '?m=message&c=message&a=message_group_manage', '', 1, 'admin888', '211.161.115.68', '2017-06-16 22:04:27'),
(275, '', 0, 'message', '', 'message', '?m=message&c=message&a=message_send', '', 1, 'admin888', '211.161.115.68', '2017-06-16 22:04:37'),
(276, '', 0, 'member', '', 'member', '?m=member&c=member&a=manage', '', 1, 'admin888', '211.161.115.68', '2017-06-16 22:04:48'),
(277, '', 0, 'message', '', 'message', '?m=message&c=message&a=message_send', '', 1, 'admin888', '211.161.115.68', '2017-06-16 22:04:59'),
(278, '', 0, 'message', '', 'message', '?m=message&c=message&a=message_send', '', 1, 'admin888', '211.161.115.68', '2017-06-16 22:05:15'),
(279, '', 0, 'message', '', 'message', '?m=message&c=message&a=message_send', '', 1, 'admin888', '211.161.115.68', '2017-06-16 22:05:35'),
(280, '', 0, 'message', '', 'message', '?m=message&c=message&a=send_one', '', 1, 'admin888', '211.161.115.68', '2017-06-16 22:12:16'),
(281, '', 0, 'admin', '', 'index', '?m=admin&c=index&a=login', '', 0, 'admin888', '115.152.100.150', '2017-06-19 09:56:52'),
(282, '', 0, 'admin', '', 'index', '?m=admin&c=index&a=login', '', 0, 'admin888', '115.152.100.150', '2017-06-19 09:56:58'),
(283, '', 0, 'admin', '', 'index', '?m=admin&c=index&a=login', '', 0, 'admin888', '115.152.100.150', '2017-06-19 09:56:59'),
(284, '', 0, 'admin', '', 'index', '?m=admin&c=index&a=login', '', 0, 'admin888', '115.152.100.150', '2017-06-19 09:57:04'),
(285, '', 0, 'member', '', 'member_group', '?m=member&c=member_group&a=manage', '', 1, 'admin888', '115.152.100.150', '2017-06-19 09:57:09'),
(286, '', 0, 'member', '', 'member', '?m=member&c=member&a=manage', '', 1, 'admin888', '115.152.100.150', '2017-06-19 09:57:11'),
(287, '', 0, 'member', '', 'member_setting', '?m=member&c=member_setting&a=manage', '', 1, 'admin888', '115.152.100.150', '2017-06-19 09:57:32'),
(288, '', 0, 'member', '', 'member_verify', '?m=member&c=member_verify&a=manage', '', 1, 'admin888', '115.152.100.150', '2017-06-19 09:57:33'),
(289, '', 0, 'member', '', 'member_model', '?m=member&c=member_model&a=manage', '', 1, 'admin888', '115.152.100.150', '2017-06-19 09:57:38'),
(290, '', 0, 'member', '', 'member_modelfield', '?m=member&c=member_modelfield&a=manage', '', 1, 'admin888', '115.152.100.150', '2017-06-19 09:57:45'),
(291, '', 0, 'member', '', 'member_model', '?m=member&c=member_model&a=manage', '', 1, 'admin888', '115.152.100.150', '2017-06-19 09:57:48'),
(292, '', 0, 'member', '', 'member', '?m=member&c=member&a=manage', '', 1, 'admin888', '115.152.100.150', '2017-06-19 10:19:26'),
(293, '', 0, 'member', '', 'member', '?m=member&c=member&a=edit', '', 1, 'admin888', '115.152.100.150', '2017-06-19 10:19:34'),
(294, '', 0, 'member', '', 'member', '?m=member&c=member&a=manage', '', 1, 'admin888', '115.152.100.150', '2017-06-19 16:29:24'),
(295, '', 0, 'member', '', 'member', '?m=member&c=member&a=edit', '', 1, 'admin888', '115.152.100.150', '2017-06-19 16:29:27'),
(296, '', 0, 'admin', '', 'index', '?m=admin&c=index&a=login', '', 0, 'admin888', '115.152.100.150', '2017-06-19 18:48:44'),
(297, '', 0, 'admin', '', 'index', '?m=admin&c=index&a=login', '', 0, 'admin888', '115.152.100.150', '2017-06-19 18:48:58'),
(298, '', 0, 'message', '', 'message', '?m=message&c=message&a=send_one', '', 1, 'admin888', '115.152.100.150', '2017-06-19 18:49:15'),
(299, '', 0, 'message', '', 'message', '?m=message&c=message&a=message_send', '', 1, 'admin888', '115.152.100.150', '2017-06-19 18:51:02'),
(300, '', 0, 'admin', '', 'index', '?m=admin&c=index&a=login', '', 0, 'admin888', '211.161.115.68', '2017-06-19 21:37:48'),
(301, '', 0, 'admin', '', 'index', '?m=admin&c=index&a=login', '', 0, 'admin888', '211.161.115.68', '2017-06-19 21:37:57'),
(302, '', 0, 'admin', '', 'index', '?m=admin&c=index&a=login', '', 0, 'admin888', '59.52.13.4', '2017-06-20 17:03:50'),
(303, '', 0, 'admin', '', 'index', '?m=admin&c=index&a=login', '', 0, 'admin888', '59.52.13.4', '2017-06-20 17:03:50'),
(304, '', 0, 'admin', '', 'index', '?m=admin&c=index&a=login', '', 0, 'admin888', '59.52.13.4', '2017-06-20 17:03:55'),
(305, '', 0, 'content', '', 'content', '?m=content&c=content&a=add', '', 1, 'admin888', '59.52.13.4', '2017-06-20 17:04:48'),
(306, '', 0, 'content', '', 'content', '?m=content&c=content&a=add', '', 1, 'admin888', '59.52.13.4', '2017-06-20 17:04:54'),
(307, '', 0, 'content', '', 'content', '?m=content&c=content&a=add', '', 1, 'admin888', '59.52.13.4', '2017-06-20 17:06:08'),
(308, '', 0, 'content', '', 'content', '?m=content&c=content&a=edit', '', 1, 'admin888', '59.52.13.4', '2017-06-20 17:10:37'),
(309, '', 0, 'content', '', 'content', '?m=content&c=content&a=add', '', 1, 'admin888', '59.52.13.4', '2017-06-20 17:11:02'),
(310, '', 0, 'content', '', 'content', '?m=content&c=content&a=add', '', 1, 'admin888', '59.52.13.4', '2017-06-20 17:12:20'),
(311, '', 0, 'content', '', 'content', '?m=content&c=content&a=add', '', 1, 'admin888', '59.52.13.4', '2017-06-20 17:12:45'),
(312, '', 0, 'content', '', 'content', '?m=content&c=content&a=add', '', 1, 'admin888', '59.52.13.4', '2017-06-20 17:13:31'),
(313, '', 0, 'content', '', 'content', '?m=content&c=content&a=add', '', 1, 'admin888', '59.52.13.4', '2017-06-20 17:13:38'),
(314, '', 0, 'content', '', 'content', '?m=content&c=content&a=add', '', 1, 'admin888', '59.52.13.4', '2017-06-20 17:15:04'),
(315, '', 0, 'admin', '', 'index', '?m=admin&c=index&a=login', '', 0, 'admin888', '182.109.226.106', '2017-06-26 10:52:30'),
(316, '', 0, 'admin', '', 'index', '?m=admin&c=index&a=login', '', 0, 'admin888', '182.109.226.106', '2017-06-26 10:52:36'),
(317, '', 0, 'content', '', 'content', '?m=content&c=content&a=add', '', 1, 'admin888', '182.109.226.106', '2017-06-26 10:53:09'),
(318, '', 0, 'content', '', 'content', '?m=content&c=content&a=edit', '', 1, 'admin888', '182.109.226.106', '2017-06-26 10:53:16'),
(319, '', 0, 'content', '', 'content', '?m=content&c=content&a=edit', '', 1, 'admin888', '182.109.226.106', '2017-06-26 10:54:25'),
(320, '', 0, 'content', '', 'content', '?m=content&c=content&a=add', '', 1, 'admin888', '182.109.226.106', '2017-06-26 19:37:12'),
(321, '', 0, 'content', '', 'content', '?m=content&c=content&a=add', '', 1, 'admin888', '182.109.226.106', '2017-06-26 19:38:18'),
(322, '', 0, 'content', '', 'content', '?m=content&c=content&a=add', '', 1, 'admin888', '182.109.226.106', '2017-06-26 19:40:21'),
(323, '', 0, 'content', '', 'content', '?m=content&c=content&a=add', '', 1, 'admin888', '182.109.226.106', '2017-06-26 19:55:40'),
(324, '', 0, 'content', '', 'content', '?m=content&c=content&a=add', '', 1, 'admin888', '182.109.226.106', '2017-06-26 19:57:06'),
(325, '', 0, 'content', '', 'content', '?m=content&c=content&a=edit', '', 1, 'admin888', '182.109.226.106', '2017-06-26 19:57:14'),
(326, '', 0, 'content', '', 'content', '?m=content&c=content&a=edit', '', 1, 'admin888', '182.109.226.106', '2017-06-26 19:57:21'),
(327, '', 0, 'admin', '', 'index', '?m=admin&c=index&a=login', '', 0, 'admin888', '211.161.115.141', '2017-06-27 22:09:28'),
(328, '', 0, 'admin', '', 'index', '?m=admin&c=index&a=login', '', 0, 'admin888', '211.161.115.141', '2017-06-27 22:09:49'),
(329, '', 0, 'content', '', 'sitemodel_field', '?m=content&c=sitemodel_field&a=add', '', 1, 'admin888', '211.161.115.141', '2017-06-27 22:10:05'),
(330, '', 0, 'content', '', 'sitemodel_field', '?m=content&c=sitemodel_field&a=add', '', 1, 'admin888', '211.161.115.141', '2017-06-27 22:10:27'),
(331, '', 0, 'content', '', 'sitemodel_field', '?m=content&c=sitemodel_field&a=add', '', 1, 'admin888', '211.161.115.141', '2017-06-27 22:10:33'),
(332, '', 0, 'content', '', 'sitemodel_field', '?m=content&c=sitemodel_field&a=add', '', 1, 'admin888', '211.161.115.141', '2017-06-27 22:10:55'),
(333, '', 0, 'content', '', 'sitemodel_field', '?m=content&c=sitemodel_field&a=add', '', 1, 'admin888', '211.161.115.141', '2017-06-27 22:11:09'),
(334, '', 0, 'content', '', 'sitemodel_field', '?m=content&c=sitemodel_field&a=add', '', 1, 'admin888', '211.161.115.141', '2017-06-27 22:11:48'),
(335, '', 0, 'content', '', 'sitemodel_field', '?m=content&c=sitemodel_field&a=add', '', 1, 'admin888', '211.161.115.141', '2017-06-27 22:14:26'),
(336, '', 0, 'content', '', 'sitemodel_field', '?m=content&c=sitemodel_field&a=add', '', 1, 'admin888', '211.161.115.141', '2017-06-27 22:14:43'),
(337, '', 0, 'content', '', 'sitemodel_field', '?m=content&c=sitemodel_field&a=edit', '', 1, 'admin888', '211.161.115.141', '2017-06-27 22:15:06'),
(338, '', 0, 'content', '', 'sitemodel_field', '?m=content&c=sitemodel_field&a=edit', '', 1, 'admin888', '211.161.115.141', '2017-06-27 22:15:20'),
(339, '', 0, 'admin', '', 'index', '?m=admin&c=index&a=login', '', 0, 'admin888', '111.75.13.66', '2017-06-28 09:45:11'),
(340, '', 0, 'admin', '', 'index', '?m=admin&c=index&a=login', '', 0, 'admin888', '111.75.13.66', '2017-06-28 09:45:11'),
(341, '', 0, 'admin', '', 'index', '?m=admin&c=index&a=login', '', 0, 'admin888', '111.75.13.66', '2017-06-28 09:45:17'),
(342, '', 0, 'admin', '', 'index', '?m=admin&c=index&a=login', '', 0, 'admin888', '111.75.13.66', '2017-06-28 09:45:18'),
(343, '', 0, 'admin', '', 'index', '?m=admin&c=index&a=login', '', 0, 'admin888', '111.75.13.66', '2017-06-28 09:45:25'),
(344, '', 0, 'content', '', 'content', '?m=content&c=content&a=edit', '', 1, 'admin888', '111.75.13.66', '2017-06-28 09:45:40'),
(345, '', 0, 'content', '', 'content', '?m=content&c=content&a=edit', '', 1, 'admin888', '111.75.13.66', '2017-06-28 09:46:39'),
(346, '', 0, 'content', '', 'content', '?m=content&c=content&a=edit', '', 1, 'admin888', '111.75.13.66', '2017-06-28 09:46:45'),
(347, '', 0, 'content', '', 'content', '?m=content&c=content&a=edit', '', 1, 'admin888', '111.75.13.66', '2017-06-28 09:50:57'),
(348, '', 0, 'content', '', 'content', '?m=content&c=content&a=edit', '', 1, 'admin888', '111.75.13.66', '2017-06-28 09:51:34'),
(349, '', 0, 'content', '', 'sitemodel_field', '?m=content&c=sitemodel_field&a=edit', '', 1, 'admin888', '111.75.13.66', '2017-06-28 10:00:33'),
(350, '', 0, 'content', '', 'sitemodel_field', '?m=content&c=sitemodel_field&a=add', '', 1, 'admin888', '111.75.13.66', '2017-06-28 10:01:46'),
(351, '', 0, 'content', '', 'sitemodel_field', '?m=content&c=sitemodel_field&a=edit', '', 1, 'admin888', '111.75.13.66', '2017-06-28 10:05:41'),
(352, '', 0, 'content', '', 'content', '?m=content&c=content&a=edit', '', 1, 'admin888', '111.75.13.66', '2017-06-28 10:06:50'),
(353, '', 0, 'content', '', 'sitemodel_field', '?m=content&c=sitemodel_field&a=edit', '', 1, 'admin888', '111.75.13.66', '2017-06-28 10:08:39'),
(354, '', 0, 'content', '', 'sitemodel_field', '?m=content&c=sitemodel_field&a=edit', '', 1, 'admin888', '111.75.13.66', '2017-06-28 10:08:59'),
(355, '', 0, 'content', '', 'sitemodel_field', '?m=content&c=sitemodel_field&a=edit', '', 1, 'admin888', '111.75.13.66', '2017-06-28 10:09:07'),
(356, '', 0, 'content', '', 'sitemodel_field', '?m=content&c=sitemodel_field&a=edit', '', 1, 'admin888', '111.75.13.66', '2017-06-28 10:09:13'),
(357, '', 0, 'content', '', 'sitemodel_field', '?m=content&c=sitemodel_field&a=edit', '', 1, 'admin888', '111.75.13.66', '2017-06-28 10:09:19'),
(358, '', 0, 'content', '', 'sitemodel_field', '?m=content&c=sitemodel_field&a=edit', '', 1, 'admin888', '111.75.13.66', '2017-06-28 10:09:23'),
(359, '', 0, 'content', '', 'sitemodel_field', '?m=content&c=sitemodel_field&a=edit', '', 1, 'admin888', '111.75.13.66', '2017-06-28 10:09:30'),
(360, '', 0, 'content', '', 'content', '?m=content&c=content&a=edit', '', 1, 'admin888', '111.75.13.66', '2017-06-28 10:09:58'),
(361, '', 0, 'content', '', 'content', '?m=content&c=content&a=edit', '', 1, 'admin888', '111.75.13.66', '2017-06-28 10:10:43'),
(362, '', 0, 'content', '', 'content', '?m=content&c=content&a=edit', '', 1, 'admin888', '111.75.13.66', '2017-06-28 10:25:02'),
(363, '', 0, 'content', '', 'content', '?m=content&c=content&a=edit', '', 1, 'admin888', '111.75.13.66', '2017-06-28 10:25:30'),
(364, '', 0, 'content', '', 'content', '?m=content&c=content&a=edit', '', 1, 'admin888', '111.75.13.66', '2017-06-28 10:26:20'),
(365, '', 0, 'admin', '', 'index', '?m=admin&c=index&a=login', '', 0, 'admin888', '111.75.13.66', '2017-06-29 10:03:00'),
(366, '', 0, 'admin', '', 'index', '?m=admin&c=index&a=login', '', 0, 'admin888', '111.75.13.66', '2017-06-29 10:03:08'),
(367, '', 0, 'member', '', 'member', '?m=member&c=member&a=manage', '', 1, 'admin888', '111.75.13.66', '2017-06-29 10:04:21'),
(368, '', 0, 'admin', '', 'index', '?m=admin&c=index&a=login', '', 0, 'admin888', '218.87.10.35', '2017-06-29 22:00:10'),
(369, '', 0, 'admin', '', 'index', '?m=admin&c=index&a=login', '', 0, 'admin888', '218.87.10.35', '2017-06-29 22:00:16'),
(370, '', 0, 'admin', '', 'index', '?m=admin&c=index&a=login', '', 0, '', '101.226.66.173', '2017-06-29 22:00:20'),
(371, '', 0, 'content', '', 'sitemodel_field', '?m=content&c=sitemodel_field&a=add', '', 1, 'admin888', '218.87.10.35', '2017-06-29 22:01:29'),
(372, '', 0, 'content', '', 'sitemodel_field', '?m=content&c=sitemodel_field&a=add', '', 1, 'admin888', '218.87.10.35', '2017-06-29 22:02:04'),
(373, '', 0, 'admin', '', 'index', '?m=admin&c=index&a=login', '', 0, '', '111.75.12.212', '2017-06-30 18:41:26'),
(374, '', 0, 'admin', '', 'index', '?m=admin&c=index&a=login', '', 0, '', '111.75.12.212', '2017-06-30 18:41:39'),
(375, '', 0, 'member', '', 'member', '?m=member&c=member&a=manage', '', 1, 'admin888', '111.75.12.212', '2017-06-30 18:42:19'),
(376, '', 0, 'admin', '', 'index', '?m=admin&c=index&a=login', '', 0, 'admin888', '211.161.115.141', '2017-06-30 22:06:31'),
(377, '', 0, 'admin', '', 'index', '?m=admin&c=index&a=login', '', 0, 'admin888', '211.161.115.141', '2017-06-30 22:06:43'),
(378, '', 0, 'admin', '', 'menu', '?m=admin&c=menu&a=add', '', 1, 'admin888', '211.161.115.141', '2017-06-30 22:07:05'),
(379, '', 0, 'admin', '', 'menu', '?m=admin&c=menu&a=add', '', 1, 'admin888', '211.161.115.141', '2017-06-30 22:07:22'),
(380, '', 0, 'admin', '', 'menu', '?m=admin&c=menu&a=edit', '', 1, 'admin888', '211.161.115.141', '2017-06-30 22:08:04'),
(381, '', 0, 'admin', '', 'menu', '?m=admin&c=menu&a=edit', '', 1, 'admin888', '211.161.115.141', '2017-06-30 22:08:19'),
(382, '', 0, 'admin', '', 'menu', '?m=admin&c=menu&a=edit', '', 1, 'admin888', '211.161.115.141', '2017-06-30 22:08:34'),
(383, '', 0, 'admin', '', 'menu', '?m=admin&c=menu&a=edit', '', 1, 'admin888', '211.161.115.141', '2017-06-30 22:09:10'),
(384, '', 0, 'admin', '', 'menu', '?m=admin&c=menu&a=edit', '', 1, 'admin888', '211.161.115.141', '2017-06-30 22:09:13'),
(385, '', 0, 'admin', '', 'menu', '?m=admin&c=menu&a=add', '', 1, 'admin888', '211.161.115.141', '2017-06-30 22:10:31'),
(386, '', 0, 'admin', '', 'googlesitemap', '?m=admin&c=googlesitemap&a=set', '', 1, 'admin888', '211.161.115.141', '2017-06-30 22:13:28'),
(387, '', 0, 'admin', '', 'index', '?m=admin&c=index&a=login', '', 0, 'admin888', '111.75.12.212', '2017-07-01 10:38:17'),
(388, '', 0, 'admin', '', 'index', '?m=admin&c=index&a=login', '', 0, 'admin888', '111.75.12.212', '2017-07-01 10:38:23'),
(389, '', 0, 'admin', '', 'index', '?m=admin&c=index&a=login', '', 0, 'admin888', '111.75.12.212', '2017-07-01 10:38:25'),
(390, '', 0, 'admin', '', 'index', '?m=admin&c=index&a=login', '', 0, 'admin888', '111.75.12.212', '2017-07-01 10:38:30'),
(391, '', 0, 'admin', '', 'index', '?m=admin&c=index&a=login', '', 0, 'admin888', '220.177.141.200', '2017-07-03 09:48:29'),
(392, '', 0, 'admin', '', 'index', '?m=admin&c=index&a=login', '', 0, '', '101.226.33.205', '2017-07-03 09:48:48'),
(393, '', 0, 'admin', '', 'index', '?m=admin&c=index&a=login', '', 0, 'admin888', '220.177.141.200', '2017-07-03 09:48:52'),
(394, '', 0, 'admin', '', 'index', '?m=admin&c=index&a=login', '', 0, '', '220.177.141.200', '2017-07-03 09:48:58'),
(395, '', 0, 'admin', '', 'index', '?m=admin&c=index&a=login', '', 0, '', '220.177.141.200', '2017-07-03 09:49:18'),
(396, '', 0, 'admin', '', 'index', '?m=admin&c=index&a=login', '', 0, '', '101.226.33.216', '2017-07-03 09:49:29');
INSERT INTO `jydp_log` (`logid`, `field`, `value`, `module`, `file`, `action`, `querystring`, `data`, `userid`, `username`, `ip`, `time`) VALUES
(397, '', 0, 'content', '', 'content', '?m=content&c=content&a=add', '', 1, 'admin888', '220.177.141.200', '2017-07-03 09:51:22'),
(398, '', 0, 'content', '', 'content', '?m=content&c=content&a=add', '', 1, 'admin888', '220.177.141.200', '2017-07-03 10:20:41'),
(399, '', 0, 'content', '', 'content', '?m=content&c=content&a=add', '', 1, 'admin888', '220.177.141.200', '2017-07-03 10:20:42'),
(400, '', 0, 'content', '', 'content', '?m=content&c=content&a=edit', '', 1, 'admin888', '220.177.141.200', '2017-07-03 10:20:49'),
(401, '', 0, 'content', '', 'content', '?m=content&c=content&a=edit', '', 1, 'admin888', '220.177.141.200', '2017-07-03 10:22:26'),
(402, '', 0, 'content', '', 'content', '?m=content&c=content&a=edit', '', 1, 'admin888', '220.177.141.200', '2017-07-03 10:22:27'),
(403, '', 0, 'content', '', 'content', '?m=content&c=content&a=add', '', 1, 'admin888', '220.177.141.200', '2017-07-03 10:34:53'),
(404, '', 0, 'content', '', 'content', '?m=content&c=content&a=add', '', 1, 'admin888', '220.177.141.200', '2017-07-03 10:36:14'),
(405, '', 0, 'content', '', 'content', '?m=content&c=content&a=add', '', 1, 'admin888', '220.177.141.200', '2017-07-03 10:36:16'),
(406, '', 0, 'content', '', 'content', '?m=content&c=content&a=edit', '', 1, 'admin888', '220.177.141.200', '2017-07-03 10:36:45'),
(407, '', 0, 'content', '', 'content', '?m=content&c=content&a=edit', '', 1, 'admin888', '220.177.141.200', '2017-07-03 10:36:57'),
(408, '', 0, 'content', '', 'content', '?m=content&c=content&a=edit', '', 1, 'admin888', '220.177.141.200', '2017-07-03 10:36:58'),
(409, '', 0, 'content', '', 'content', '?m=content&c=content&a=edit', '', 1, 'admin888', '220.177.141.200', '2017-07-03 10:40:10'),
(410, '', 0, 'content', '', 'content', '?m=content&c=content&a=edit', '', 1, 'admin888', '220.177.141.200', '2017-07-03 10:40:11'),
(411, '', 0, 'content', '', 'content', '?m=content&c=content&a=edit', '', 1, 'admin888', '220.177.141.200', '2017-07-03 10:40:42'),
(412, '', 0, 'content', '', 'content', '?m=content&c=content&a=edit', '', 1, 'admin888', '220.177.141.200', '2017-07-03 10:40:43'),
(413, '', 0, 'content', '', 'content', '?m=content&c=content&a=edit', '', 1, 'admin888', '220.177.141.200', '2017-07-03 10:41:48'),
(414, '', 0, 'content', '', 'content', '?m=content&c=content&a=edit', '', 1, 'admin888', '220.177.141.200', '2017-07-03 10:44:52'),
(415, '', 0, 'content', '', 'content', '?m=content&c=content&a=edit', '', 1, 'admin888', '220.177.141.200', '2017-07-03 10:44:54'),
(416, '', 0, 'content', '', 'content', '?m=content&c=content&a=edit', '', 1, 'admin888', '220.177.141.200', '2017-07-03 10:45:30'),
(417, '', 0, 'content', '', 'content', '?m=content&c=content&a=edit', '', 1, 'admin888', '220.177.141.200', '2017-07-03 10:45:32'),
(418, '', 0, 'content', '', 'content', '?m=content&c=content&a=edit', '', 1, 'admin888', '220.177.141.200', '2017-07-03 10:48:04'),
(419, '', 0, 'content', '', 'content', '?m=content&c=content&a=edit', '', 1, 'admin888', '220.177.141.200', '2017-07-03 10:48:05'),
(420, '', 0, 'content', '', 'content', '?m=content&c=content&a=edit', '', 1, 'admin888', '220.177.141.200', '2017-07-03 16:30:27'),
(421, '', 0, 'admin', '', 'index', '?m=admin&c=index&a=login', '', 0, 'admin888', '218.87.8.199', '2017-07-03 22:37:13'),
(422, '', 0, 'admin', '', 'index', '?m=admin&c=index&a=login', '', 0, '', '180.153.160.24', '2017-07-03 22:37:23'),
(423, '', 0, 'admin', '', 'index', '?m=admin&c=index&a=login', '', 0, 'admin888', '218.87.8.199', '2017-07-03 22:37:34'),
(424, '', 0, 'member', '', 'member', '?m=member&c=member&a=manage', '', 1, 'admin888', '218.87.8.199', '2017-07-03 22:37:50'),
(425, '', 0, 'admin', '', 'position', '?m=admin&c=position&a=add', '', 1, 'admin888', '218.87.8.199', '2017-07-03 22:40:07'),
(426, '', 0, 'poster', '', 'poster', '?m=poster&c=poster&a=add', '', 1, 'admin888', '218.87.8.199', '2017-07-03 22:42:06'),
(427, '', 0, 'poster', '', 'space', '?m=poster&c=space&a=poster_template', '', 1, 'admin888', '218.87.8.199', '2017-07-03 22:42:20'),
(428, '', 0, 'poster', '', 'space', '?m=poster&c=space&a=add', '', 1, 'admin888', '218.87.8.199', '2017-07-03 22:42:23'),
(429, '', 0, 'poster', '', 'space', '?m=poster&c=space&a=add', '', 1, 'admin888', '218.87.8.199', '2017-07-03 22:42:32'),
(430, '', 0, 'poster', '', 'space', '?m=poster&c=space&a=edit', '', 1, 'admin888', '218.87.8.199', '2017-07-03 22:42:40'),
(431, '', 0, 'poster', '', 'space', '?m=poster&c=space&a=setting', '', 1, 'admin888', '218.87.8.199', '2017-07-03 22:42:49'),
(432, '', 0, 'admin', '', 'index', '?m=admin&c=index&a=login', '', 0, 'admin888', '115.152.103.91', '2017-07-05 16:51:26'),
(433, '', 0, 'admin', '', 'index', '?m=admin&c=index&a=login', '', 0, 'admin888', '115.152.103.91', '2017-07-05 16:51:32'),
(434, '', 0, 'poster', '', 'space', '?m=poster&c=space&a=add', '', 1, 'admin888', '115.152.103.91', '2017-07-05 18:30:33'),
(435, '', 0, 'poster', '', 'space', '?m=poster&c=space&a=add', '', 1, 'admin888', '115.152.103.91', '2017-07-05 18:31:27'),
(436, '', 0, 'poster', '', 'space', '?m=poster&c=space&a=add', '', 1, 'admin888', '115.152.103.91', '2017-07-05 18:31:34'),
(437, '', 0, 'poster', '', 'space', '?m=poster&c=space&a=add', '', 1, 'admin888', '115.152.103.91', '2017-07-05 18:32:33'),
(438, '', 0, 'admin', '', 'index', '?m=admin&c=index&a=login', '', 0, 'admin888', '211.161.115.141', '2017-07-05 20:23:48'),
(439, '', 0, 'admin', '', 'index', '?m=admin&c=index&a=login', '', 0, 'admin888', '211.161.115.141', '2017-07-05 20:23:57'),
(440, '', 0, 'admin', '', 'index', '?m=admin&c=index&a=login', '', 0, 'admin888', '211.161.115.141', '2017-07-05 20:23:59'),
(441, '', 0, 'admin', '', 'index', '?m=admin&c=index&a=login', '', 0, 'admin888', '211.161.115.141', '2017-07-05 20:24:20'),
(442, '', 0, 'poster', '', 'space', '?m=poster&c=space&a=edit', '', 1, 'admin888', '211.161.115.141', '2017-07-05 20:25:49'),
(443, '', 0, 'poster', '', 'space', '?m=poster&c=space&a=add', '', 1, 'admin888', '211.161.115.141', '2017-07-05 23:01:40'),
(444, '', 0, 'poster', '', 'space', '?m=poster&c=space&a=add', '', 1, 'admin888', '211.161.115.141', '2017-07-05 23:01:48'),
(445, '', 0, 'poster', '', 'space', '?m=poster&c=space&a=add', '', 1, 'admin888', '211.161.115.141', '2017-07-05 23:02:01'),
(446, '', 0, 'admin', '', 'index', '?m=admin&c=index&a=login', '', 0, 'admin888', '115.152.103.91', '2017-07-06 09:29:04'),
(447, '', 0, 'admin', '', 'index', '?m=admin&c=index&a=login', '', 0, 'admin888', '115.152.103.91', '2017-07-06 09:29:13'),
(448, '', 0, 'admin', '', 'index', '?m=admin&c=index&a=login', '', 0, '', '140.207.185.111', '2017-07-06 09:29:23'),
(449, '', 0, 'content', '', 'content', '?m=content&c=content&a=edit', '', 1, 'admin888', '115.152.103.91', '2017-07-06 09:29:34'),
(450, '', 0, 'admin', '', 'index', '?m=admin&c=index&a=login', '', 0, 'admin888', '115.152.103.91', '2017-07-06 09:49:04'),
(451, '', 0, 'admin', '', 'index', '?m=admin&c=index&a=login', '', 0, 'admin888', '115.152.103.91', '2017-07-06 09:49:10'),
(452, '', 0, 'admin', '', 'category', '?m=admin&c=category&a=edit', '', 1, 'admin888', '115.152.103.91', '2017-07-06 14:47:08'),
(453, '', 0, 'admin', '', 'category', '?m=admin&c=category&a=edit', '', 1, 'admin888', '115.152.103.91', '2017-07-06 14:47:50'),
(454, '', 0, 'admin', '', 'category', '?m=admin&c=category&a=edit', '', 1, 'admin888', '115.152.103.91', '2017-07-06 14:48:04'),
(455, '', 0, 'admin', '', 'category', '?m=admin&c=category&a=add', '', 1, 'admin888', '115.152.103.91', '2017-07-06 14:49:07'),
(456, '', 0, 'admin', '', 'category', '?m=admin&c=category&a=add', '', 1, 'admin888', '115.152.103.91', '2017-07-06 14:49:39'),
(457, '', 0, 'admin', '', 'category', '?m=admin&c=category&a=add', '', 1, 'admin888', '115.152.103.91', '2017-07-06 14:49:51'),
(458, '', 0, 'admin', '', 'category', '?m=admin&c=category&a=add', '', 1, 'admin888', '115.152.103.91', '2017-07-06 14:50:03'),
(459, '', 0, 'admin', '', 'category', '?m=admin&c=category&a=add', '', 1, 'admin888', '115.152.103.91', '2017-07-06 14:50:14'),
(460, '', 0, 'content', '', 'sitemodel', '?m=content&c=sitemodel&a=add', '', 1, 'admin888', '115.152.103.91', '2017-07-06 14:50:54'),
(461, '', 0, 'content', '', 'sitemodel', '?m=content&c=sitemodel&a=add', '', 1, 'admin888', '115.152.103.91', '2017-07-06 14:51:19'),
(462, '', 0, 'content', '', 'sitemodel', '?m=content&c=sitemodel&a=export', '', 1, 'admin888', '115.152.103.91', '2017-07-06 14:58:39'),
(463, '', 0, 'admin', '', 'category', '?m=admin&c=category&a=add', '', 1, 'admin888', '115.152.103.91', '2017-07-06 14:59:45'),
(464, '', 0, 'admin', '', 'category', '?m=admin&c=category&a=add', '', 1, 'admin888', '115.152.103.91', '2017-07-06 15:00:03'),
(465, '', 0, 'admin', '', 'category', '?m=admin&c=category&a=add', '', 1, 'admin888', '115.152.103.91', '2017-07-06 15:00:09'),
(466, '', 0, 'admin', '', 'category', '?m=admin&c=category&a=add', '', 1, 'admin888', '115.152.103.91', '2017-07-06 15:00:26'),
(467, '', 0, 'admin', '', 'category', '?m=admin&c=category&a=add', '', 1, 'admin888', '115.152.103.91', '2017-07-06 15:01:20'),
(468, '', 0, 'admin', '', 'category', '?m=admin&c=category&a=count_items', '', 1, 'admin888', '115.152.103.91', '2017-07-06 15:01:25'),
(469, '', 0, 'admin', '', 'category', '?m=admin&c=category&a=add', '', 1, 'admin888', '115.152.103.91', '2017-07-06 15:01:26'),
(470, '', 0, 'admin', '', 'category', '?m=admin&c=category&a=add', '', 1, 'admin888', '115.152.103.91', '2017-07-06 15:01:28'),
(471, '', 0, 'admin', '', 'category', '?m=admin&c=category&a=add', '', 1, 'admin888', '115.152.103.91', '2017-07-06 15:01:30'),
(472, '', 0, 'content', '', 'sitemodel_field', '?m=content&c=sitemodel_field&a=disabled', '', 1, 'admin888', '115.152.103.91', '2017-07-06 15:03:51'),
(473, '', 0, 'content', '', 'sitemodel_field', '?m=content&c=sitemodel_field&a=disabled', '', 1, 'admin888', '115.152.103.91', '2017-07-06 15:03:55'),
(474, '', 0, 'content', '', 'sitemodel_field', '?m=content&c=sitemodel_field&a=disabled', '', 1, 'admin888', '115.152.103.91', '2017-07-06 15:04:30'),
(475, '', 0, 'content', '', 'sitemodel_field', '?m=content&c=sitemodel_field&a=disabled', '', 1, 'admin888', '115.152.103.91', '2017-07-06 15:04:56'),
(476, '', 0, 'content', '', 'sitemodel_field', '?m=content&c=sitemodel_field&a=disabled', '', 1, 'admin888', '115.152.103.91', '2017-07-06 15:05:02'),
(477, '', 0, 'content', '', 'sitemodel_field', '?m=content&c=sitemodel_field&a=disabled', '', 1, 'admin888', '115.152.103.91', '2017-07-06 15:05:08'),
(478, '', 0, 'content', '', 'sitemodel_field', '?m=content&c=sitemodel_field&a=add', '', 1, 'admin888', '115.152.103.91', '2017-07-06 15:06:04'),
(479, '', 0, 'content', '', 'sitemodel_field', '?m=content&c=sitemodel_field&a=add', '', 1, 'admin888', '115.152.103.91', '2017-07-06 15:08:10'),
(480, '', 0, 'content', '', 'sitemodel_field', '?m=content&c=sitemodel_field&a=listorder', '', 1, 'admin888', '115.152.103.91', '2017-07-06 15:10:41'),
(481, '', 0, 'content', '', 'sitemodel_field', '?m=content&c=sitemodel_field&a=add', '', 1, 'admin888', '115.152.103.91', '2017-07-06 15:11:49'),
(482, '', 0, 'content', '', 'sitemodel_field', '?m=content&c=sitemodel_field&a=add', '', 1, 'admin888', '115.152.103.91', '2017-07-06 15:11:50'),
(483, '', 0, 'content', '', 'sitemodel_field', '?m=content&c=sitemodel_field&a=add', '', 1, 'admin888', '115.152.103.91', '2017-07-06 15:13:39'),
(484, '', 0, 'content', '', 'sitemodel_field', '?m=content&c=sitemodel_field&a=add', '', 1, 'admin888', '115.152.103.91', '2017-07-06 15:13:55'),
(485, '', 0, 'content', '', 'sitemodel_field', '?m=content&c=sitemodel_field&a=add', '', 1, 'admin888', '115.152.103.91', '2017-07-06 15:15:07'),
(486, '', 0, 'content', '', 'sitemodel_field', '?m=content&c=sitemodel_field&a=edit', '', 1, 'admin888', '115.152.103.91', '2017-07-06 15:15:49'),
(487, '', 0, 'content', '', 'sitemodel_field', '?m=content&c=sitemodel_field&a=delete', '', 1, 'admin888', '115.152.103.91', '2017-07-06 15:16:19'),
(488, '', 0, 'content', '', 'sitemodel_field', '?m=content&c=sitemodel_field&a=add', '', 1, 'admin888', '115.152.103.91', '2017-07-06 15:16:22'),
(489, '', 0, 'content', '', 'sitemodel_field', '?m=content&c=sitemodel_field&a=add', '', 1, 'admin888', '115.152.103.91', '2017-07-06 15:16:54'),
(490, '', 0, 'content', '', 'sitemodel_field', '?m=content&c=sitemodel_field&a=add', '', 1, 'admin888', '115.152.103.91', '2017-07-06 15:19:42'),
(491, '', 0, 'content', '', 'sitemodel_field', '?m=content&c=sitemodel_field&a=add', '', 1, 'admin888', '115.152.103.91', '2017-07-06 15:20:19'),
(492, '', 0, 'content', '', 'sitemodel_field', '?m=content&c=sitemodel_field&a=listorder', '', 1, 'admin888', '115.152.103.91', '2017-07-06 15:21:33'),
(493, '', 0, 'content', '', 'content', '?m=content&c=content&a=add', '', 1, 'admin888', '115.152.103.91', '2017-07-06 15:21:47'),
(494, '', 0, 'content', '', 'sitemodel_field', '?m=content&c=sitemodel_field&a=add', '', 1, 'admin888', '115.152.103.91', '2017-07-06 15:23:28'),
(495, '', 0, 'content', '', 'sitemodel_field', '?m=content&c=sitemodel_field&a=add', '', 1, 'admin888', '115.152.103.91', '2017-07-06 15:24:01'),
(496, '', 0, 'content', '', 'sitemodel_field', '?m=content&c=sitemodel_field&a=disabled', '', 1, 'admin888', '115.152.103.91', '2017-07-06 15:24:11'),
(497, '', 0, 'content', '', 'sitemodel_field', '?m=content&c=sitemodel_field&a=disabled', '', 1, 'admin888', '115.152.103.91', '2017-07-06 15:24:13'),
(498, '', 0, 'content', '', 'sitemodel_field', '?m=content&c=sitemodel_field&a=disabled', '', 1, 'admin888', '115.152.103.91', '2017-07-06 15:24:24'),
(499, '', 0, 'content', '', 'sitemodel_field', '?m=content&c=sitemodel_field&a=disabled', '', 1, 'admin888', '115.152.103.91', '2017-07-06 15:24:28'),
(500, '', 0, 'content', '', 'sitemodel_field', '?m=content&c=sitemodel_field&a=disabled', '', 1, 'admin888', '115.152.103.91', '2017-07-06 15:24:31'),
(501, '', 0, 'content', '', 'sitemodel_field', '?m=content&c=sitemodel_field&a=disabled', '', 1, 'admin888', '115.152.103.91', '2017-07-06 15:24:39'),
(502, '', 0, 'content', '', 'sitemodel_field', '?m=content&c=sitemodel_field&a=add', '', 1, 'admin888', '115.152.103.91', '2017-07-06 15:24:52'),
(503, '', 0, 'content', '', 'sitemodel_field', '?m=content&c=sitemodel_field&a=add', '', 1, 'admin888', '115.152.103.91', '2017-07-06 15:25:23'),
(504, '', 0, 'content', '', 'sitemodel_field', '?m=content&c=sitemodel_field&a=add', '', 1, 'admin888', '115.152.103.91', '2017-07-06 15:25:25'),
(505, '', 0, 'content', '', 'sitemodel_field', '?m=content&c=sitemodel_field&a=add', '', 1, 'admin888', '115.152.103.91', '2017-07-06 15:26:22'),
(506, '', 0, 'content', '', 'sitemodel_field', '?m=content&c=sitemodel_field&a=add', '', 1, 'admin888', '115.152.103.91', '2017-07-06 15:26:41'),
(507, '', 0, 'content', '', 'sitemodel_field', '?m=content&c=sitemodel_field&a=add', '', 1, 'admin888', '115.152.103.91', '2017-07-06 15:27:02'),
(508, '', 0, 'content', '', 'sitemodel_field', '?m=content&c=sitemodel_field&a=listorder', '', 1, 'admin888', '115.152.103.91', '2017-07-06 15:27:35'),
(509, '', 0, 'content', '', 'content', '?m=content&c=content&a=add', '', 1, 'admin888', '115.152.103.91', '2017-07-06 15:28:00'),
(510, '', 0, 'content', '', 'content', '?m=content&c=content&a=add', '', 1, 'admin888', '115.152.103.91', '2017-07-06 15:30:24'),
(511, '', 0, 'content', '', 'sitemodel_field', '?m=content&c=sitemodel_field&a=add', '', 1, 'admin888', '115.152.103.91', '2017-07-06 15:36:34'),
(512, '', 0, 'content', '', 'sitemodel_field', '?m=content&c=sitemodel_field&a=edit', '', 1, 'admin888', '115.152.103.91', '2017-07-06 15:38:46'),
(513, '', 0, 'content', '', 'content', '?m=content&c=content&a=edit', '', 1, 'admin888', '115.152.103.91', '2017-07-06 15:39:22'),
(514, '', 0, 'content', '', 'sitemodel_field', '?m=content&c=sitemodel_field&a=edit', '', 1, 'admin888', '115.152.103.91', '2017-07-06 15:44:26'),
(515, '', 0, 'content', '', 'sitemodel_field', '?m=content&c=sitemodel_field&a=edit', '', 1, 'admin888', '115.152.103.91', '2017-07-06 15:44:47'),
(516, '', 0, 'content', '', 'type_manage', '?m=content&c=type_manage&a=add', '', 1, 'admin888', '115.152.103.91', '2017-07-06 15:45:23'),
(517, '', 0, 'content', '', 'sitemodel_field', '?m=content&c=sitemodel_field&a=edit', '', 1, 'admin888', '115.152.103.91', '2017-07-06 15:46:05'),
(518, '', 0, 'content', '', 'sitemodel_field', '?m=content&c=sitemodel_field&a=delete', '', 1, 'admin888', '115.152.103.91', '2017-07-06 17:51:17'),
(519, '', 0, 'content', '', 'sitemodel_field', '?m=content&c=sitemodel_field&a=edit', '', 1, 'admin888', '115.152.103.91', '2017-07-06 17:51:28'),
(520, '', 0, 'content', '', 'sitemodel_field', '?m=content&c=sitemodel_field&a=edit', '', 1, 'admin888', '115.152.103.91', '2017-07-06 17:51:35'),
(521, '', 0, 'content', '', 'sitemodel_field', '?m=content&c=sitemodel_field&a=delete', '', 1, 'admin888', '115.152.103.91', '2017-07-06 17:51:48'),
(522, '', 0, 'content', '', 'sitemodel_field', '?m=content&c=sitemodel_field&a=delete', '', 1, 'admin888', '115.152.103.91', '2017-07-06 17:51:53'),
(523, '', 0, 'content', '', 'sitemodel_field', '?m=content&c=sitemodel_field&a=add', '', 1, 'admin888', '115.152.103.91', '2017-07-06 17:59:25'),
(524, '', 0, 'content', '', 'sitemodel_field', '?m=content&c=sitemodel_field&a=edit', '', 1, 'admin888', '115.152.103.91', '2017-07-06 18:05:27'),
(525, '', 0, 'content', '', 'sitemodel_field', '?m=content&c=sitemodel_field&a=add', '', 1, 'admin888', '115.152.103.91', '2017-07-06 18:05:37'),
(526, '', 0, 'content', '', 'sitemodel_field', '?m=content&c=sitemodel_field&a=add', '', 1, 'admin888', '115.152.103.91', '2017-07-06 18:07:38'),
(527, '', 0, 'content', '', 'sitemodel_field', '?m=content&c=sitemodel_field&a=listorder', '', 1, 'admin888', '115.152.103.91', '2017-07-06 18:07:53'),
(528, '', 0, 'content', '', 'sitemodel_field', '?m=content&c=sitemodel_field&a=add', '', 1, 'admin888', '115.152.103.91', '2017-07-06 18:07:58'),
(529, '', 0, 'content', '', 'sitemodel_field', '?m=content&c=sitemodel_field&a=add', '', 1, 'admin888', '115.152.103.91', '2017-07-06 18:08:38'),
(530, '', 0, 'content', '', 'sitemodel_field', '?m=content&c=sitemodel_field&a=listorder', '', 1, 'admin888', '115.152.103.91', '2017-07-06 18:08:44'),
(531, '', 0, 'content', '', 'sitemodel_field', '?m=content&c=sitemodel_field&a=add', '', 1, 'admin888', '115.152.103.91', '2017-07-06 18:08:51'),
(532, '', 0, 'content', '', 'sitemodel_field', '?m=content&c=sitemodel_field&a=add', '', 1, 'admin888', '115.152.103.91', '2017-07-06 18:18:42'),
(533, '', 0, 'content', '', 'sitemodel_field', '?m=content&c=sitemodel_field&a=add', '', 1, 'admin888', '115.152.103.91', '2017-07-06 18:18:47'),
(534, '', 0, 'content', '', 'sitemodel_field', '?m=content&c=sitemodel_field&a=add', '', 1, 'admin888', '115.152.103.91', '2017-07-06 18:19:37'),
(535, '', 0, 'content', '', 'sitemodel_field', '?m=content&c=sitemodel_field&a=listorder', '', 1, 'admin888', '115.152.103.91', '2017-07-06 18:20:06'),
(536, '', 0, 'content', '', 'content', '?m=content&c=content&a=add', '', 1, 'admin888', '115.152.103.91', '2017-07-06 18:20:41'),
(537, '', 0, 'content', '', 'sitemodel_field', '?m=content&c=sitemodel_field&a=edit', '', 1, 'admin888', '115.152.103.91', '2017-07-06 18:20:56'),
(538, '', 0, 'content', '', 'sitemodel_field', '?m=content&c=sitemodel_field&a=edit', '', 1, 'admin888', '115.152.103.91', '2017-07-06 18:21:15'),
(539, '', 0, 'content', '', 'sitemodel_field', '?m=content&c=sitemodel_field&a=edit', '', 1, 'admin888', '115.152.103.91', '2017-07-06 18:21:30'),
(540, '', 0, 'content', '', 'sitemodel_field', '?m=content&c=sitemodel_field&a=edit', '', 1, 'admin888', '115.152.103.91', '2017-07-06 18:21:49'),
(541, '', 0, 'content', '', 'content', '?m=content&c=content&a=add', '', 1, 'admin888', '115.152.103.91', '2017-07-06 18:21:55'),
(542, '', 0, 'content', '', 'content', '?m=content&c=content&a=add', '', 1, 'admin888', '115.152.103.91', '2017-07-06 18:23:54'),
(543, '', 0, 'content', '', 'content', '?m=content&c=content&a=add', '', 1, 'admin888', '115.152.103.91', '2017-07-06 18:25:14'),
(544, '', 0, 'admin', '', 'index', '?m=admin&c=index&a=login', '', 0, 'admin888', '115.152.103.91', '2017-07-07 09:24:18'),
(545, '', 0, 'admin', '', 'index', '?m=admin&c=index&a=login', '', 0, 'admin888', '115.152.103.91', '2017-07-07 09:24:25'),
(546, '', 0, 'content', '', 'sitemodel', '?m=content&c=sitemodel&a=add', '', 1, 'admin888', '115.152.103.91', '2017-07-07 09:24:44'),
(547, '', 0, 'content', '', 'sitemodel', '?m=content&c=sitemodel&a=add', '', 1, 'admin888', '115.152.103.91', '2017-07-07 09:25:00'),
(548, '', 0, 'content', '', 'sitemodel_field', '?m=content&c=sitemodel_field&a=disabled', '', 1, 'admin888', '115.152.103.91', '2017-07-07 09:25:06'),
(549, '', 0, 'content', '', 'sitemodel_field', '?m=content&c=sitemodel_field&a=disabled', '', 1, 'admin888', '115.152.103.91', '2017-07-07 09:25:09'),
(550, '', 0, 'content', '', 'sitemodel_field', '?m=content&c=sitemodel_field&a=disabled', '', 1, 'admin888', '115.152.103.91', '2017-07-07 09:25:19'),
(551, '', 0, 'content', '', 'sitemodel_field', '?m=content&c=sitemodel_field&a=disabled', '', 1, 'admin888', '115.152.103.91', '2017-07-07 09:25:26'),
(552, '', 0, 'content', '', 'sitemodel_field', '?m=content&c=sitemodel_field&a=disabled', '', 1, 'admin888', '115.152.103.91', '2017-07-07 09:25:32'),
(553, '', 0, 'content', '', 'sitemodel_field', '?m=content&c=sitemodel_field&a=disabled', '', 1, 'admin888', '115.152.103.91', '2017-07-07 09:25:38'),
(554, '', 0, 'content', '', 'sitemodel_field', '?m=content&c=sitemodel_field&a=disabled', '', 1, 'admin888', '115.152.103.91', '2017-07-07 09:25:41'),
(555, '', 0, 'content', '', 'sitemodel_field', '?m=content&c=sitemodel_field&a=disabled', '', 1, 'admin888', '115.152.103.91', '2017-07-07 09:25:44'),
(556, '', 0, 'content', '', 'sitemodel_field', '?m=content&c=sitemodel_field&a=disabled', '', 1, 'admin888', '115.152.103.91', '2017-07-07 09:25:49'),
(557, '', 0, 'content', '', 'sitemodel_field', '?m=content&c=sitemodel_field&a=disabled', '', 1, 'admin888', '115.152.103.91', '2017-07-07 09:25:52'),
(558, '', 0, 'content', '', 'sitemodel_field', '?m=content&c=sitemodel_field&a=add', '', 1, 'admin888', '115.152.103.91', '2017-07-07 09:26:00'),
(559, '', 0, 'content', '', 'sitemodel_field', '?m=content&c=sitemodel_field&a=add', '', 1, 'admin888', '115.152.103.91', '2017-07-07 09:26:24'),
(560, '', 0, 'content', '', 'sitemodel_field', '?m=content&c=sitemodel_field&a=edit', '', 1, 'admin888', '115.152.103.91', '2017-07-07 09:26:42'),
(561, '', 0, 'content', '', 'sitemodel_field', '?m=content&c=sitemodel_field&a=edit', '', 1, 'admin888', '115.152.103.91', '2017-07-07 09:27:08'),
(562, '', 0, 'content', '', 'sitemodel_field', '?m=content&c=sitemodel_field&a=listorder', '', 1, 'admin888', '115.152.103.91', '2017-07-07 09:27:29'),
(563, '', 0, 'content', '', 'sitemodel_field', '?m=content&c=sitemodel_field&a=listorder', '', 1, 'admin888', '115.152.103.91', '2017-07-07 09:27:50'),
(564, '', 0, 'admin', '', 'category', '?m=admin&c=category&a=edit', '', 1, 'admin888', '115.152.103.91', '2017-07-07 09:28:14'),
(565, '', 0, 'admin', '', 'category', '?m=admin&c=category&a=edit', '', 1, 'admin888', '115.152.103.91', '2017-07-07 09:28:23'),
(566, '', 0, 'content', '', 'sitemodel', '?m=content&c=sitemodel&a=edit', '', 1, 'admin888', '115.152.103.91', '2017-07-07 09:28:37'),
(567, '', 0, 'content', '', 'sitemodel', '?m=content&c=sitemodel&a=edit', '', 1, 'admin888', '115.152.103.91', '2017-07-07 09:28:40'),
(568, '', 0, 'content', '', 'content', '?m=content&c=content&a=add', '', 1, 'admin888', '115.152.103.91', '2017-07-07 09:28:50'),
(569, '', 0, 'content', '', 'content', '?m=content&c=content&a=add', '', 1, 'admin888', '115.152.103.91', '2017-07-07 09:31:25'),
(570, '', 0, 'content', '', 'content', '?m=content&c=content&a=edit', '', 1, 'admin888', '115.152.103.91', '2017-07-07 16:42:13'),
(571, '', 0, 'admin', '', 'index', '?m=admin&c=index&a=login', '', 0, 'admin888', '127.0.0.1', '2017-07-08 20:51:32'),
(572, '', 0, 'admin', '', 'index', '?m=admin&c=index&a=login', '', 0, 'admin888', '127.0.0.1', '2017-07-08 20:51:46'),
(573, '', 0, 'content', '', 'sitemodel', '?m=content&c=sitemodel&a=export', '', 1, 'admin888', '127.0.0.1', '2017-07-08 21:01:39'),
(574, '', 0, 'content', '', 'sitemodel', '?m=content&c=sitemodel&a=export', '', 1, 'admin888', '127.0.0.1', '2017-07-08 21:01:59'),
(575, '', 0, 'content', '', 'sitemodel', '?m=content&c=sitemodel&a=export', '', 1, 'admin888', '127.0.0.1', '2017-07-08 21:02:05'),
(576, '', 0, 'content', '', 'sitemodel', '?m=content&c=sitemodel&a=export', '', 1, 'admin888', '127.0.0.1', '2017-07-08 21:02:16'),
(577, '', 0, 'content', '', 'sitemodel', '?m=content&c=sitemodel&a=export', '', 1, 'admin888', '127.0.0.1', '2017-07-08 21:02:29'),
(578, '', 0, 'content', '', 'sitemodel', '?m=content&c=sitemodel&a=export', '', 1, 'admin888', '127.0.0.1', '2017-07-08 21:02:39'),
(579, '', 0, 'content', '', 'sitemodel', '?m=content&c=sitemodel&a=export', '', 1, 'admin888', '127.0.0.1', '2017-07-08 21:02:48'),
(580, '', 0, 'content', '', 'sitemodel', '?m=content&c=sitemodel&a=export', '', 1, 'admin888', '127.0.0.1', '2017-07-08 21:02:57'),
(581, '', 0, 'content', '', 'sitemodel', '?m=content&c=sitemodel&a=import', '', 1, 'admin888', '127.0.0.1', '2017-07-08 21:03:23'),
(582, '', 0, 'content', '', 'sitemodel', '?m=content&c=sitemodel&a=import', '', 1, 'admin888', '127.0.0.1', '2017-07-08 21:05:57'),
(583, '', 0, 'admin', '', 'category', '?m=admin&c=category&a=add', '', 1, 'admin888', '127.0.0.1', '2017-07-08 22:02:09');

-- --------------------------------------------------------

--
-- 表的结构 `jydp_member`
--

CREATE TABLE IF NOT EXISTS `jydp_member` (
  `userid` mediumint(8) unsigned NOT NULL AUTO_INCREMENT,
  `phpssouid` mediumint(8) unsigned NOT NULL,
  `username` char(20) NOT NULL DEFAULT '',
  `openid` varchar(255) NOT NULL DEFAULT '',
  `unionid` varchar(255) NOT NULL DEFAULT '',
  `gender` tinyint(3) NOT NULL DEFAULT '0',
  `avatar` varchar(255) NOT NULL DEFAULT '',
  `password` char(32) NOT NULL DEFAULT '',
  `encrypt` char(6) NOT NULL,
  `nickname` char(20) NOT NULL,
  `regdate` int(10) unsigned NOT NULL DEFAULT '0',
  `lastdate` int(10) unsigned NOT NULL DEFAULT '0',
  `regip` char(15) NOT NULL DEFAULT '',
  `lastip` char(15) NOT NULL DEFAULT '',
  `loginnum` smallint(5) unsigned NOT NULL DEFAULT '0',
  `email` char(32) NOT NULL DEFAULT '',
  `groupid` tinyint(3) unsigned NOT NULL DEFAULT '0',
  `areaid` mediumint(8) unsigned NOT NULL DEFAULT '0',
  `areaname` varchar(100) NOT NULL DEFAULT '',
  `amount` decimal(8,2) unsigned NOT NULL DEFAULT '0.00',
  `heijingbi` smallint(5) NOT NULL DEFAULT '0' COMMENT '黑精币',
  `reward` smallint(5) NOT NULL DEFAULT '0' COMMENT '奖励',
  `point` smallint(5) unsigned NOT NULL DEFAULT '0',
  `modelid` smallint(5) unsigned NOT NULL DEFAULT '0',
  `sell` smallint(5) NOT NULL DEFAULT '0' COMMENT '销售数',
  `fans` smallint(5) NOT NULL DEFAULT '0' COMMENT '粉丝数',
  `coupon` smallint(5) NOT NULL DEFAULT '0' COMMENT '礼券数',
  `message` tinyint(1) unsigned NOT NULL DEFAULT '0',
  `islock` tinyint(1) unsigned NOT NULL DEFAULT '0',
  `vip` tinyint(1) unsigned NOT NULL DEFAULT '0',
  `overduedate` int(10) unsigned NOT NULL DEFAULT '0',
  `cardnumber` varchar(32) NOT NULL DEFAULT '',
  `siteid` smallint(5) unsigned NOT NULL DEFAULT '1',
  `connectid` char(40) NOT NULL DEFAULT '',
  `from` char(10) NOT NULL DEFAULT '',
  `mobile` char(11) NOT NULL DEFAULT '',
  `code` varchar(32) NOT NULL DEFAULT '',
  `codetime` int(10) NOT NULL DEFAULT '0',
  `isnew` tinyint(3) NOT NULL DEFAULT '1',
  PRIMARY KEY (`userid`),
  UNIQUE KEY `username` (`username`),
  KEY `email` (`email`(20)),
  KEY `phpssouid` (`phpssouid`)
) ENGINE=MyISAM  DEFAULT CHARSET=utf8 ROW_FORMAT=FIXED AUTO_INCREMENT=76 ;

--
-- 转存表中的数据 `jydp_member`
--

INSERT INTO `jydp_member` (`userid`, `phpssouid`, `username`, `openid`, `unionid`, `gender`, `avatar`, `password`, `encrypt`, `nickname`, `regdate`, `lastdate`, `regip`, `lastip`, `loginnum`, `email`, `groupid`, `areaid`, `areaname`, `amount`, `heijingbi`, `reward`, `point`, `modelid`, `sell`, `fans`, `coupon`, `message`, `islock`, `vip`, `overduedate`, `cardnumber`, `siteid`, `connectid`, `from`, `mobile`, `code`, `codetime`, `isnew`) VALUES
(17, 19, '18888888887', '', '', 1, 'http://101.37.168.200/uploadfile/2017/0707/20170707043508833.png', '25d144709f6b11453687e12205bea5c8', 'Hb5W14', '易沉2', 1495527095, 1495527095, '106.4.204.84', '', 0, '', 6, 0, '', '0.00', 20, 0, 0, 10, 0, 0, 0, 0, 0, 0, 0, '', 1, '', '', '18888888887', '9047', 1495527603, 0),
(16, 18, '18630796688', 'oUegI0ehx4hl6zS2a_JBDa35h1NY', 'omj0QxAm_-isjOV2LGGW2NyFaOwI', 0, 'http://wx.qlogo.cn/mmopen/vi_32/DYAIOgq83eomVdTUBrl2xRaUI1xLQ6QA5lvd4OpMx6g5W2EIBh4M8LBrZgRyaXdaicuiaNcvVvwAU0vyLS5D26iag/0', 'e8ea2017865519b330bd27996e8974fa', 'XDXD5G', '易沉', 1495527076, 1499396467, '106.4.204.84', '115.152.103.91', 0, 'adsmin1@qq.com', 6, 0, '', '0.00', 40, 50, 0, 0, 0, 0, 0, 0, 0, 1, 1529221207, '', 1, '', '', '18630796688', '', 0, 1),
(18, 20, 'PyxCaKSD', '', '', 0, '', '3d28e939063a103b6094713bb18ffc83', 'UAlUxr', '', 1495548634, 1495548634, '140.205.201.37', '', 0, 'PyxCaKSD@aliyun.com', 2, 0, '', '0.00', 0, 0, 0, 11, 0, 0, 0, 0, 0, 0, 0, '', 1, '', '', '', '', 0, 1),
(19, 21, 'xefBGdQF', '', '', 0, '', '5c5036066e5c729af6c92228af845ffc', '5ElxvU', '', 1495635325, 1495635325, '140.205.225.200', '', 0, 'xefBGdQF@aliyun.com', 2, 0, '', '0.00', 0, 0, 0, 11, 0, 0, 0, 0, 0, 0, 0, '', 1, '', '', '', '', 0, 1),
(20, 22, 'hOSZDawn', '', '', 0, '', '73ead97695f8b61a88bbf0267a4a6c3c', 'Aq2eUD', '', 1495721698, 1495721698, '140.205.225.193', '', 0, 'hOSZDawn@aliyun.com', 2, 0, '', '0.00', 0, 0, 0, 11, 0, 0, 0, 0, 0, 0, 0, '', 1, '', '', '', '', 0, 1),
(21, 23, 'tHmTGBMq', '', '', 0, '', '573fa2ff4b4bd5dc1d416db6e46a3f2e', 'tprhlv', '', 1495808136, 1495808136, '140.205.225.188', '', 0, 'tHmTGBMq@aliyun.com', 2, 0, '', '0.00', 0, 0, 0, 11, 0, 0, 0, 0, 0, 0, 0, '', 1, '', '', '', '', 0, 1),
(22, 24, 'wmeOSqPR', '', '', 0, '', '5c8dc354f6b64d173e65c7abec8479d4', '1dzAjf', '', 1495894555, 1495894555, '140.205.201.39', '', 0, 'wmeOSqPR@aliyun.com', 2, 0, '', '0.00', 0, 0, 0, 11, 0, 0, 0, 0, 0, 0, 0, '', 1, '', '', '', '', 0, 1),
(23, 25, 'zUCMGfYR', '', '', 0, '', '23ea1077c16183dc97f512fd026e6757', 'dQRCW5', '易沉1', 1495980973, 1495980973, '140.205.225.202', '', 0, 'zUCMGfYR@aliyun.com', 2, 0, '', '0.00', 0, 0, 0, 11, 0, 0, 0, 0, 0, 0, 0, '', 1, '', '', '', '', 0, 1),
(24, 26, 'tEkrhWdn', '', '', 0, '', '2a3b477a9a28ba83ce272768dcbd4a7b', 'fVTTf2', '', 1496067383, 1496067383, '140.205.225.205', '', 0, 'tEkrhWdn@aliyun.com', 2, 0, '', '0.00', 0, 0, 0, 11, 0, 0, 0, 0, 0, 0, 0, '', 1, '', '', '', '', 0, 1),
(25, 27, 'KwTIHebs', '', '', 0, '', '5e046ad49ce8deb3030228f0f8f4bd46', 'tS49iG', '', 1496153808, 1496153808, '140.205.225.185', '', 0, 'KwTIHebs@aliyun.com', 2, 0, '', '0.00', 0, 0, 0, 11, 0, 0, 0, 0, 0, 0, 0, '', 1, '', '', '', '', 0, 1),
(26, 28, '13546844810', 'oUegI0YZh0507vJh4l8vX_kJSWx8', 'omj0QxAw50x2Sfo_NsvQWQPz3aBw', 1, 'http://wx.qlogo.cn/mmopen/vi_32/k2IQTLwo4cQvdNns3DjeI2A1tnEZYFuVSMqSY9icdAKBMoxpTqiaicuR6e9XGia7SvLGIZhlXnaOdicqK6qMGwHd0SQ/0', '9c9444f1ab77ad8c7db0cad580f11f8c', 'ZIJSez', '也许下一站', 1496212300, 1496212300, '118.190.20.240', '', 0, '555sss5@qq.com', 6, 360100, '南昌市', '0.00', 0, 0, 0, 10, 0, 0, 0, 0, 0, 1, 1527724800, '11111111', 1, '', '', '13546844810', '', 0, 1),
(27, 29, '13366666668', '', '', 2, '', 'dde94358658fef417a55eba8ec98a09d', 'l8cPMK', '分享12', 1496234534, 1496234534, '59.53.12.79', '', 0, '', 6, 0, '', '0.00', 0, 0, 0, 10, 0, 0, 0, 0, 0, 0, 0, '', 1, '', '', '13366666668', '5703', 1496461426, 0),
(28, 30, '18112345678', '', '', 0, '', '799dcb590455daec39a212bfbff782a6', 'KL7ssj', '', 1496237074, 1496237074, '118.190.20.240', '', 0, '', 6, 0, '', '0.00', 0, 0, 0, 10, 0, 0, 0, 0, 0, 0, 0, '', 1, '', '', '18112345678', '7055', 1496237157, 1),
(29, 31, 'uIDmVojW', '', '', 0, '', '06b8de69de4a87921ff7b136fc480f12', 'v6GSuM', '', 1496240219, 1496240219, '140.205.225.198', '', 0, 'uIDmVojW@aliyun.com', 2, 0, '', '0.00', 0, 0, 0, 11, 0, 0, 0, 0, 0, 0, 0, '', 1, '', '', '', '', 0, 1),
(30, 32, '13807066035', '', '', 2, '', '3f808ee8c5758eb0121107adcff12d75', 'duFSDI', '头像', 1496282623, 1496282623, '115.152.101.101', '', 0, '', 6, 0, '', '0.00', 0, 0, 0, 10, 0, 0, 0, 0, 0, 0, 0, '', 1, '', '', '13807066035', '9623', 1496562358, 0),
(31, 33, 'FcwuPmqk', '', '', 0, '', '462491897c42887919fd9134a54d45e6', 'wHSnEi', '', 1496326652, 1496326652, '140.205.225.195', '', 0, 'FcwuPmqk@aliyun.com', 2, 0, '', '0.00', 0, 0, 0, 11, 0, 0, 0, 0, 0, 0, 0, '', 1, '', '', '', '', 0, 1),
(32, 34, '18970980861', '', '', 0, '', 'ecc8598862805a06414352b592867c3f', 'yQDeai', 'qwe', 1496372806, 1496372806, '118.190.20.240', '', 0, '', 6, 0, '', '0.00', 0, 0, 0, 10, 0, 0, 0, 0, 0, 0, 0, '', 1, '', '', '18970980861', '', 0, 0),
(33, 35, '18270915319', '', '', 2, '', '70130a45c0366ba11466d5348e8e2b9c', 'tvQDji', '啊lol', 1496395179, 1496395179, '223.104.10.207', '', 0, '', 6, 130706, '河北省,张家口市,下花园区', '0.00', 0, 0, 0, 10, 0, 0, 0, 0, 0, 0, 0, '', 1, '', '', '18270915319', '9259', 1496561644, 0),
(34, 36, 'GUhuWqJp', '', '', 0, '', 'ecb0a7915f925f8fa652875a28475dfb', 'QHHcce', '', 1496413102, 1496413102, '140.205.225.185', '', 0, 'GUhuWqJp@aliyun.com', 2, 0, '', '0.00', 0, 0, 0, 11, 0, 0, 0, 0, 0, 0, 0, '', 1, '', '', '', '', 0, 1),
(35, 37, 'fkNmFlOP', '', '', 0, '', '4bb0095f607267d923c165e973545d31', 'lmERyl', '', 1496499949, 1496499949, '140.205.201.30', '', 0, 'fkNmFlOP@aliyun.com', 2, 0, '', '0.00', 0, 0, 0, 11, 0, 0, 0, 0, 0, 0, 0, '', 1, '', '', '', '', 0, 1),
(36, 38, 'HWTxJwrB', '', '', 0, '', '9c06171a2ae23b9fd96c4c5efed086e2', '5qcvUA', '', 1496585962, 1496585962, '140.205.225.191', '', 0, 'HWTxJwrB@aliyun.com', 2, 0, '', '0.00', 0, 0, 0, 11, 0, 0, 0, 0, 0, 0, 0, '', 1, '', '', '', '', 0, 1),
(37, 39, 'cgofysZV', '', '', 0, '', '8eb54a54dfdc5e87e1a7079b15c89294', 'x6Aw3i', '', 1496672378, 1496672378, '140.205.225.191', '', 0, 'cgofysZV@aliyun.com', 2, 0, '', '0.00', 0, 0, 0, 11, 0, 0, 0, 0, 0, 0, 0, '', 1, '', '', '', '', 0, 1),
(38, 40, '18807913658', '', '', 0, '', 'f51492aeacd222e110b4547304b6628e', 'TtuQYF', 'yuanweiming', 1496716222, 1496716222, '106.4.204.99', '', 0, '', 6, 0, '', '0.00', 0, 0, 0, 10, 0, 0, 0, 0, 0, 0, 0, '', 1, '', '', '18807913658', '', 0, 0),
(39, 41, 'kUghiKyJ', '', '', 0, '', 'b846fd864d91a1c9430741c40b92fe28', 'ZsMHaG', '', 1496845217, 1496845217, '140.205.225.185', '', 0, 'kUghiKyJ@aliyun.com', 2, 0, '', '0.00', 0, 0, 0, 11, 0, 0, 0, 0, 0, 0, 0, '', 1, '', '', '', '', 0, 1),
(40, 42, 'wyGamiNY', '', '', 0, '', '05cc3cb55a2c9f3f6e1438893953cc0a', 'Bs32xl', '', 1496931647, 1496931647, '140.205.225.198', '', 0, 'wyGamiNY@aliyun.com', 2, 0, '', '0.00', 0, 0, 0, 11, 0, 0, 0, 0, 0, 0, 0, '', 1, '', '', '', '', 0, 1),
(41, 43, 'tcgvfkEs', '', '', 0, '', '38d725f5b6a600d43d63deeadea5b8a5', 'PUjnba', '', 1497104481, 1497104481, '140.205.225.185', '', 0, 'tcgvfkEs@aliyun.com', 2, 0, '', '0.00', 0, 0, 0, 11, 0, 0, 0, 0, 0, 0, 0, '', 1, '', '', '', '', 0, 1),
(42, 44, 'mltJYIUR', '', '', 0, '', '67c06b50e7d7a0d77e56886fc2aab6b2', 'lMmNTf', '', 1497190923, 1497190923, '140.205.201.44', '', 0, 'mltJYIUR@aliyun.com', 2, 0, '', '0.00', 0, 0, 0, 11, 0, 0, 0, 0, 0, 0, 0, '', 1, '', '', '', '', 0, 1),
(43, 45, 'zKsIEdNQ', '', '', 0, '', '4141e50d4c52be3861d4a65e9677f503', 'h99ELI', '', 1497277355, 1497277355, '140.205.225.183', '', 0, 'zKsIEdNQ@aliyun.com', 2, 0, '', '0.00', 0, 0, 0, 11, 0, 0, 0, 0, 0, 0, 0, '', 1, '', '', '', '', 0, 1),
(44, 46, '13807066033', '', '', 2, '', '40295f7823b1e5ab73dcc76db0333ea8', 'MFDm7q', '偷空', 1497323297, 1497323297, '115.152.102.204', '', 0, '', 6, 820102, '澳门特别行政区,澳门,氹仔', '0.00', 0, 0, 0, 10, 0, 0, 0, 0, 0, 0, 0, '', 1, '', '', '13807066033', '', 0, 0),
(45, 47, 'GXWetDMH', '', '', 0, '', 'c5c819ab6a29019c3eeb949f1313e80f', 'Q5X7Ki', '', 1497363801, 1497363801, '140.205.225.193', '', 0, 'GXWetDMH@aliyun.com', 2, 0, '', '0.00', 0, 0, 0, 11, 0, 0, 0, 0, 0, 0, 0, '', 1, '', '', '', '', 0, 1),
(46, 48, '13333333333', '', '', 0, '', '4e6b674ae2b2c06926b1b446b8dfa163', 'Td1GLi', '', 1497443928, 1497443928, '59.53.1.254', '', 0, '', 6, 0, '', '0.00', 0, 0, 0, 10, 0, 0, 0, 0, 0, 0, 0, '', 1, '', '', '13333333333', '', 0, 1),
(47, 49, 'EnywBPlA', '', '', 0, '', '3e99e03034ee55f4540deded87228890', 'r1BxxQ', '', 1497450238, 1497450238, '140.205.225.195', '', 0, 'EnywBPlA@aliyun.com', 2, 0, '', '0.00', 0, 0, 0, 11, 0, 0, 0, 0, 0, 0, 0, '', 1, '', '', '', '', 0, 1),
(48, 50, 'PnarAdDj', '', '', 0, '', '3982cce2334298d0c3ad9b9f0698e578', '55rdQA', '', 1497536703, 1497536703, '140.205.225.201', '', 0, 'PnarAdDj@aliyun.com', 2, 0, '', '0.00', 0, 0, 0, 11, 0, 0, 0, 0, 0, 0, 0, '', 1, '', '', '', '', 0, 1),
(49, 51, 'xkq123', '', '', 0, '', 'ae3ddbeab97ce55caacaa8957fd9bcf7', 'sAr8X7', 'asdsso', 1497537716, 1497879501, '211.161.115.68', '211.161.115.68', 0, '824178949@qq.com', 2, 0, '', '0.00', 0, 0, 0, 10, 0, 0, 0, 0, 0, 0, 0, '', 1, '', '', '', '', 0, 1),
(50, 52, 'VXUusxLh', '', '', 0, '', 'c4b5e21965d7893e63926257bd48ca46', '3GBd4i', '', 1497623166, 1497623166, '140.205.225.198', '', 0, 'VXUusxLh@aliyun.com', 2, 0, '', '0.00', 0, 0, 0, 11, 0, 0, 0, 0, 0, 0, 0, '', 1, '', '', '', '', 0, 1),
(51, 53, 'gmNhEIdL', '', '', 0, '', '50eeb70af66001659c87962bf74456c8', 'PPb8QK', '', 1497709603, 1497709603, '140.205.201.34', '', 0, 'gmNhEIdL@aliyun.com', 2, 0, '', '0.00', 0, 0, 0, 11, 0, 0, 0, 0, 0, 0, 0, '', 1, '', '', '', '', 0, 1),
(52, 54, 'UqdaxELM', '', '', 0, '', 'e85111e7899ffccc3133ad82357ffe11', 'sN9RJW', '', 1497796049, 1497796049, '140.205.201.30', '', 0, 'UqdaxELM@aliyun.com', 2, 0, '', '0.00', 0, 0, 0, 11, 0, 0, 0, 0, 0, 0, 0, '', 1, '', '', '', '', 0, 1),
(53, 55, '13807066000', '', '', 0, '', 'edccc8278d352f0c5d8ddf5ed175f8be', 'DqWTl9', '啦啦', 1497862953, 1497862953, '115.152.100.150', '', 0, '', 6, 0, '', '0.00', 0, 0, 0, 10, 0, 0, 0, 0, 0, 0, 0, '', 1, '', '', '13807066000', '', 0, 0),
(54, 56, 'LZObFrhk', '', '', 0, '', 'd17b36b2fc35530189864d408f80610e', 'aSaCQJ', '', 1497882508, 1497882508, '140.205.201.30', '', 0, 'LZObFrhk@aliyun.com', 2, 0, '', '0.00', 0, 0, 0, 11, 0, 0, 0, 0, 0, 0, 0, '', 1, '', '', '', '', 0, 1),
(55, 57, '18630796686', '', '', 0, '', 'd7904517d1d659953bbeb42928f41079', '2auptN', 'asd', 1497925501, 1499395180, '115.152.100.150', '115.152.103.91', 0, '', 2, 0, '', '0.00', 0, 0, 0, 10, 0, 0, 0, 0, 0, 0, 0, '', 1, '', '', '18630796686', '', 0, 0),
(56, 58, 'OxbHCcXG', '', '', 0, '', '1531f4d2d1a21a4c3b576f96d0b9c443', 'QT2EGt', '', 1497968984, 1497968984, '140.205.201.38', '', 0, 'OxbHCcXG@aliyun.com', 2, 0, '', '0.00', 0, 0, 0, 11, 0, 0, 0, 0, 0, 0, 0, '', 1, '', '', '', '', 0, 1),
(57, 59, 'AGQCDWYc', '', '', 0, '', '2c36f3e9a3f13f7254b0e4763c2a6323', 'RU6av5', '', 1498055475, 1498055475, '140.205.201.34', '', 0, 'AGQCDWYc@aliyun.com', 2, 0, '', '0.00', 0, 0, 0, 11, 0, 0, 0, 0, 0, 0, 0, '', 1, '', '', '', '', 0, 1),
(58, 60, 'WxEDqwrS', '', '', 0, '', '5fb8147dda45908a16a9b4b11638256a', 'AV1kUx', '', 1498141909, 1498141909, '140.205.225.193', '', 0, 'WxEDqwrS@aliyun.com', 2, 0, '', '0.00', 0, 0, 0, 11, 0, 0, 0, 0, 0, 0, 0, '', 1, '', '', '', '', 0, 1),
(59, 61, 'CzgGLYaN', '', '', 0, '', 'fe3209b21440afcd70511c01f18880c0', 'ZS1jUb', '', 1498228343, 1498228343, '140.205.225.204', '', 0, 'CzgGLYaN@aliyun.com', 2, 0, '', '0.00', 0, 0, 0, 11, 0, 0, 0, 0, 0, 0, 0, '', 1, '', '', '', '', 0, 1),
(60, 62, 'AyQmHMKh', '', '', 0, '', '130a2764bcb34f871bbeb6b9da70c6b8', 'qSgbPG', '', 1498401199, 1498401199, '140.205.225.195', '', 0, 'AyQmHMKh@aliyun.com', 2, 0, '', '0.00', 0, 0, 0, 11, 0, 0, 0, 0, 0, 0, 0, '', 1, '', '', '', '', 0, 1),
(61, 63, 'hiNMQsIr', '', '', 0, '', '1af3025279063086622e0403edebef07', 'PS5slG', '', 1498487638, 1498487638, '140.205.201.34', '', 0, 'hiNMQsIr@aliyun.com', 2, 0, '', '0.00', 0, 0, 0, 11, 0, 0, 0, 0, 0, 0, 0, '', 1, '', '', '', '', 0, 1),
(62, 64, 'JLjlaBtC', '', '', 0, '', '864c25e52b9cd93fdc3906810ca3df0d', 'widzcE', '', 1498574068, 1498574068, '140.205.225.206', '', 0, 'JLjlaBtC@aliyun.com', 2, 0, '', '0.00', 0, 0, 0, 11, 0, 0, 0, 0, 0, 0, 0, '', 1, '', '', '', '', 0, 1),
(63, 65, 'hmBNFqRp', '', '', 0, '', 'd24b3965f8fa7888b9832334c3e8009f', 'Kj3cyF', '', 1498660485, 1498660485, '140.205.201.43', '', 0, 'hmBNFqRp@aliyun.com', 2, 0, '', '0.00', 0, 0, 0, 11, 0, 0, 0, 0, 0, 0, 0, '', 1, '', '', '', '', 0, 1),
(64, 66, 'fcYrjDBV', '', '', 0, '', 'b6d66ba3bfbd5cbf3dcc625da693494e', 'Am1SZw', '', 1498746909, 1498746909, '140.205.225.195', '', 0, 'fcYrjDBV@aliyun.com', 2, 0, '', '0.00', 0, 0, 0, 11, 0, 0, 0, 0, 0, 0, 0, '', 1, '', '', '', '', 0, 1),
(65, 67, 'qoraduZD', '', '', 0, '', '85fe08b82e751c02eabb73a1205afe57', 'u8zmAD', '', 1498833347, 1498833347, '140.205.201.41', '', 0, 'qoraduZD@aliyun.com', 2, 0, '', '0.00', 0, 0, 0, 11, 0, 0, 0, 0, 0, 0, 0, '', 1, '', '', '', '', 0, 1),
(66, 68, 'VvujybIt', '', '', 0, '', 'f9150100b6501d1ae320bebbf623141e', 'VHrmkf', '', 1498919794, 1498919794, '140.205.225.198', '', 0, 'VvujybIt@aliyun.com', 2, 0, '', '0.00', 0, 0, 0, 11, 0, 0, 0, 0, 0, 0, 0, '', 1, '', '', '', '', 0, 1),
(67, 69, 'NdxobEtm', '', '', 0, '', '82b4de384ad17706a2b7feadbdc368a2', 'eGPdjX', '', 1499006212, 1499006212, '140.205.201.42', '', 0, 'NdxobEtm@aliyun.com', 2, 0, '', '0.00', 0, 0, 0, 11, 0, 0, 0, 0, 0, 0, 0, '', 1, '', '', '', '', 0, 1),
(68, 70, '13807066001', '', '', 1, '', '5508f70465a85cb944cb07ac27c10428', 'AluA6p', '同款', 1499045721, 1499045721, '220.177.141.200', '', 0, '', 6, 0, '', '0.00', 0, 0, 0, 10, 0, 0, 0, 0, 0, 0, 0, '', 1, '', '', '13807066001', '', 0, 0),
(69, 71, 'gRdyVvTc', '', '', 0, '', '853533d7cbd9823a6e78be1ddc5b1684', 'FanrBu', '', 1499092675, 1499092675, '140.205.201.42', '', 0, 'gRdyVvTc@aliyun.com', 2, 0, '', '0.00', 0, 0, 0, 11, 0, 0, 0, 0, 0, 0, 0, '', 1, '', '', '', '', 0, 1),
(70, 72, '13366666666', '', '', 0, '', 'af3f2d528606074d22249a409594b95b', 'Yzmwnl', '', 1499132229, 1499132229, '182.109.245.212', '', 0, '', 6, 0, '', '0.00', 0, 0, 0, 10, 0, 0, 0, 0, 0, 0, 0, '', 1, '', '', '13366666666', '', 0, 1),
(71, 73, '13807066032', '', '', 0, '', 'de387bf890ebac6c9cf2216075f8f306', 'Ww9s2B', '', 1499137307, 1499137307, '220.177.141.200', '', 0, '', 6, 0, '', '0.00', 0, 0, 0, 10, 0, 0, 0, 0, 0, 0, 0, '', 1, '', '', '13807066032', '', 0, 1),
(72, 74, 'KsRfFgHj', '', '', 0, '', 'fa31a703787e65350c828e6217e10d05', 'dNpvDD', '', 1499179148, 1499179148, '140.205.225.198', '', 0, 'KsRfFgHj@aliyun.com', 2, 0, '', '0.00', 0, 0, 0, 11, 0, 0, 0, 0, 0, 0, 0, '', 1, '', '', '', '', 0, 1),
(73, 75, '13807066031', '', '', 1, '', '3f9bfa022cf7523fdd991d7a9a090a23', 'UwGeIs', '头吐了', 1499239675, 1499239675, '115.152.103.91', '', 0, '', 6, 330102, '浙江省,杭州市,上城区', '0.00', 0, 0, 0, 10, 0, 0, 0, 0, 0, 0, 0, '', 1, '', '', '13807066031', '', 0, 0),
(74, 76, '13807066011', '', '', 0, '', '57afea5e059cf84e1a55842ed6080147', 'wYXBhj', '公交', 1499303884, 1499303884, '115.152.103.91', '', 0, '', 6, 0, '', '0.00', 0, 0, 0, 10, 0, 0, 0, 0, 0, 0, 0, '', 1, '', '', '13807066011', '', 0, 0),
(75, 77, '18172888878', '', '', 0, '', 'c56bf1c49480121e261939effbb0a252', '8ncvqU', '啦啦啦', 1499337839, 1499337839, '115.152.103.91', '', 0, '', 6, 0, '', '0.00', 0, 0, 0, 10, 0, 0, 0, 0, 0, 0, 0, '', 1, '', '', '18172888878', '', 0, 0);

-- --------------------------------------------------------

--
-- 表的结构 `jydp_member_detail`
--

CREATE TABLE IF NOT EXISTS `jydp_member_detail` (
  `userid` mediumint(8) unsigned NOT NULL DEFAULT '0',
  `birthday` date DEFAULT NULL,
  UNIQUE KEY `userid` (`userid`)
) ENGINE=MyISAM DEFAULT CHARSET=utf8 ROW_FORMAT=FIXED;

--
-- 转存表中的数据 `jydp_member_detail`
--

INSERT INTO `jydp_member_detail` (`userid`, `birthday`) VALUES
(26, '0000-00-00'),
(49, '2017-06-09');

-- --------------------------------------------------------

--
-- 表的结构 `jydp_member_group`
--

CREATE TABLE IF NOT EXISTS `jydp_member_group` (
  `groupid` tinyint(3) unsigned NOT NULL AUTO_INCREMENT,
  `name` char(15) NOT NULL,
  `issystem` tinyint(1) unsigned NOT NULL DEFAULT '0',
  `starnum` tinyint(2) unsigned NOT NULL,
  `point` smallint(6) unsigned NOT NULL,
  `allowmessage` smallint(5) unsigned NOT NULL DEFAULT '0',
  `allowvisit` tinyint(1) unsigned NOT NULL DEFAULT '0',
  `allowpost` tinyint(1) unsigned NOT NULL DEFAULT '0',
  `allowpostverify` tinyint(1) unsigned NOT NULL,
  `allowsearch` tinyint(1) unsigned NOT NULL DEFAULT '0',
  `allowupgrade` tinyint(1) unsigned NOT NULL DEFAULT '1',
  `allowsendmessage` tinyint(1) unsigned NOT NULL,
  `allowpostnum` smallint(5) unsigned NOT NULL DEFAULT '0',
  `allowattachment` tinyint(1) NOT NULL,
  `price_y` decimal(8,2) unsigned NOT NULL DEFAULT '0.00',
  `price_m` decimal(8,2) unsigned NOT NULL DEFAULT '0.00',
  `price_d` decimal(8,2) unsigned NOT NULL DEFAULT '0.00',
  `icon` char(30) NOT NULL,
  `usernamecolor` char(7) NOT NULL,
  `description` char(100) NOT NULL,
  `sort` tinyint(3) unsigned NOT NULL DEFAULT '0',
  `disabled` tinyint(1) unsigned NOT NULL DEFAULT '0',
  PRIMARY KEY (`groupid`),
  KEY `disabled` (`disabled`),
  KEY `listorder` (`sort`)
) ENGINE=MyISAM  DEFAULT CHARSET=utf8 ROW_FORMAT=FIXED AUTO_INCREMENT=9 ;

--
-- 转存表中的数据 `jydp_member_group`
--

INSERT INTO `jydp_member_group` (`groupid`, `name`, `issystem`, `starnum`, `point`, `allowmessage`, `allowvisit`, `allowpost`, `allowpostverify`, `allowsearch`, `allowupgrade`, `allowsendmessage`, `allowpostnum`, `allowattachment`, `price_y`, `price_m`, `price_d`, `icon`, `usernamecolor`, `description`, `sort`, `disabled`) VALUES
(2, '新手上路', 1, 1, 50, 100, 1, 1, 0, 0, 0, 1, 0, 0, '50.00', '10.00', '1.00', '', '', '', 2, 0),
(6, '注册会员', 1, 2, 100, 150, 0, 1, 0, 0, 1, 1, 0, 0, '300.00', '30.00', '1.00', '', '', '', 6, 0),
(4, '中级会员', 1, 3, 150, 500, 1, 1, 0, 1, 1, 1, 0, 0, '500.00', '60.00', '1.00', '', '', '', 4, 0),
(8, '游客', 1, 0, 0, 0, 0, 0, 0, 1, 0, 0, 0, 0, '0.00', '0.00', '0.00', '', '', '', 0, 0),
(7, '邮件认证', 1, 0, 0, 0, 0, 0, 0, 0, 0, 0, 0, 0, '0.00', '0.00', '0.00', 'images/group/vip.jpg', '#000000', '', 7, 0),
(1, '禁止访问', 1, 0, 0, 0, 1, 1, 0, 1, 0, 0, 0, 0, '0.00', '0.00', '0.00', '', '', '0', 0, 0),
(5, '高级会员', 1, 5, 300, 999, 1, 1, 0, 1, 1, 1, 0, 0, '360.00', '90.00', '5.00', '', '', '', 5, 0);

-- --------------------------------------------------------

--
-- 表的结构 `jydp_member_menu`
--

CREATE TABLE IF NOT EXISTS `jydp_member_menu` (
  `id` smallint(6) unsigned NOT NULL AUTO_INCREMENT,
  `name` char(40) NOT NULL DEFAULT '',
  `parentid` smallint(6) NOT NULL DEFAULT '0',
  `m` char(20) NOT NULL DEFAULT '',
  `c` char(20) NOT NULL DEFAULT '',
  `a` char(20) NOT NULL DEFAULT '',
  `data` char(100) NOT NULL DEFAULT '',
  `listorder` smallint(6) unsigned NOT NULL DEFAULT '0',
  `display` enum('1','0') NOT NULL DEFAULT '1',
  `isurl` enum('1','0') NOT NULL DEFAULT '0',
  `url` char(255) NOT NULL DEFAULT '',
  PRIMARY KEY (`id`),
  KEY `listorder` (`listorder`),
  KEY `parentid` (`parentid`),
  KEY `module` (`m`,`c`,`a`)
) ENGINE=MyISAM  DEFAULT CHARSET=utf8 ROW_FORMAT=FIXED AUTO_INCREMENT=4 ;

--
-- 转存表中的数据 `jydp_member_menu`
--

INSERT INTO `jydp_member_menu` (`id`, `name`, `parentid`, `m`, `c`, `a`, `data`, `listorder`, `display`, `isurl`, `url`) VALUES
(3, 'favorite', 0, 'member', 'index', 'favorite', 't=2', 0, '1', '', ''),
(1, 'member_init', 0, 'member', 'index', 'init', 't=0', 0, '1', '', ''),
(2, 'account_manage', 0, 'member', 'index', 'account_manage', 't=1', 0, '1', '', '');

-- --------------------------------------------------------

--
-- 表的结构 `jydp_member_verify`
--

CREATE TABLE IF NOT EXISTS `jydp_member_verify` (
  `userid` mediumint(8) unsigned NOT NULL AUTO_INCREMENT,
  `username` char(20) NOT NULL,
  `password` char(32) NOT NULL,
  `encrypt` char(6) NOT NULL,
  `nickname` char(20) NOT NULL,
  `regdate` int(10) unsigned NOT NULL,
  `regip` char(15) NOT NULL,
  `email` char(32) NOT NULL,
  `modelid` tinyint(3) unsigned NOT NULL DEFAULT '0',
  `point` smallint(5) unsigned NOT NULL DEFAULT '0',
  `amount` decimal(8,2) unsigned NOT NULL DEFAULT '0.00',
  `modelinfo` char(255) NOT NULL DEFAULT '0',
  `status` tinyint(1) unsigned NOT NULL DEFAULT '0',
  `siteid` tinyint(1) unsigned NOT NULL DEFAULT '1',
  `message` char(100) DEFAULT NULL,
  `mobile` char(11) NOT NULL DEFAULT '',
  PRIMARY KEY (`userid`),
  UNIQUE KEY `username` (`username`),
  KEY `email` (`email`(20))
) ENGINE=MyISAM DEFAULT CHARSET=utf8 ROW_FORMAT=FIXED AUTO_INCREMENT=1 ;

-- --------------------------------------------------------

--
-- 表的结构 `jydp_member_vip`
--

CREATE TABLE IF NOT EXISTS `jydp_member_vip` (
  `userid` mediumint(8) unsigned NOT NULL DEFAULT '0',
  UNIQUE KEY `userid` (`userid`)
) ENGINE=MyISAM DEFAULT CHARSET=utf8 ROW_FORMAT=FIXED;

-- --------------------------------------------------------

--
-- 表的结构 `jydp_menu`
--

CREATE TABLE IF NOT EXISTS `jydp_menu` (
  `id` smallint(6) unsigned NOT NULL AUTO_INCREMENT,
  `name` char(40) NOT NULL DEFAULT '',
  `parentid` smallint(6) NOT NULL DEFAULT '0',
  `m` char(20) NOT NULL DEFAULT '',
  `c` char(20) NOT NULL DEFAULT '',
  `a` char(20) NOT NULL DEFAULT '',
  `data` char(100) NOT NULL DEFAULT '',
  `listorder` smallint(6) unsigned NOT NULL DEFAULT '0',
  `display` enum('1','0') NOT NULL DEFAULT '1',
  `project1` tinyint(1) unsigned NOT NULL DEFAULT '1',
  `project2` tinyint(1) unsigned NOT NULL DEFAULT '1',
  `project3` tinyint(1) unsigned NOT NULL DEFAULT '1',
  `project4` tinyint(1) unsigned NOT NULL DEFAULT '1',
  `project5` tinyint(1) unsigned NOT NULL DEFAULT '1',
  PRIMARY KEY (`id`),
  KEY `listorder` (`listorder`),
  KEY `parentid` (`parentid`),
  KEY `module` (`m`,`c`,`a`)
) ENGINE=MyISAM  DEFAULT CHARSET=utf8 ROW_FORMAT=FIXED AUTO_INCREMENT=1578 ;

--
-- 转存表中的数据 `jydp_menu`
--

INSERT INTO `jydp_menu` (`id`, `name`, `parentid`, `m`, `c`, `a`, `data`, `listorder`, `display`, `project1`, `project2`, `project3`, `project4`, `project5`) VALUES
(7, 'extend', 0, 'admin', 'extend', 'init_extend', '', 7, '1', 0, 1, 1, 1, 1),
(10, 'panel', 0, 'admin', 'index', 'public_main', '', 0, '1', 0, 1, 1, 1, 1),
(29, 'module_list', 2, 'admin', 'module', '', '', 0, '1', 1, 1, 1, 1, 1),
(32, 'posid_manage', 975, 'admin', 'position', 'init', '', 7, '1', 1, 1, 1, 1, 1),
(43, 'category_manage', 975, 'admin', 'category', 'init', 'module=admin', 4, '1', 1, 1, 1, 1, 1),
(50, 'role_manage', 49, 'admin', 'role', 'init', '', 0, '1', 1, 1, 1, 1, 1),
(54, 'admin_manage', 49, 'admin', 'admin_manage', 'init', '', 0, '1', 1, 1, 1, 1, 1),
(58, 'admin_add', 54, 'admin', 'admin_manage', 'add', '', 0, '1', 1, 1, 1, 1, 1),
(65, 'release_point_management', 30, 'admin', 'release_point', 'init', '', 3, '1', 1, 1, 1, 1, 1),
(72, 'member_manage', 55, 'member', 'member', 'manage', '', 1, '1', 1, 1, 1, 1, 1),
(76, 'manage_member_group', 5, 'member', 'member_group', 'manage', '', 0, '1', 1, 1, 1, 1, 1),
(814, 'site_edit', 64, 'admin', 'site', 'edit', '', 0, '0', 1, 1, 1, 1, 1),
(818, 'release_point_edit', 65, 'admin', 'release_point', 'edit', '', 0, '0', 1, 1, 1, 1, 1),
(821, 'content_publish', 4, 'content', 'content', 'init', '', 0, '1', 1, 1, 1, 1, 1),
(832, 'template_onoff', 827, 'template', 'style', 'disable', '', 0, '0', 1, 1, 1, 1, 1),
(836, 'member_move', 72, 'member', 'member', 'move', '', 0, '0', 1, 1, 1, 1, 1),
(843, 'verify_delete', 74, 'member', 'member_verify', 'manage', 's=3', 0, '0', 1, 1, 1, 1, 1),
(847, 'template_file_edit', 827, 'template', 'file', 'edit_file', '', 0, '0', 1, 1, 1, 1, 1),
(850, 'listorder', 76, 'member', 'member_group', 'sort', '', 0, '0', 1, 1, 1, 1, 1),
(869, 'template_editor', 827, 'template', 'file', 'edit_file', '', 0, '0', 1, 1, 1, 1, 1),
(872, 'sync_release_point', 873, 'release', 'index', 'init', '', 3, '1', 1, 1, 1, 1, 1),
(876, 'linkageadd', 867, 'admin', 'linkage', 'add', '', 0, '0', 1, 1, 1, 1, 1),
(890, 'member_modelfield_edit', 813, 'member', 'member_modelfield', 'edit', '', 0, '0', 1, 1, 1, 1, 1),
(898, 'paylist', 896, 'pay', 'payment', 'pay_list', '', 0, '1', 1, 1, 1, 1, 1),
(902, 'dbsource', 29, 'dbsource', 'data', 'init', '', 0, '1', 1, 1, 1, 1, 1),
(906, 'update_urls', 873, 'content', 'create_html', 'update_urls', '', 1, '1', 1, 1, 1, 1, 1),
(913, 'add_search_type', 909, 'search', 'search_type', 'add', '', 0, '0', 1, 1, 1, 1, 1),
(917, 'dbsource_add', 902, 'dbsource', 'dbsource_admin', 'add', '', 0, '0', 1, 1, 1, 1, 1),
(920, 'dbsource_data_add', 902, 'dbsource', 'data', 'add', '', 0, '0', 1, 1, 1, 1, 1),
(928, 'special_list', 868, 'special', 'special', 'init', '', 0, '0', 1, 1, 1, 1, 1),
(931, 'badword_add', 45, 'admin', 'badword', 'add', '', 0, '0', 1, 1, 1, 1, 1),
(935, 'special_content_list', 868, 'special', 'content', 'init', '', 0, '0', 1, 1, 1, 1, 1),
(939, 'special_content_delete', 935, 'special', 'content', 'delete', '', 0, '0', 1, 1, 1, 1, 1),
(942, 'history_version', 827, 'template', 'template_bak', 'init', '', 0, '0', 1, 1, 1, 1, 1),
(946, 'block_add', 945, 'block', 'block_admin', 'add', '', 0, '0', 1, 1, 1, 1, 1),
(953, 'block_restore', 945, 'block', 'block_admin', 'history_restore', '', 0, '0', 1, 1, 1, 1, 1),
(957, 'collection_node', 821, 'collection', 'node', 'manage', '', 0, '1', 1, 1, 1, 1, 1),
(960, 'node_add', 957, 'collection', 'node', 'add', '', 0, '1', 1, 1, 1, 1, 1),
(968, 'collection_node_collection_content', 957, 'collection', 'node', 'col_content', '', 0, '0', 1, 1, 1, 1, 1),
(971, 'editpwd', 970, 'admin', 'admin_manage', 'public_edit_pwd', '', 1, '1', 1, 1, 1, 1, 1),
(975, 'content_settings', 4, 'content', 'content_settings', 'init', '', 0, '1', 1, 1, 1, 1, 1),
(979, 'safe_config', 30, 'admin', 'setting', 'init', '&tab=2', 11, '1', 1, 1, 1, 1, 1),
(982, 'module_manage', 82, 'admin', 'module', 'init', '', 0, '1', 1, 1, 1, 1, 1),
(993, 'collection_content_import', 957, 'collection', 'node', 'import', '', 0, '0', 1, 1, 1, 1, 1),
(997, 'log', 977, 'admin', 'log', 'init', '', 0, '1', 1, 1, 1, 1, 1),
(1000, 'count_items', 43, 'admin', 'category', 'count_items', '', 5, '1', 1, 1, 1, 1, 1),
(1004, 'create_index', 1003, 'content', 'create_html', 'public_index', '', 0, '1', 1, 1, 1, 1, 1),
(1008, 'album_import', 868, 'special', 'album', 'import', '', 0, '1', 1, 1, 1, 1, 1),
(1011, 'edit_content', 822, 'content', 'content', 'edit', '', 0, '0', 1, 1, 1, 1, 1),
(1026, 'delete_keylink', 973, 'admin', 'keylink', 'delete', '', 0, '0', 1, 1, 1, 1, 1),
(1040, 'admin_edit', 54, 'admin', 'admin_manage', 'edit', '', 0, '0', 1, 1, 1, 1, 1),
(1044, 'creat_card', 54, 'admin', 'admin_manage', 'creat_card', '', 0, '0', 1, 1, 1, 1, 1),
(1048, 'member_edit', 72, 'member', 'member', 'edit', '', 0, '0', 1, 1, 1, 1, 1),
(1051, 'member_group_delete', 812, 'member', 'member_group', 'delete', '', 0, '0', 1, 1, 1, 1, 1),
(1055, 'member_model_sort', 77, 'member', 'member_model', 'sort', '', 0, '0', 1, 1, 1, 1, 1),
(1059, 'payment_edit', 897, 'pay', 'payment', 'edit', '', 0, '0', 1, 1, 1, 1, 1),
(1062, 'fields_manage', 59, 'content', 'sitemodel_field', 'init', '', 0, '0', 1, 1, 1, 1, 1),
(1066, 'export_model', 59, 'content', 'sitemodel', 'export', '', 0, '0', 1, 1, 1, 1, 1),
(1073, 'delete_menu', 31, 'admin', 'menu', 'delete', '', 0, '0', 1, 1, 1, 1, 1),
(1202, 'create_special_list', 868, 'special', 'special', 'create_special_list', '', 0, '1', 1, 1, 1, 1, 1),
(1239, 'copyfrom_manage', 977, 'admin', 'copyfrom', 'init', '', 0, '1', 1, 1, 1, 1, 1),
(1242, 'poster_template', 56, 'poster', 'space', 'poster_template', '', 0, '1', 1, 1, 1, 1, 1),
(1349, 'member_menu_manage', 977, 'member', 'member_menu', 'manage', '', 0, '1', 1, 1, 1, 1, 1),
(1352, 'member_menu_delete', 1349, 'member', 'member_menu', 'delete', '', 0, '0', 1, 1, 1, 1, 1),
(1356, 'discount', 898, 'pay', 'payment', 'discount', '', 0, '0', 1, 1, 1, 1, 1),
(1503, 'announce_add', 1502, 'announce', 'admin_announce', 'add', '', 0, '0', 1, 1, 1, 1, 1),
(1507, 'del_announce', 1502, 'announce', 'admin_announce', 'delete', '', 0, '0', 1, 1, 1, 1, 1),
(1510, 'comment_check', 1509, 'comment', 'check', 'checks', '', 0, '1', 1, 1, 1, 1, 1),
(1514, 'edit_link', 1512, 'link', 'link', 'edit', '', 0, '0', 1, 1, 1, 1, 1),
(1518, 'list_type', 1512, 'link', 'link', 'list_type', '', 0, '1', 1, 1, 1, 1, 1),
(1521, 'add_vote', 1520, 'vote', 'vote', 'add', '', 0, '0', 1, 1, 1, 1, 1),
(1525, 'statistics_vote', 1520, 'vote', 'vote', 'statistics', '', 0, '0', 1, 1, 1, 1, 1),
(1529, 'send_one', 1528, 'message', 'message', 'send_one', '', 0, '1', 1, 1, 1, 1, 1),
(1532, 'message_group_manage', 1528, 'message', 'message', 'message_group_manage', '', 0, '1', 1, 1, 1, 1, 1),
(1536, 'add_space', 1535, 'poster', 'space', 'add', '', 0, '0', 1, 1, 1, 1, 1),
(1543, 'poster_stat', 1535, 'poster', 'poster', 'stat', '', 0, '0', 1, 1, 1, 1, 1),
(1547, 'formguide', 29, 'formguide', 'formguide', 'init', '', 0, '1', 1, 1, 1, 1, 1),
(1550, 'form_info_list', 1547, 'formguide', 'formguide_info', 'init', '', 0, '0', 1, 1, 1, 1, 1),
(1554, 'add_public_field', 1547, 'formguide', 'formguide_field', 'add', '', 0, '1', 1, 1, 1, 1, 1),
(1558, 'wap_add', 1557, 'wap', 'wap_admin', 'add', '', 0, '0', 1, 1, 1, 1, 1),
(1561, 'wap_type_manage', 1557, 'wap', 'wap_admin', 'type_manage', '', 0, '0', 1, 1, 1, 1, 1),
(1565, 'checkfile', 1564, 'upgrade', 'index', 'checkfile', '', 0, '1', 1, 1, 1, 1, 1),
(1569, 'delete_tag', 1566, 'tag', 'tag', 'del', '', 0, '0', 1, 1, 1, 1, 1),
(1572, 'sms_setting', 1571, 'sms', 'sms', 'sms_setting', '', 0, '1', 1, 1, 1, 1, 1),
(1576, 'sms_sent', 1571, 'sms', 'sms', 'sms_sent', '', 0, '1', 1, 1, 1, 1, 1),
(2, 'module', 0, 'admin', 'module', 'init', '', 2, '1', 1, 1, 1, 1, 1),
(6, 'userinterface', 0, 'template', 'style', 'init', '', 6, '1', 0, 1, 1, 1, 1),
(31, 'menu_manage', 977, 'admin', 'menu', 'init', '', 8, '1', 1, 1, 1, 1, 1),
(35, 'menu_add', 31, 'admin', 'menu', 'add', '', 0, '1', 1, 1, 1, 1, 1),
(42, 'add_category', 43, 'admin', 'category', 'add', 's=0', 1, '1', 1, 1, 1, 1, 1),
(46, 'posid_add', 32, 'admin', 'position', 'add', '', 0, '0', 1, 1, 1, 1, 1),
(64, 'site_management', 30, 'admin', 'site', 'init', '', 2, '1', 1, 1, 1, 1, 1),
(68, 'badword_import', 45, 'admin', 'badword', 'import', '', 0, '1', 1, 1, 1, 1, 1),
(79, 'member_model_add', 813, 'member', 'member_model', 'add', '', 1, '0', 1, 1, 1, 1, 1),
(82, 'module_manage', 2, 'admin', 'module', '', '', 0, '1', 1, 1, 1, 1, 1),
(813, 'member_model_manage', 77, 'member', 'member_model', 'manage', '', 0, '1', 1, 1, 1, 1, 1),
(817, 'release_point_del', 65, 'admin', 'release_point', 'del', '', 0, '0', 1, 1, 1, 1, 1),
(828, 'import_style', 827, 'template', 'style', 'import', '', 0, '0', 1, 1, 1, 1, 1),
(831, 'template_export', 827, 'template', 'style', 'export', '', 0, '0', 1, 1, 1, 1, 1),
(835, 'member_unlock', 72, 'member', 'member', 'unlock', '', 0, '0', 1, 1, 1, 1, 1),
(839, 'member_setting', 55, 'member', 'member_setting', 'manage', '', 4, '1', 1, 1, 1, 1, 1),
(842, 'verify_ignore', 74, 'member', 'member_verify', 'manage', 's=2', 0, '1', 1, 1, 1, 1, 1),
(846, 'template_file_list', 827, 'template', 'file', 'init', '', 0, '0', 1, 1, 1, 1, 1),
(853, 'role_priv', 50, 'admin', 'role', 'role_priv', '', 0, '0', 1, 1, 1, 1, 1),
(857, 'attachment_manage', 821, 'attachment', 'manage', 'init', '', 0, '1', 1, 1, 1, 1, 1),
(868, 'special', 821, 'special', 'special', 'init', '', 0, '1', 1, 1, 1, 1, 1),
(871, 'pc_tag_edit', 827, 'template', 'file', 'edit_pc_tag', '', 0, '0', 1, 1, 1, 1, 1),
(875, 'add_type', 874, 'content', 'type_manage', 'add', '', 0, '0', 1, 1, 1, 1, 1),
(879, 'member_search', 72, 'member', 'member', 'search', '', 0, '0', 1, 1, 1, 1, 1),
(882, 'member_model_edit', 813, 'member', 'member_model', 'edit', '', 0, '0', 1, 1, 1, 1, 1),
(897, 'payments', 896, 'pay', 'payment', 'init', '', 0, '1', 1, 1, 1, 1, 1),
(901, 'check_content', 822, 'content', 'content', 'pass', '', 0, '0', 1, 1, 1, 1, 1),
(905, 'create_content_html', 873, 'content', 'create_html', 'show', '', 2, '1', 1, 1, 1, 1, 1),
(909, 'fulltext_search', 29, 'search', 'search_type', 'init', '', 0, '1', 1, 1, 1, 1, 1),
(912, 'createindex', 909, 'search', 'search_admin', 'createindex', '', 0, '1', 1, 1, 1, 1, 1),
(916, 'database_import', 914, 'admin', 'database', 'import', '', 0, '1', 1, 1, 1, 1, 1),
(927, 'edit_special', 868, 'special', 'special', 'edit', '', 0, '0', 1, 1, 1, 1, 1),
(930, 'delete_special', 868, 'special', 'special', 'delete', '', 0, '0', 1, 1, 1, 1, 1),
(934, 'special_listorder', 868, 'special', 'special', 'listorder', '', 0, '0', 1, 1, 1, 1, 1),
(938, 'special_content_edit', 935, 'special', 'content', 'edit', '', 0, '0', 1, 1, 1, 1, 1),
(941, 'special_content_import', 935, 'special', 'special', 'import', '', 0, '0', 1, 1, 1, 1, 1),
(945, 'block', 821, 'block', 'block_admin', 'init', '', 0, '1', 1, 1, 1, 1, 1),
(952, 'block_update', 945, 'block', 'block_admin', 'block_update', '', 0, '0', 1, 1, 1, 1, 1),
(963, 'collection_node_delete', 957, 'collection', 'node', 'del', '', 0, '0', 1, 1, 1, 1, 1),
(967, 'collection_node_export', 957, 'collection', 'node', 'export', '', 0, '0', 1, 1, 1, 1, 1),
(970, 'admininfo', 10, 'admin', 'admin_manage', 'init', '', 0, '1', 1, 1, 1, 1, 1),
(974, 'add_keylink', 973, 'admin', 'keylink', 'add', '', 0, '0', 1, 1, 1, 1, 1),
(978, 'urlrule_manage', 977, 'admin', 'urlrule', 'init', '', 0, '1', 1, 1, 1, 1, 1),
(981, 'email_config', 30, 'admin', 'setting', 'init', '&tab=4', 13, '1', 1, 1, 1, 1, 1),
(989, 'downsites', 977, 'admin', 'downservers', 'init', '', 0, '1', 1, 1, 1, 1, 1),
(992, 'content_del', 957, 'collection', 'node', 'content_del', '', 0, '0', 1, 1, 1, 1, 1),
(996, 'import_content', 957, 'collection', 'node', 'import_content', '', 0, '0', 1, 1, 1, 1, 1),
(1003, 'create_html_quick', 10, 'content', 'create_html_opt', 'index', '', 0, '1', 1, 1, 1, 1, 1),
(1007, 'md5_creat', 1005, 'scan', 'index', 'md5_creat', '', 0, '1', 1, 1, 1, 1, 1),
(1043, 'card', 54, 'admin', 'admin_manage', 'card', '', 0, '0', 1, 1, 1, 1, 1),
(1050, 'role_edit', 50, 'admin', 'role', 'edit', '', 0, '0', 1, 1, 1, 1, 1),
(1054, 'member_model_export', 77, 'member', 'member_model', 'export', '', 0, '0', 1, 1, 1, 1, 1),
(1058, 'payment_delete', 897, 'pay', 'payment', 'delete', '', 0, '0', 1, 1, 1, 1, 1),
(1061, 'pay_stat', 896, 'pay', 'payment', 'pay_stat', '', 0, '1', 1, 1, 1, 1, 1),
(1065, 'delete_model', 59, 'content', 'sitemodel', 'delete', '', 0, '0', 1, 1, 1, 1, 1),
(1069, 'add_urlrule', 978, 'admin', 'urlrule', 'add', '', 0, '0', 1, 1, 1, 1, 1),
(1072, 'edit_menu', 31, 'admin', 'menu', 'edit', '', 0, '0', 1, 1, 1, 1, 1),
(1076, 'creat_html', 868, 'special', 'special', 'html', '', 0, '1', 1, 1, 1, 1, 1),
(1102, 'view_modelinfo', 74, 'member', 'member_verify', 'modelinfo', '', 0, '0', 1, 1, 1, 1, 1),
(1241, 'move_content', 822, 'content', 'content', 'remove', '', 0, '0', 1, 1, 1, 1, 1),
(1296, 'attachment_manager_db', 857, 'attachment', 'manage', 'init', '', 1, '1', 1, 1, 1, 1, 1),
(1348, 'delete_content', 822, 'content', 'content', 'delete', '', 0, '1', 1, 1, 1, 1, 1),
(1351, 'member_menu_edit', 1349, 'member', 'member_menu', 'edit', '', 0, '0', 1, 1, 1, 1, 1),
(1355, 'pay_cancel', 898, 'pay', 'payment', 'pay_cancel', '', 0, '0', 1, 1, 1, 1, 1),
(1502, 'announce', 29, 'announce', 'admin_announce', 'init', 's=1', 0, '1', 1, 1, 1, 1, 1),
(1506, 'overdue', 1502, 'announce', 'admin_announce', 'init', 's=3', 0, '1', 1, 1, 1, 1, 1),
(1513, 'add_link', 1512, 'link', 'link', 'add', '', 0, '0', 1, 1, 1, 1, 1),
(1517, 'add_type', 1512, 'link', 'link', 'add_type', '', 0, '1', 1, 1, 1, 1, 1),
(1520, 'vote', 29, 'vote', 'vote', 'init', '', 0, '1', 1, 1, 1, 1, 1),
(1524, 'vote_setting', 1520, 'vote', 'vote', 'setting', '', 0, '1', 1, 1, 1, 1, 1),
(1528, 'message', 29, 'message', 'message', 'init', '', 0, '1', 1, 1, 1, 1, 1),
(1531, 'message_send', 1528, 'message', 'message', 'message_send', '', 0, '0', 1, 1, 1, 1, 1),
(1535, 'poster', 29, 'poster', 'space', 'init', '', 0, '1', 1, 1, 1, 1, 1),
(1539, 'poster_list', 1535, 'poster', 'poster', 'init', '', 0, '0', 1, 1, 1, 1, 1),
(1542, 'del_poster', 1535, 'poster', 'poster', 'delete', '', 0, '0', 1, 1, 1, 1, 1),
(1546, 'poster_template', 1535, 'poster', 'space', 'poster_template', '', 0, '1', 1, 1, 1, 1, 1),
(1553, 'formguide_stat', 1547, 'formguide', 'formguide', 'stat', '', 0, '0', 1, 1, 1, 1, 1),
(1557, 'wap', 29, 'wap', 'wap_admin', 'init', '', 0, '1', 1, 1, 1, 1, 1),
(1560, 'wap_delete', 1557, 'wap', 'wap_admin', 'delete', '', 0, '0', 1, 1, 1, 1, 1),
(1564, 'upgrade', 977, 'upgrade', 'index', 'init', '', 0, '1', 1, 1, 1, 1, 1),
(1568, 'edit_tag', 1566, 'tag', 'tag', 'edit', '', 0, '0', 1, 1, 1, 1, 1),
(1571, 'sms', 29, 'sms', 'sms', 'init', '', 0, '1', 1, 1, 1, 1, 1),
(1575, 'sms_api', 1571, 'sms', 'sms', 'sms_api', '', 0, '1', 1, 1, 1, 1, 1),
(1, 'sys_setting', 0, 'admin', 'setting', 'init', '', 1, '1', 0, 1, 1, 1, 1),
(5, 'members', 0, 'member', 'member', 'init', '', 5, '1', 1, 1, 1, 1, 1),
(30, 'correlative_setting', 1, 'admin', 'admin', 'admin', '', 0, '1', 1, 1, 1, 1, 1),
(45, 'badword_manage', 977, 'admin', 'badword', 'init', '', 10, '1', 1, 1, 1, 1, 1),
(49, 'admin_setting', 1, 'admin', '', '', '', 0, '1', 1, 1, 1, 1, 1),
(52, 'category_cache', 43, 'admin', 'category', 'public_cache', 'module=admin', 4, '1', 1, 1, 1, 1, 1),
(67, 'add_site', 64, 'admin', 'site', 'add', '', 0, '0', 1, 1, 1, 1, 1),
(74, 'member_verify', 55, 'member', 'member_verify', 'manage', 's=0', 3, '1', 1, 1, 1, 1, 1),
(78, 'member_group_add', 812, 'member', 'member_group', 'add', '', 0, '0', 1, 1, 1, 1, 1),
(81, 'member_add', 72, 'member', 'member', 'add', '', 2, '0', 1, 1, 1, 1, 1),
(812, 'member_group_manage', 76, 'member', 'member_group', 'manage', '', 0, '1', 1, 1, 1, 1, 1),
(816, 'release_point_add', 65, 'admin', 'release_point', 'add', '', 0, '0', 1, 1, 1, 1, 1),
(827, 'template_style', 826, 'template', 'style', 'init', '', 0, '1', 1, 1, 1, 1, 1),
(830, 'template_file', 827, 'template', 'file', 'init', '', 0, '0', 1, 1, 1, 1, 1),
(834, 'member_lock', 72, 'member', 'member', 'lock', '', 0, '0', 1, 1, 1, 1, 1),
(841, 'verify_pass', 74, 'member', 'member_verify', 'manage', 's=1', 0, '1', 1, 1, 1, 1, 1),
(845, 'never_pass', 74, 'member', 'member_verify', 'manage', 's=5', 0, '1', 1, 1, 1, 1, 1),
(852, 'priv_setting', 50, 'admin', 'role', 'priv_setting', '', 0, '0', 1, 1, 1, 1, 1),
(867, 'linkage', 977, 'admin', 'linkage', 'init', '', 13, '1', 1, 1, 1, 1, 1),
(870, 'template_visualization', 827, 'template', 'file', 'visualization', '', 0, '0', 1, 1, 1, 1, 1),
(874, 'type_manage', 975, 'content', 'type_manage', 'init', '', 6, '1', 1, 1, 1, 1, 1),
(881, 'member_model_delete', 813, 'member', 'member_model', 'delete', '', 0, '0', 1, 1, 1, 1, 1),
(885, 'workflow', 977, 'content', 'workflow', 'init', '', 15, '1', 1, 1, 1, 1, 1),
(889, 'member_modelfield_add', 813, 'member', 'member_modelfield', 'add', '', 0, '0', 1, 1, 1, 1, 1),
(892, 'member_modelfield_manage', 813, 'member', 'member_modelfield', 'manage', '', 0, '0', 1, 1, 1, 1, 1),
(896, 'pay', 29, 'pay', 'payment', 'pay_list', 's=3', 0, '1', 1, 1, 1, 1, 1),
(900, 'modify_deposit', 896, 'pay', 'payment', 'modify_deposit', 's=1', 0, '1', 1, 1, 1, 1, 1),
(904, 'external_data_sources', 902, 'dbsource', 'dbsource_admin', 'init', '', 0, '1', 1, 1, 1, 1, 1),
(911, 'search_setting', 909, 'search', 'search_admin', 'setting', '', 0, '1', 1, 1, 1, 1, 1),
(915, 'database_export', 914, 'admin', 'database', 'export', '', 0, '1', 1, 1, 1, 1, 1),
(919, 'dbsource_del', 902, 'dbsource', 'dbsource_admin', 'del', '', 0, '0', 1, 1, 1, 1, 1),
(922, 'dbsource_data_del', 902, 'dbsource', 'data', 'del', '', 0, '0', 1, 1, 1, 1, 1),
(926, 'add_special', 868, 'special', 'special', 'add', '', 0, '1', 1, 1, 1, 1, 1),
(933, 'badword_delete', 45, 'admin', 'badword', 'delete', '', 0, '0', 1, 1, 1, 1, 1),
(937, 'special_content_list', 935, 'special', 'content', 'init', '', 0, '0', 1, 1, 1, 1, 1),
(940, 'special_content_listorder', 935, 'special', 'content', 'listorder', '', 0, '0', 1, 1, 1, 1, 1),
(944, 'del_history_version', 827, 'template', 'template_bak', 'del', '', 0, '0', 1, 1, 1, 1, 1),
(951, 'block_del', 945, 'block', 'block_admin', 'del', '', 0, '0', 1, 1, 1, 1, 1),
(959, 'basic_config', 30, 'admin', 'setting', 'init', '', 10, '1', 1, 1, 1, 1, 1),
(962, 'collection_node_edit', 957, 'collection', 'node', 'edit', '', 0, '0', 1, 1, 1, 1, 1),
(966, 'collection_node_import', 957, 'collection', 'node', 'node_import', '', 0, '0', 1, 1, 1, 1, 1),
(973, 'keylink', 977, 'admin', 'keylink', 'init', '', 12, '1', 1, 1, 1, 1, 1),
(977, 'extend_all', 7, 'admin', 'extend_all', 'init', '', 0, '1', 1, 1, 1, 1, 1),
(980, 'sso_config', 30, 'admin', 'setting', 'init', '&tab=3', 12, '1', 1, 1, 1, 1, 1),
(984, 'add_ipbanned', 983, 'admin', 'ipbanned', 'add', '', 0, '0', 1, 1, 1, 1, 1),
(991, 'copy_node', 957, 'collection', 'node', 'copy', '', 0, '0', 1, 1, 1, 1, 1),
(995, 'import_program_del', 957, 'collection', 'node', 'import_program_del', '', 0, '0', 1, 1, 1, 1, 1),
(999, 'add_cat_link', 43, 'admin', 'category', 'add', 's=2', 2, '1', 1, 1, 1, 1, 1),
(1002, 'create_list_html', 873, 'content', 'create_html', 'category', '', 0, '1', 1, 1, 1, 1, 1),
(1006, 'scan_report', 1005, 'scan', 'index', 'scan_report', '', 0, '1', 1, 1, 1, 1, 1),
(1024, 'delete_ip', 983, 'admin', 'ipbanned', 'delete', '', 0, '0', 1, 1, 1, 1, 1),
(1035, 'operation_delete', 74, 'member', 'member_verify', 'delete', '', 0, '0', 1, 1, 1, 1, 1),
(1039, 'operation_ignore', 74, 'member', 'member_verify', 'ignore', '', 0, '0', 1, 1, 1, 1, 1),
(1042, 'admin_delete', 54, 'admin', 'admin_manage', 'delete', '', 0, '0', 1, 1, 1, 1, 1),
(1053, 'role_delete', 50, 'admin', 'role', 'delete', '', 0, '0', 1, 1, 1, 1, 1),
(1057, 'payment_add', 897, 'pay', 'payment', 'add', '', 0, '0', 1, 1, 1, 1, 1),
(1060, 'spend_record', 896, 'pay', 'spend', 'init', '', 0, '1', 1, 1, 1, 1, 1),
(1064, 'disabled_model', 59, 'content', 'sitemodel', 'disabled', '', 0, '0', 1, 1, 1, 1, 1),
(1068, 'edit', 874, 'content', 'type_manage', 'edit', '', 0, '0', 1, 1, 1, 1, 1),
(1071, 'delete_urlrule', 978, 'admin', 'urlrule', 'delete', '', 0, '0', 1, 1, 1, 1, 1),
(1075, 'delete_workflow', 885, 'content', 'workflow', 'delete', '', 0, '0', 1, 1, 1, 1, 1),
(1093, 'connect_config', 30, 'admin', 'setting', 'init', '&tab=5', 14, '1', 1, 1, 1, 1, 1),
(1240, 'view_memberlinfo', 72, 'member', 'member', 'memberinfo', '', 0, '0', 1, 1, 1, 1, 1),
(1244, 'add_othors', 822, 'content', 'content', 'add_othors', '', 0, '1', 1, 1, 1, 1, 1),
(1295, 'attachment_manager_dir', 857, 'attachment', 'manage', 'dir', '', 2, '1', 1, 1, 1, 1, 1),
(1347, 'attachment_address_update', 857, 'attachment', 'address', 'update', '', 0, '0', 1, 1, 1, 1, 1),
(1350, 'member_menu_add', 1349, 'member', 'member_menu', 'add', '', 0, '1', 1, 1, 1, 1, 1),
(1354, 'pay_delete', 898, 'pay', 'payment', 'pay_del', '', 0, '0', 1, 1, 1, 1, 1),
(1501, 'a_clean_data', 873, 'content', 'content', 'clear_data', '', 0, '1', 0, 0, 0, 0, 0),
(1505, 'check_announce', 1502, 'announce', 'admin_announce', 'init', 's=2', 0, '1', 1, 1, 1, 1, 1),
(1509, 'comment_manage', 821, 'comment', 'comment_admin', 'listinfo', '', 0, '1', 1, 1, 1, 1, 1),
(1512, 'link', 29, 'link', 'link', 'init', '', 0, '1', 1, 1, 1, 1, 1),
(1516, 'link_setting', 1512, 'link', 'link', 'setting', '', 0, '1', 1, 1, 1, 1, 1),
(1523, 'delete_vote', 1520, 'vote', 'vote', 'delete', '', 0, '0', 1, 1, 1, 1, 1),
(1527, 'create_js', 1520, 'vote', 'vote', 'create_js', '', 0, '1', 1, 1, 1, 1, 1),
(1530, 'delete_message', 1528, 'message', 'message', 'delete', '', 0, '0', 1, 1, 1, 1, 1),
(1534, 'mood_setting', 1533, 'mood', 'mood_admin', 'setting', '', 0, '1', 1, 1, 1, 1, 1),
(1538, 'del_space', 1535, 'poster', 'space', 'delete', '', 0, '0', 1, 1, 1, 1, 1),
(1541, 'edit_poster', 1535, 'poster', 'poster', 'edit', '', 0, '0', 1, 1, 1, 1, 1),
(1545, 'create_poster_js', 1535, 'poster', 'space', 'create_js', '', 0, '1', 1, 1, 1, 1, 1),
(1549, 'formguide_edit', 1547, 'formguide', 'formguide', 'edit', '', 0, '0', 1, 1, 1, 1, 1),
(1552, 'formguide_delete', 1547, 'formguide', 'formguide', 'delete', '', 0, '0', 1, 1, 1, 1, 1),
(1556, 'module_setting', 1547, 'formguide', 'formguide', 'setting', '', 0, '0', 1, 1, 1, 1, 1),
(1563, 'wap_type_delete', 1557, 'wap', 'wap_admin', 'type_delete', '', 0, '0', 1, 1, 1, 1, 1),
(1567, 'add_tag', 1566, 'tag', 'tag', 'add', '', 0, '0', 1, 1, 1, 1, 1),
(1570, 'tag_lists', 1566, 'tag', 'tag', 'lists', '', 0, '0', 1, 1, 1, 1, 1),
(1574, 'sms_buy_history', 1571, 'sms', 'sms', 'sms_buy_history', '', 0, '1', 1, 1, 1, 1, 1),
(4, 'content', 0, 'content', 'content', 'init', '', 4, '1', 1, 1, 1, 1, 1),
(8, 'phpsso', 0, 'admin', 'phpsso', 'menu', '', 7, '1', 0, 1, 1, 1, 1),
(44, 'edit_category', 43, 'admin', 'category', 'edit', '', 0, '0', 1, 1, 1, 1, 1),
(51, 'role_add', 50, 'admin', 'role', 'add', '', 0, '1', 1, 1, 1, 1, 1),
(55, 'manage_member', 5, 'member', 'member', 'manage', '', 0, '1', 1, 1, 1, 1, 1),
(59, 'model_manage', 975, 'content', 'sitemodel', 'init', '', 5, '1', 1, 1, 1, 1, 1),
(62, 'add_model', 59, 'content', 'sitemodel', 'add', '', 0, '0', 1, 1, 1, 1, 1),
(66, 'badword_export', 45, 'admin', 'badword', 'export', '', 0, '1', 1, 1, 1, 1, 1),
(77, 'manage_member_model', 5, 'member', 'member_model', 'manage', '', 0, '1', 1, 1, 1, 1, 1),
(80, 'member_model_import', 77, 'member', 'member_model', 'import', '', 2, '0', 1, 1, 1, 1, 1),
(815, 'site_del', 64, 'admin', 'site', 'del', '', 0, '0', 1, 1, 1, 1, 1),
(822, 'content_manage', 821, 'content', 'content', 'init', '', 0, '1', 1, 1, 1, 1, 1),
(826, 'template_manager', 6, '', '', '', '', 0, '1', 1, 1, 1, 1, 1),
(833, 'template_updatename', 827, 'template', 'style', 'updatename', '', 0, '0', 1, 1, 1, 1, 1),
(837, 'member_delete', 72, 'member', 'member', 'delete', '', 0, '0', 1, 1, 1, 1, 1),
(844, 'verify_deny', 74, 'member', 'member_verify', 'manage', 's=4', 0, '1', 1, 1, 1, 1, 1),
(848, 'file_add_file', 827, 'template', 'file', 'add_file', '', 0, '0', 1, 1, 1, 1, 1),
(873, 'release_manage', 4, 'release', 'html', 'init', '', 0, '1', 1, 1, 1, 1, 1),
(877, 'failure_list', 872, 'release', 'index', 'failed', '', 0, '1', 1, 1, 1, 1, 1),
(880, 'queue_del', 872, 'release', 'index', 'del', '', 0, '0', 1, 1, 1, 1, 1),
(888, 'add_workflow', 885, 'content', 'workflow', 'add', '', 0, '1', 1, 1, 1, 1, 1),
(891, 'member_modelfield_delete', 813, 'member', 'member_modelfield', 'delete', '', 0, '0', 1, 1, 1, 1, 1),
(895, 'sitemodel_import', 59, 'content', 'sitemodel', 'import', '', 0, '1', 1, 1, 1, 1, 1),
(899, 'add_content', 822, 'content', 'content', 'add', '', 0, '0', 1, 1, 1, 1, 1),
(910, 'manage_type', 909, 'search', 'search_type', 'init', '', 0, '0', 1, 1, 1, 1, 1),
(914, 'database_toos', 977, 'admin', 'database', 'export', '', 6, '1', 1, 1, 1, 1, 1),
(918, 'dbsource_edit', 902, 'dbsource', 'dbsource_admin', 'edit', '', 0, '0', 1, 1, 1, 1, 1),
(921, 'dbsource_data_edit', 902, 'dbsource', 'data', 'edit', '', 0, '0', 1, 1, 1, 1, 1),
(929, 'special_elite', 868, 'special', 'special', 'elite', '', 0, '0', 1, 1, 1, 1, 1),
(932, 'badword_edit', 45, 'admin', 'badword', 'edit', '', 0, '0', 1, 1, 1, 1, 1),
(936, 'special_content_add', 935, 'special', 'content', 'add', '', 0, '0', 1, 1, 1, 1, 1),
(943, 'restore_version', 827, 'template', 'template_bak', 'restore', '', 0, '0', 1, 1, 1, 1, 1),
(950, 'block_edit', 945, 'block', 'block_admin', 'edit', '', 0, '0', 1, 1, 1, 1, 1),
(954, 'history_del', 945, 'block', 'block_admin', 'history_del', '', 0, '0', 1, 1, 1, 1, 1),
(961, 'position_edit', 32, 'admin', 'position', 'edit', '', 0, '0', 1, 1, 1, 1, 1),
(965, 'collection_node_publish', 957, 'collection', 'node', 'publist', '', 0, '0', 1, 1, 1, 1, 1),
(969, 'googlesitemap', 977, 'admin', 'googlesitemap', 'set', '', 11, '1', 1, 1, 1, 1, 1),
(972, 'editinfo', 970, 'admin', 'admin_manage', 'public_edit_info', '', 0, '1', 1, 1, 1, 1, 1),
(983, 'ipbanned', 977, 'admin', 'ipbanned', 'init', '', 0, '1', 1, 1, 1, 1, 1),
(990, 'col_url_list', 957, 'collection', 'node', 'col_url_list', '', 0, '0', 1, 1, 1, 1, 1),
(994, 'import_program_add', 957, 'collection', 'node', 'import_program_add', '', 0, '0', 1, 1, 1, 1, 1),
(998, 'add_page', 43, 'admin', 'category', 'add', 's=1', 2, '1', 1, 1, 1, 1, 1),
(1001, 'cache_all', 977, 'admin', 'cache_all', 'init', '', 0, '1', 1, 1, 1, 1, 1),
(1005, 'scan', 977, 'scan', 'index', 'init', '', 0, '1', 1, 1, 1, 1, 1),
(1012, 'push_to_special', 822, 'content', 'push', 'init', '', 0, '0', 1, 1, 1, 1, 1),
(1023, 'delete_log', 997, 'admin', 'log', 'delete', '', 0, '0', 1, 1, 1, 1, 1),
(1027, 'edit_keylink', 973, 'admin', 'keylink', 'edit', '', 0, '0', 1, 1, 1, 1, 1),
(1034, 'operation_pass', 74, 'member', 'member_verify', 'pass', '', 0, '0', 1, 1, 1, 1, 1),
(1038, 'settingsave', 30, 'admin', 'setting', 'save', '', 0, '0', 1, 1, 1, 1, 1),
(1041, 'operation_reject', 74, 'member', 'member_verify', 'reject', '', 0, '0', 1, 1, 1, 1, 1),
(1045, 'remove_card', 54, 'admin', 'admin_manage', 'remove_card', '', 0, '0', 1, 1, 1, 1, 1),
(1049, 'member_group_edit', 812, 'member', 'member_group', 'edit', '', 0, '0', 1, 1, 1, 1, 1),
(1052, 'member_manage', 50, 'admin', 'role', 'member_manage', '', 0, '0', 1, 1, 1, 1, 1),
(1056, 'member_model_move', 77, 'member', 'member_model', 'move', '', 0, '0', 1, 1, 1, 1, 1),
(1063, 'edit_model_content', 59, 'content', 'sitemodel', 'edit', '', 0, '0', 1, 1, 1, 1, 1),
(1067, 'delete', 874, 'content', 'type_manage', 'delete', '', 0, '0', 1, 1, 1, 1, 1),
(1070, 'edit_urlrule', 978, 'admin', 'urlrule', 'edit', '', 0, '0', 1, 1, 1, 1, 1),
(1074, 'edit_workflow', 885, 'content', 'workflow', 'edit', '', 0, '0', 1, 1, 1, 1, 1),
(1243, 'create_index', 873, 'content', 'create_html', 'public_index', '', 0, '1', 1, 1, 1, 1, 1),
(1346, 'attachment_address_replace', 857, 'attachment', 'address', 'init', '', 3, '1', 1, 1, 1, 1, 1),
(1353, 'batch_show', 822, 'content', 'create_html', 'batch_show', '', 0, '1', 1, 1, 1, 1, 1),
(1360, 'category_batch_edit', 43, 'admin', 'category', 'batch_edit', '', 6, '1', 1, 1, 1, 1, 1),
(1500, 'listorder', 822, 'content', 'content', 'listorder', '', 0, '0', 1, 1, 1, 1, 1),
(1504, 'edit_announce', 1502, 'announce', 'admin_announce', 'edit', 's=1', 0, '0', 1, 1, 1, 1, 1),
(1508, 'comment', 29, 'comment', 'comment_admin', 'init', '', 0, '1', 1, 1, 1, 1, 1),
(1511, 'comment_list', 1508, 'comment', 'comment_admin', 'lists', '', 0, '0', 1, 1, 1, 1, 1),
(1515, 'delete_link', 1512, 'link', 'link', 'delete', '', 0, '0', 1, 1, 1, 1, 1),
(1519, 'check_register', 1512, 'link', 'link', 'check_register', '', 0, '1', 1, 1, 1, 1, 1),
(1522, 'edit_vote', 1520, 'vote', 'vote', 'edit', '', 0, '0', 1, 1, 1, 1, 1),
(1526, 'statistics_userlist', 1520, 'vote', 'vote', 'statistics_userlist', '', 0, '0', 1, 1, 1, 1, 1),
(1533, 'mood', 29, 'mood', 'mood_admin', 'init', '', 0, '1', 1, 1, 1, 1, 1),
(1537, 'edit_space', 1535, 'poster', 'space', 'edit', '', 0, '0', 1, 1, 1, 1, 1),
(1540, 'add_poster', 1535, 'poster', 'poster', 'add', '', 0, '0', 1, 1, 1, 1, 1),
(1544, 'poster_setting', 1535, 'poster', 'space', 'setting', '', 0, '0', 1, 1, 1, 1, 1),
(1548, 'formguide_add', 1547, 'formguide', 'formguide', 'add', '', 0, '0', 1, 1, 1, 1, 1),
(1551, 'formguide_disabled', 1547, 'formguide', 'formguide', 'disabled', '', 0, '0', 1, 1, 1, 1, 1),
(1555, 'list_public_field', 1547, 'formguide', 'formguide_field', 'init', '', 0, '1', 1, 1, 1, 1, 1),
(1559, 'wap_edit', 1557, 'wap', 'wap_admin', 'edit', '', 0, '0', 1, 1, 1, 1, 1),
(1562, 'wap_type_edit', 1557, 'wap', 'wap_admin', 'type_edit', '', 0, '0', 1, 1, 1, 1, 1),
(1566, 'tag', 826, 'tag', 'tag', 'init', '', 0, '1', 1, 1, 1, 1, 1),
(1573, 'sms_pay_history', 1571, 'sms', 'sms', 'sms_pay_history', '', 0, '1', 1, 1, 1, 1, 1),
(1577, 'withdrawals', 977, 'admin', 'withdrawals', 'init', '', 0, '1', 1, 1, 1, 1, 1);

-- --------------------------------------------------------

--
-- 表的结构 `jydp_message`
--

CREATE TABLE IF NOT EXISTS `jydp_message` (
  `messageid` int(10) unsigned NOT NULL AUTO_INCREMENT,
  `send_from_id` char(30) NOT NULL DEFAULT '0',
  `send_to_id` char(30) NOT NULL DEFAULT '0',
  `folder` enum('all','inbox','outbox') NOT NULL,
  `status` tinyint(1) unsigned NOT NULL DEFAULT '0',
  `message_time` int(10) unsigned NOT NULL DEFAULT '0',
  `message_time_format` varchar(32) NOT NULL DEFAULT '',
  `subject` char(80) DEFAULT NULL,
  `content` text NOT NULL,
  `replyid` int(10) unsigned NOT NULL DEFAULT '0',
  `del_type` tinyint(1) unsigned DEFAULT '0',
  PRIMARY KEY (`messageid`),
  KEY `msgtoid` (`send_to_id`,`folder`),
  KEY `replyid` (`replyid`),
  KEY `folder` (`send_from_id`,`folder`)
) ENGINE=MyISAM  DEFAULT CHARSET=utf8 ROW_FORMAT=DYNAMIC AUTO_INCREMENT=12 ;

--
-- 转存表中的数据 `jydp_message`
--

INSERT INTO `jydp_message` (`messageid`, `send_from_id`, `send_to_id`, `folder`, `status`, `message_time`, `message_time_format`, `subject`, `content`, `replyid`, `del_type`) VALUES
(1, 'admin888', 'xkq123', 'inbox', 1, 1497621645, '', '测试消息', '测试消息', 0, 0),
(2, '系统', '18630796688', 'inbox', 1, 1498479251, '', '这是一个活动活动报名成功', '您已报名这是一个活动活动，请准时参加，感谢您对黑精潮派活动的支持，祝您生活愉快', 0, 0),
(3, '系统', '18630796688', 'inbox', 1, 1498809002, '', '拓展新粉丝', '太棒了！您拓展了一位新粉丝，获得20黑精币，祝您生活愉快。', 0, 0),
(4, '系统', '18630796688', 'inbox', 1, 1498809443, '', '拓展新粉丝', '太棒了！您拓展了一位新粉丝，获得20黑精币，祝您生活愉快。', 0, 0),
(5, '系统', '18888888887', 'inbox', 1, 1498811490, '', '购买黑精卡', '您于2017-06-30 16:31:30 购买了黑精卡，有效期为1年，您已成为黑精卡会员尊享黑精特权，祝您生活愉快。', 0, 0),
(6, '系统', '18630796688', 'inbox', 1, 1498811646, '', '购买黑精卡', '您于2017-06-30 16:34:06 购买了黑精卡，有效期为1年，您已成为黑精卡会员尊享黑精特权，祝您生活愉快。', 0, 0),
(7, '系统', '18888888887', 'inbox', 1, 1498814194, '', '购买黑精卡', '您于2017-06-30 17:16:34 购买了黑精卡，有效期为1年，您已成为黑精卡会员尊享黑精特权，祝您生活愉快。', 0, 0),
(8, '系统', '18888888887', 'inbox', 1, 1499010937, '', '拓展新粉丝', '太棒了！您拓展了一位新粉丝，获得20黑精币，祝您生活愉快。', 0, 0),
(9, '系统', '13546844810', 'inbox', 1, 1499070689, '', '小七家活动活动报名成功', '您已报名小七家活动活动，请准时参加，感谢您对黑精潮派活动的支持，祝您生活愉快', 0, 0),
(10, '系统', '18630796688', 'inbox', 1, 1499134362, '2017-07-04 10:12:42', '拓展新粉丝', '太棒了！您拓展了一位新粉丝，获得20黑精币，祝您生活愉快。', 0, 0),
(11, '系统', '13546844810', 'inbox', 1, 1499140786, '2017-07-04 11:59:46', '小七家活动活动报名成功', '您已报名小七家活动活动，请准时参加，感谢您对黑精潮派活动的支持，祝您生活愉快', 0, 0);

-- --------------------------------------------------------

--
-- 表的结构 `jydp_message_data`
--

CREATE TABLE IF NOT EXISTS `jydp_message_data` (
  `id` int(4) NOT NULL AUTO_INCREMENT,
  `userid` mediumint(8) NOT NULL,
  `group_message_id` int(5) NOT NULL,
  PRIMARY KEY (`id`),
  KEY `message` (`userid`,`group_message_id`)
) ENGINE=MyISAM  DEFAULT CHARSET=utf8 ROW_FORMAT=FIXED AUTO_INCREMENT=2 ;

--
-- 转存表中的数据 `jydp_message_data`
--

INSERT INTO `jydp_message_data` (`id`, `userid`, `group_message_id`) VALUES
(1, 49, 1);

-- --------------------------------------------------------

--
-- 表的结构 `jydp_message_group`
--

CREATE TABLE IF NOT EXISTS `jydp_message_group` (
  `id` smallint(5) unsigned NOT NULL AUTO_INCREMENT,
  `typeid` smallint(5) unsigned NOT NULL DEFAULT '0',
  `groupid` tinyint(4) unsigned NOT NULL DEFAULT '0' COMMENT '用户组id',
  `subject` char(80) DEFAULT NULL,
  `content` text NOT NULL COMMENT '内容',
  `inputtime` int(10) unsigned DEFAULT '0',
  `status` tinyint(2) unsigned DEFAULT '1',
  PRIMARY KEY (`id`)
) ENGINE=MyISAM  DEFAULT CHARSET=utf8 ROW_FORMAT=DYNAMIC AUTO_INCREMENT=2 ;

--
-- 转存表中的数据 `jydp_message_group`
--

INSERT INTO `jydp_message_group` (`id`, `typeid`, `groupid`, `subject`, `content`, `inputtime`, `status`) VALUES
(1, 1, 2, '测试消息1', '测试消息1', 1497621915, 1);

-- --------------------------------------------------------

--
-- 表的结构 `jydp_model`
--

CREATE TABLE IF NOT EXISTS `jydp_model` (
  `modelid` smallint(5) unsigned NOT NULL AUTO_INCREMENT,
  `siteid` smallint(5) unsigned NOT NULL DEFAULT '0',
  `name` char(30) NOT NULL,
  `description` char(100) NOT NULL,
  `tablename` char(20) NOT NULL,
  `setting` text NOT NULL,
  `addtime` int(10) unsigned NOT NULL DEFAULT '0',
  `items` smallint(5) unsigned NOT NULL DEFAULT '0',
  `enablesearch` tinyint(1) unsigned NOT NULL DEFAULT '1',
  `disabled` tinyint(1) unsigned NOT NULL DEFAULT '0',
  `default_style` char(30) NOT NULL,
  `category_template` char(30) NOT NULL,
  `list_template` char(30) NOT NULL,
  `show_template` char(30) NOT NULL,
  `js_template` varchar(30) NOT NULL,
  `admin_list_template` char(30) NOT NULL,
  `member_add_template` varchar(30) NOT NULL,
  `member_list_template` varchar(30) NOT NULL,
  `sort` tinyint(3) NOT NULL,
  `type` tinyint(1) NOT NULL,
  PRIMARY KEY (`modelid`),
  KEY `type` (`type`,`siteid`)
) ENGINE=MyISAM  DEFAULT CHARSET=utf8 ROW_FORMAT=DYNAMIC AUTO_INCREMENT=16 ;

--
-- 转存表中的数据 `jydp_model`
--

INSERT INTO `jydp_model` (`modelid`, `siteid`, `name`, `description`, `tablename`, `setting`, `addtime`, `items`, `enablesearch`, `disabled`, `default_style`, `category_template`, `list_template`, `show_template`, `js_template`, `admin_list_template`, `member_add_template`, `member_list_template`, `sort`, `type`) VALUES
(11, 1, '视频模型', '', 'video', '', 0, 0, 1, 0, 'default', 'category_video', 'list_video', 'show_video', '', '', '', '', 0, 0),
(2, 1, '下载模型', '', 'download', '', 0, 0, 1, 0, 'default', 'category_download', 'list_download', 'show_download', '', '', '', '', 0, 0),
(3, 1, '图片模型', '', 'picture', '', 0, 0, 1, 0, 'default', 'category_picture', 'list_picture', 'show_picture', '', '', '', '', 0, 0),
(10, 1, '普通会员', '普通会员', 'member_detail', '', 0, 0, 1, 0, '', '', '', '', '', '', '', '', 0, 2),
(1, 1, '文章模型', '', 'news', '', 0, 0, 1, 0, 'default', 'category', 'list', 'show', '', '', '', '', 0, 0),
(12, 1, '精选模型', '精选模型', 'jingxuan', '', 0, 0, 1, 0, 'default', 'category', 'list', 'show', '', '', '', '', 0, 0),
(13, 1, '潮派模型', '活动模型', 'chaopai', '', 0, 0, 1, 0, 'default', 'category', 'list', 'show', '', '', '', '', 0, 0),
(14, 1, '好物模型', '', 'haowu', '', 0, 0, 1, 0, 'default', 'category', 'list', 'show', '', '', '', '', 0, 0),
(15, 1, '直播模型', '', 'zhibo', '', 0, 0, 1, 0, 'default', 'category', 'list', 'show', '', '', '', '', 0, 0);

-- --------------------------------------------------------

--
-- 表的结构 `jydp_model_field`
--

CREATE TABLE IF NOT EXISTS `jydp_model_field` (
  `fieldid` mediumint(8) unsigned NOT NULL AUTO_INCREMENT,
  `modelid` smallint(5) unsigned NOT NULL DEFAULT '0',
  `siteid` smallint(5) unsigned NOT NULL DEFAULT '0',
  `field` varchar(20) NOT NULL,
  `name` varchar(30) NOT NULL,
  `tips` text NOT NULL,
  `css` varchar(30) NOT NULL,
  `minlength` int(10) unsigned NOT NULL DEFAULT '0',
  `maxlength` int(10) unsigned NOT NULL DEFAULT '0',
  `pattern` varchar(255) NOT NULL,
  `errortips` varchar(255) NOT NULL,
  `formtype` varchar(20) NOT NULL,
  `setting` mediumtext NOT NULL,
  `formattribute` varchar(255) NOT NULL,
  `unsetgroupids` varchar(255) NOT NULL,
  `unsetroleids` varchar(255) NOT NULL,
  `iscore` tinyint(1) unsigned NOT NULL DEFAULT '0',
  `issystem` tinyint(1) unsigned NOT NULL DEFAULT '0',
  `isunique` tinyint(1) unsigned NOT NULL DEFAULT '0',
  `isbase` tinyint(1) unsigned NOT NULL DEFAULT '0',
  `issearch` tinyint(1) unsigned NOT NULL DEFAULT '0',
  `isadd` tinyint(1) unsigned NOT NULL DEFAULT '0',
  `isfulltext` tinyint(1) unsigned NOT NULL DEFAULT '0',
  `isposition` tinyint(1) unsigned NOT NULL DEFAULT '0',
  `listorder` mediumint(8) unsigned NOT NULL DEFAULT '0',
  `disabled` tinyint(1) unsigned NOT NULL DEFAULT '0',
  `isomnipotent` tinyint(1) unsigned NOT NULL DEFAULT '0',
  PRIMARY KEY (`fieldid`),
  KEY `modelid` (`modelid`,`disabled`),
  KEY `field` (`field`,`modelid`)
) ENGINE=MyISAM  DEFAULT CHARSET=utf8 ROW_FORMAT=DYNAMIC AUTO_INCREMENT=218 ;

--
-- 转存表中的数据 `jydp_model_field`
--

INSERT INTO `jydp_model_field` (`fieldid`, `modelid`, `siteid`, `field`, `name`, `tips`, `css`, `minlength`, `maxlength`, `pattern`, `errortips`, `formtype`, `setting`, `formattribute`, `unsetgroupids`, `unsetroleids`, `iscore`, `issystem`, `isunique`, `isbase`, `issearch`, `isadd`, `isfulltext`, `isposition`, `listorder`, `disabled`, `isomnipotent`) VALUES
(1, 1, 1, 'catid', '栏目', '', '', 1, 6, '/^[0-9]{1,6}$/', '请选择栏目', 'catid', 'array (\n  ''defaultvalue'' => '''',\n)', '', '-99', '-99', 0, 1, 0, 1, 1, 1, 0, 0, 1, 0, 0),
(5, 1, 1, 'keywords', '关键词', '多关键词之间用空格或者“,”隔开', '', 0, 40, '', '', 'keyword', 'array (\r\n  ''size'' => ''100'',\r\n  ''defaultvalue'' => '''',\r\n)', '', '-99', '-99', 0, 1, 0, 1, 1, 1, 1, 0, 7, 0, 0),
(9, 1, 1, 'voteid', '添加投票', '', '', 0, 0, '', '', 'omnipotent', 'array (\n  ''formtext'' => ''<input type=\\''text\\'' name=\\''info[voteid]\\'' id=\\''voteid\\'' value=\\''{FIELD_VALUE}\\'' size=\\''3\\''> \r\n<input type=\\''button\\'' value="选择已有投票" onclick="omnipotent(\\''selectid\\'',\\''?m=vote&c=vote&a=public_get_votelist&from_api=1\\'',\\''选择已有投票\\'')" class="button">\r\n<input type=\\''button\\'' value="新增投票" onclick="omnipotent(\\''addvote\\'',\\''?m=vote&c=vote&a=add&from_api=1\\'',\\''添加投票\\'',0)" class="button">'',\n  ''fieldtype'' => ''mediumint'',\n  ''minnumber'' => ''1'',\n)', '', '', '', 0, 0, 0, 1, 0, 0, 1, 0, 21, 0, 0),
(12, 1, 1, 'posids', '推荐位', '', '', 0, 0, '', '', 'posid', 'array (\n  ''cols'' => ''4'',\n  ''width'' => ''125'',\n)', '', '', '', 0, 1, 0, 1, 0, 0, 0, 0, 18, 0, 0),
(16, 1, 1, 'template', '内容页模板', '', '', 0, 30, '', '', 'template', 'array (\n  ''size'' => '''',\n  ''defaultvalue'' => '''',\n)', '', '-99', '-99', 0, 0, 0, 0, 0, 0, 0, 0, 53, 0, 0),
(23, 2, 1, 'typeid', '类别', '', '', 0, 0, '', '', 'typeid', 'array (\n  ''minnumber'' => '''',\n  ''defaultvalue'' => '''',\n)', '', '', '', 0, 1, 0, 1, 1, 1, 0, 0, 2, 1, 0),
(27, 2, 1, 'updatetime', '更新时间', '', '', 0, 0, '', '', 'datetime', 'array (\r\n  ''dateformat'' => ''int'',\r\n  ''format'' => ''Y-m-d H:i:s'',\r\n  ''defaulttype'' => ''1'',\r\n  ''defaultvalue'' => '''',\r\n)', '', '', '', 1, 1, 0, 1, 0, 0, 0, 0, 12, 0, 0),
(30, 2, 1, 'relation', '相关文章', '', '', 0, 0, '', '', 'omnipotent', 'array (\n  ''formtext'' => ''<input type=\\''hidden\\'' name=\\''info[relation]\\'' id=\\''relation\\'' value=\\''{FIELD_VALUE}\\'' style=\\''50\\'' >\r\n<ul class="list-dot" id="relation_text"></ul>\r\n<div>\r\n<input type=\\''button\\'' value="添加相关" onclick="omnipotent(\\''selectid\\'',\\''?m=content&c=content&a=public_relationlist&modelid={MODELID}\\'',\\''添加相关文章\\'',1)" class="button" style="width:66px;">\r\n<span class="edit_content">\r\n<input type=\\''button\\'' value="显示已有" onclick="show_relation({MODELID},{ID})" class="button" style="width:66px;">\r\n</span>\r\n</div>'',\n  ''fieldtype'' => ''varchar'',\n  ''minnumber'' => ''1'',\n)', '', '2,6,4,5,1,17,18,7', '', 0, 0, 0, 0, 0, 0, 1, 0, 15, 0, 0),
(34, 2, 1, 'groupids_view', '阅读权限', '', '', 0, 0, '', '', 'groupid', 'array (\n  ''groupids'' => '''',\n)', '', '', '', 0, 0, 0, 1, 0, 0, 0, 0, 19, 0, 0),
(38, 2, 1, 'allow_comment', '允许评论', '', '', 0, 0, '', '', 'box', 'array (\n  ''options'' => ''允许评论|1\r\n不允许评论|0'',\n  ''boxtype'' => ''radio'',\n  ''fieldtype'' => ''tinyint'',\n  ''minnumber'' => ''1'',\n  ''width'' => ''88'',\n  ''size'' => ''1'',\n  ''defaultvalue'' => ''1'',\n  ''outputtype'' => ''1'',\n  ''filtertype'' => ''0'',\n)', '', '', '', 0, 0, 0, 0, 0, 0, 0, 0, 54, 0, 0),
(41, 2, 1, 'username', '用户名', '', '', 0, 20, '', '', 'text', '', '', '', '', 1, 1, 0, 1, 0, 0, 0, 0, 98, 0, 0),
(45, 2, 1, 'copytype', '软件授权形式', '', '', 0, 15, '', '', 'box', 'array (\n  ''options'' => ''免费版|免费版\r\n共享版|共享版\r\n试用版|试用版\r\n演示版|演示版\r\n注册版|注册版\r\n破解版|破解版\r\n零售版|零售版\r\nOEM版|OEM版'',\n  ''boxtype'' => ''select'',\n  ''fieldtype'' => ''varchar'',\n  ''minnumber'' => ''1'',\n  ''cols'' => ''5'',\n  ''width'' => ''80'',\n  ''size'' => ''1'',\n  ''default_select_value'' => ''免费版'',\n)', '', '', '', 0, 1, 0, 1, 0, 1, 0, 0, 12, 0, 0),
(49, 2, 1, 'filesize', '文件大小', '', '', 0, 10, '', '', 'text', 'array (\n  ''size'' => ''10'',\n  ''defaultvalue'' => ''未知'',\n  ''ispassword'' => ''0'',\n)', '', '', '', 0, 1, 0, 0, 0, 1, 1, 0, 14, 0, 0),
(52, 3, 1, 'template', '内容页模板', '', '', 0, 30, '', '', 'template', 'array (\n  ''size'' => '''',\n  ''defaultvalue'' => '''',\n)', '', '-99', '-99', 0, 0, 0, 0, 0, 0, 0, 0, 53, 0, 0),
(56, 3, 1, 'groupids_view', '阅读权限', '', '', 0, 0, '', '', 'groupid', 'array (\n  ''groupids'' => '''',\n)', '', '', '', 0, 0, 0, 1, 0, 0, 0, 0, 19, 0, 0),
(63, 3, 1, 'description', '摘要', '', '', 0, 255, '', '', 'textarea', 'array (\r\n  ''width'' => ''98'',\r\n  ''height'' => ''46'',\r\n  ''defaultvalue'' => '''',\r\n  ''enablehtml'' => ''0'',\r\n)', '', '', '', 0, 1, 0, 1, 0, 1, 1, 1, 10, 0, 0),
(67, 3, 1, 'catid', '栏目', '', '', 1, 6, '/^[0-9]{1,6}$/', '请选择栏目', 'catid', 'array (\n  ''defaultvalue'' => '''',\n)', '', '-99', '-99', 0, 1, 0, 1, 1, 1, 0, 0, 1, 0, 0),
(70, 3, 1, 'username', '用户名', '', '', 0, 20, '', '', 'text', '', '', '', '', 1, 1, 0, 1, 0, 0, 0, 0, 98, 0, 0),
(74, 2, 1, 'islink', '转向链接', '', '', 0, 0, '', '', 'islink', '', '', '', '', 0, 1, 0, 0, 0, 1, 0, 0, 30, 0, 0),
(85, 11, 1, 'typeid', '类别', '', '', 0, 0, '', '', 'typeid', 'array (\n  ''minnumber'' => '''',\n  ''defaultvalue'' => '''',\n)', '', '', '', 0, 1, 0, 1, 1, 1, 0, 0, 2, 0, 0),
(89, 11, 1, 'updatetime', '更新时间', '', '', 0, 0, '', '', 'datetime', 'array (\n  ''dateformat'' => ''int'',\n  ''format'' => ''Y-m-d H:i:s'',\n  ''defaulttype'' => ''1'',\n  ''defaultvalue'' => '''',\n)', '', '', '', 1, 1, 0, 1, 0, 0, 0, 0, 12, 0, 0),
(92, 11, 1, 'relation', '相关文章', '', '', 0, 0, '', '', 'omnipotent', 'array (\n  ''formtext'' => ''<input type=\\''hidden\\'' name=\\''info[relation]\\'' id=\\''relation\\'' value=\\''{FIELD_VALUE}\\'' style=\\''50\\'' >\r\n<ul class="list-dot" id="relation_text"></ul>\r\n<div>\r\n<input type=\\''button\\'' value="添加相关" onclick="omnipotent(\\''selectid\\'',\\''?m=content&c=content&a=public_relationlist&modelid={MODELID}\\'',\\''添加相关文章\\'',1)" class="button" style="width:66px;">\r\n<span class="edit_content">\r\n<input type=\\''button\\'' value="显示已有" onclick="show_relation({MODELID},{ID})" class="button" style="width:66px;">\r\n</span>\r\n</div>'',\n  ''fieldtype'' => ''varchar'',\n  ''minnumber'' => ''1'',\n)', '', '2,6,4,5,1,17,18,7', '', 0, 0, 0, 0, 0, 0, 1, 0, 15, 0, 0),
(96, 11, 1, 'groupids_view', '阅读权限', '', '', 0, 100, '', '', 'groupid', 'array (\n  ''groupids'' => '''',\n)', '', '', '', 0, 0, 0, 1, 0, 0, 0, 0, 19, 0, 0),
(100, 11, 1, 'allow_comment', '允许评论', '', '', 0, 0, '', '', 'box', 'array (\n  ''options'' => ''允许评论|1\r\n不允许评论|0'',\n  ''boxtype'' => ''radio'',\n  ''fieldtype'' => ''tinyint'',\n  ''minnumber'' => ''1'',\n  ''width'' => ''88'',\n  ''size'' => ''1'',\n  ''defaultvalue'' => ''1'',\n  ''outputtype'' => ''0'',\n)', '', '', '', 0, 0, 0, 0, 0, 0, 0, 0, 54, 0, 0),
(104, 11, 1, 'islink', '转向链接', '', '', 0, 0, '', '', 'islink', 'array (\n)', '', '', '', 0, 1, 0, 1, 0, 1, 0, 0, 20, 0, 0),
(2, 1, 1, 'typeid', '类别', '', '', 0, 0, '', '', 'typeid', 'array (\n  ''minnumber'' => '''',\n  ''defaultvalue'' => '''',\n)', '', '', '', 0, 1, 0, 1, 1, 1, 0, 0, 2, 0, 0),
(6, 1, 1, 'description', '摘要', '', '', 0, 255, '', '', 'textarea', 'array (\r\n  ''width'' => ''98'',\r\n  ''height'' => ''46'',\r\n  ''defaultvalue'' => '''',\r\n  ''enablehtml'' => ''0'',\r\n)', '', '', '', 0, 1, 0, 1, 0, 1, 1, 1, 10, 0, 0),
(13, 1, 1, 'url', 'URL', '', '', 0, 100, '', '', 'text', '', '', '', '', 1, 1, 0, 1, 0, 0, 0, 0, 50, 0, 0),
(17, 1, 1, 'groupids_view', '阅读权限', '', '', 0, 0, '', '', 'groupid', 'array (\n  ''groupids'' => '''',\n)', '', '', '', 0, 0, 0, 1, 0, 0, 0, 0, 19, 0, 0),
(20, 1, 1, 'allow_comment', '允许评论', '', '', 0, 0, '', '', 'box', 'array (\n  ''options'' => ''允许评论|1\r\n不允许评论|0'',\n  ''boxtype'' => ''radio'',\n  ''fieldtype'' => ''tinyint'',\n  ''minnumber'' => ''1'',\n  ''width'' => ''88'',\n  ''size'' => ''1'',\n  ''defaultvalue'' => ''1'',\n  ''outputtype'' => ''1'',\n  ''filtertype'' => ''0'',\n)', '', '', '', 0, 0, 0, 0, 0, 0, 0, 0, 54, 0, 0),
(24, 2, 1, 'title', '标题', '', 'inputtitle', 1, 80, '', '请输入标题', 'title', '', '', '', '', 0, 1, 0, 1, 1, 1, 1, 1, 4, 0, 0),
(28, 2, 1, 'content', '内容', '<div class="content_attr"><label><input name="add_introduce" type="checkbox"  value="1" checked>是否截取内容</label><input type="text" name="introcude_length" value="200" size="3">字符至内容摘要\r\n<label><input type=''checkbox'' name=''auto_thumb'' value="1" checked>是否获取内容第</label><input type="text" name="auto_thumb_no" value="1" size="2" class="">张图片作为标题图片\r\n</div>', '', 1, 999999, '', '内容不能为空', 'editor', 'array (\n  ''toolbar'' => ''full'',\n  ''defaultvalue'' => '''',\n  ''enablekeylink'' => ''1'',\n  ''replacenum'' => ''2'',\n  ''link_mode'' => ''0'',\n  ''enablesaveimage'' => ''1'',\n  ''height'' => '''',\n  ''disabled_page'' => ''1'',\n)', '', '', '', 0, 0, 0, 1, 0, 1, 1, 0, 13, 0, 0),
(31, 2, 1, 'pages', '分页方式', '', '', 0, 0, '', '', 'pages', '', '', '-99', '-99', 0, 0, 0, 1, 0, 0, 0, 0, 16, 1, 0),
(35, 2, 1, 'url', 'URL', '', '', 0, 100, '', '', 'text', '', '', '', '', 1, 1, 0, 1, 0, 0, 0, 0, 50, 0, 0),
(39, 2, 1, 'status', '状态', '', '', 0, 2, '', '', 'box', '', '', '', '', 1, 1, 0, 1, 0, 0, 0, 0, 55, 0, 0),
(42, 2, 1, 'downfiles', '本地下载', '', '', 0, 0, '', '', 'downfiles', 'array (\n  ''upload_allowext'' => ''rar|zip'',\n  ''isselectimage'' => ''0'',\n  ''upload_number'' => ''10'',\n  ''downloadlink'' => ''1'',\n  ''downloadtype'' => ''1'',\n)', '', '', '', 0, 0, 0, 1, 0, 1, 0, 0, 8, 0, 0),
(46, 2, 1, 'language', '软件语言', '', '', 0, 16, '', '', 'box', 'array (\n  ''options'' => ''英文|英文\r\n简体中文|简体中文\r\n繁体中文|繁体中文\r\n简繁中文|简繁中文\r\n多国语言|多国语言\r\n其他语言|其他语言'',\n  ''boxtype'' => ''select'',\n  ''fieldtype'' => ''varchar'',\n  ''minnumber'' => ''1'',\n  ''cols'' => ''5'',\n  ''width'' => ''80'',\n  ''size'' => ''1'',\n  ''default_select_value'' => ''简体中文'',\n)', '', '', '', 0, 1, 0, 1, 0, 1, 0, 0, 13, 0, 0),
(53, 3, 1, 'url', 'URL', '', '', 0, 100, '', '', 'text', '', '', '', '', 1, 1, 0, 1, 0, 0, 0, 0, 50, 0, 0),
(57, 3, 1, 'inputtime', '发布时间', '', '', 0, 0, '', '', 'datetime', 'array (\n  ''fieldtype'' => ''int'',\n  ''format'' => ''Y-m-d H:i:s'',\n  ''defaulttype'' => ''0'',\n)', '', '', '', 0, 1, 0, 0, 0, 0, 0, 1, 17, 0, 0),
(60, 3, 1, 'thumb', '缩略图', '', '', 0, 100, '', '', 'image', 'array (\n  ''size'' => ''50'',\n  ''defaultvalue'' => '''',\n  ''show_type'' => ''1'',\n  ''upload_maxsize'' => ''1024'',\n  ''upload_allowext'' => ''jpg|jpeg|gif|png|bmp'',\n  ''watermark'' => ''0'',\n  ''isselectimage'' => ''1'',\n  ''images_width'' => '''',\n  ''images_height'' => '''',\n)', '', '', '', 0, 1, 0, 0, 0, 1, 0, 1, 14, 0, 0),
(64, 3, 1, 'title', '标题', '', 'inputtitle', 1, 80, '', '请输入标题', 'title', '', '', '', '', 0, 1, 0, 1, 1, 1, 1, 1, 4, 0, 0),
(68, 3, 1, 'status', '状态', '', '', 0, 2, '', '', 'box', '', '', '', '', 1, 1, 0, 1, 0, 0, 0, 0, 55, 0, 0),
(71, 3, 1, 'pictureurls', '组图', '', '', 0, 0, '', '', 'images', 'array (\n  ''upload_allowext'' => ''gif|jpg|jpeg|png|bmp'',\n  ''isselectimage'' => ''1'',\n  ''upload_number'' => ''50'',\n)', '', '', '', 0, 0, 0, 1, 0, 1, 0, 0, 15, 0, 0),
(75, 3, 1, 'islink', '转向链接', '', '', 0, 0, '', '', 'islink', '', '', '', '', 0, 1, 0, 0, 0, 1, 0, 0, 30, 0, 0),
(86, 11, 1, 'title', '标题', '', 'inputtitle', 1, 80, '', '请输入标题', 'title', 'array (\n)', '', '', '', 0, 1, 0, 1, 1, 1, 1, 1, 4, 0, 0),
(93, 11, 1, 'pages', '分页方式', '', '', 0, 0, '', '', 'pages', 'array (\n)', '', '-99', '-99', 0, 0, 0, 1, 0, 0, 0, 0, 16, 0, 0),
(97, 11, 1, 'url', 'URL', '', '', 0, 100, '', '', 'text', 'array (\n)', '', '', '', 1, 1, 0, 1, 0, 0, 0, 0, 50, 0, 0),
(101, 11, 1, 'status', '状态', '', '', 0, 2, '', '', 'box', 'array (\n)', '', '', '', 1, 1, 0, 1, 0, 0, 0, 0, 55, 0, 0),
(105, 11, 1, 'video', '视频上传', '', '', 0, 0, '', '', 'video', 'array (\n  ''upload_allowext'' => ''flv|rm|mp4|rmv'',\n)', '', '', '', 0, 0, 0, 1, 0, 1, 0, 0, 8, 0, 0),
(4, 1, 1, 'thumb', '缩略图', '', '', 0, 100, '', '', 'image', 'array (\n  ''size'' => ''50'',\n  ''defaultvalue'' => '''',\n  ''show_type'' => ''1'',\n  ''upload_maxsize'' => ''1024'',\n  ''upload_allowext'' => ''jpg|jpeg|gif|png|bmp'',\n  ''watermark'' => ''0'',\n  ''isselectimage'' => ''1'',\n  ''images_width'' => '''',\n  ''images_height'' => '''',\n)', '', '', '', 0, 1, 0, 0, 0, 1, 0, 1, 14, 0, 0),
(8, 1, 1, 'content', '内容', '<div class="content_attr"><label><input name="add_introduce" type="checkbox"  value="1" checked>是否截取内容</label><input type="text" name="introcude_length" value="200" size="3">字符至内容摘要\r\n<label><input type=''checkbox'' name=''auto_thumb'' value="1" checked>是否获取内容第</label><input type="text" name="auto_thumb_no" value="1" size="2" class="">张图片作为标题图片\r\n</div>', '', 1, 999999, '', '内容不能为空', 'editor', 'array (\n  ''toolbar'' => ''full'',\n  ''defaultvalue'' => '''',\n  ''enablekeylink'' => ''1'',\n  ''replacenum'' => ''2'',\n  ''link_mode'' => ''0'',\n  ''enablesaveimage'' => ''1'',\n)', '', '', '', 0, 0, 0, 1, 0, 1, 1, 0, 13, 0, 0),
(11, 1, 1, 'inputtime', '发布时间', '', '', 0, 0, '', '', 'datetime', 'array (\n  ''fieldtype'' => ''int'',\n  ''format'' => ''Y-m-d H:i:s'',\n  ''defaulttype'' => ''0'',\n)', '', '', '', 0, 1, 0, 0, 0, 0, 0, 1, 17, 0, 0),
(15, 1, 1, 'status', '状态', '', '', 0, 2, '', '', 'box', '', '', '', '', 1, 1, 0, 1, 0, 0, 0, 0, 55, 0, 0),
(19, 1, 1, 'relation', '相关文章', '', '', 0, 0, '', '', 'omnipotent', 'array (\n  ''formtext'' => ''<input type=\\''hidden\\'' name=\\''info[relation]\\'' id=\\''relation\\'' value=\\''{FIELD_VALUE}\\'' style=\\''50\\'' >\r\n<ul class="list-dot" id="relation_text"></ul>\r\n<div>\r\n<input type=\\''button\\'' value="添加相关" onclick="omnipotent(\\''selectid\\'',\\''?m=content&c=content&a=public_relationlist&modelid={MODELID}\\'',\\''添加相关文章\\'',1)" class="button" style="width:66px;">\r\n<span class="edit_content">\r\n<input type=\\''button\\'' value="显示已有" onclick="show_relation({MODELID},{ID})" class="button" style="width:66px;">\r\n</span>\r\n</div>'',\n  ''fieldtype'' => ''varchar'',\n  ''minnumber'' => ''1'',\n)', '', '2,6,4,5,1,17,18,7', '', 0, 0, 0, 0, 0, 0, 1, 0, 15, 0, 0),
(22, 2, 1, 'catid', '栏目', '', '', 1, 6, '/^[0-9]{1,6}$/', '请选择栏目', 'catid', 'array (\n  ''defaultvalue'' => '''',\n)', '', '-99', '-99', 0, 1, 0, 1, 1, 1, 0, 0, 1, 0, 0),
(26, 2, 1, 'description', '摘要', '', '', 0, 255, '', '', 'textarea', 'array (\r\n  ''width'' => ''98'',\r\n  ''height'' => ''46'',\r\n  ''defaultvalue'' => '''',\r\n  ''enablehtml'' => ''0'',\r\n)', '', '', '', 0, 1, 0, 1, 0, 1, 1, 1, 10, 0, 0),
(33, 2, 1, 'posids', '推荐位', '', '', 0, 0, '', '', 'posid', 'array (\n  ''cols'' => ''4'',\n  ''width'' => ''125'',\n)', '', '', '', 0, 1, 0, 1, 0, 0, 0, 0, 18, 0, 0),
(37, 2, 1, 'template', '内容页模板', '', '', 0, 30, '', '', 'template', 'array (\n  ''size'' => '''',\n  ''defaultvalue'' => '''',\n)', '', '-99', '-99', 0, 0, 0, 0, 0, 0, 0, 0, 53, 0, 0),
(40, 2, 1, 'readpoint', '阅读收费', '', '', 0, 5, '', '', 'readpoint', 'array (\n  ''minnumber'' => ''1'',\n  ''maxnumber'' => ''99999'',\n  ''decimaldigits'' => ''0'',\n  ''defaultvalue'' => '''',\n)', '', '-99', '-99', 0, 0, 0, 0, 0, 0, 0, 0, 55, 0, 0),
(44, 2, 1, 'systems', '软件平台', '<select name=''selectSystem'' onchange="ChangeInput(this,document.myform.systems,''/'')">\r\n	<option value=''WinXP''>WinXP</option>\r\n	<option value=''Vista''>Windows 7</option>\r\n	<option value=''Win2000''>Win2000</option>\r\n	<option value=''Win2003''>Win2003</option>\r\n	<option value=''Unix''>Unix</option>\r\n	<option value=''Linux''>Linux</option>\r\n	<option value=''MacOS''>MacOS</option>\r\n</select>', '', 0, 100, '', '', 'text', 'array (\n  ''size'' => ''50'',\n  ''defaultvalue'' => ''Win2000/WinXP/Win2003'',\n  ''ispassword'' => ''0'',\n)', '', '', '', 0, 1, 0, 1, 0, 1, 1, 0, 14, 0, 0),
(48, 2, 1, 'version', '版本号', '', '', 0, 20, '', '', 'text', 'array (\n  ''size'' => ''10'',\n  ''defaultvalue'' => '''',\n  ''ispassword'' => ''0'',\n)', '', '', '', 0, 1, 0, 0, 0, 1, 1, 0, 13, 0, 0),
(51, 3, 1, 'allow_comment', '允许评论', '', '', 0, 0, '', '', 'box', 'array (\n  ''options'' => ''允许评论|1\r\n不允许评论|0'',\n  ''boxtype'' => ''radio'',\n  ''fieldtype'' => ''tinyint'',\n  ''minnumber'' => ''1'',\n  ''width'' => ''88'',\n  ''size'' => ''1'',\n  ''defaultvalue'' => ''1'',\n  ''outputtype'' => ''1'',\n  ''filtertype'' => ''0'',\n)', '', '', '', 0, 0, 0, 0, 0, 0, 0, 0, 54, 0, 0),
(55, 3, 1, 'posids', '推荐位', '', '', 0, 0, '', '', 'posid', 'array (\n  ''cols'' => ''4'',\n  ''width'' => ''125'',\n)', '', '', '', 0, 1, 0, 1, 0, 0, 0, 0, 18, 0, 0),
(59, 3, 1, 'relation', '相关组图', '', '', 0, 0, '', '', 'omnipotent', 'array (\n  ''formtext'' => ''<input type=\\''hidden\\'' name=\\''info[relation]\\'' id=\\''relation\\'' value=\\''{FIELD_VALUE}\\'' style=\\''50\\'' >\r\n<ul class="list-dot" id="relation_text"></ul>\r\n<div>\r\n<input type=\\''button\\'' value="添加相关" onclick="omnipotent(\\''selectid\\'',\\''?m=content&c=content&a=public_relationlist&modelid={MODELID}\\'',\\''添加相关文章\\'',1)" class="button" style="width:66px;">\r\n<span class="edit_content">\r\n<input type=\\''button\\'' value="显示已有" onclick="show_relation({MODELID},{ID})" class="button" style="width:66px;">\r\n</span>\r\n</div>'',\n  ''fieldtype'' => ''varchar'',\n  ''minnumber'' => ''1'',\n)', '', '2,6,4,5,1,17,18,7', '', 0, 0, 0, 0, 0, 0, 1, 0, 15, 0, 0),
(62, 3, 1, 'updatetime', '更新时间', '', '', 0, 0, '', '', 'datetime', 'array (\r\n  ''dateformat'' => ''int'',\r\n  ''format'' => ''Y-m-d H:i:s'',\r\n  ''defaulttype'' => ''1'',\r\n  ''defaultvalue'' => '''',\r\n)', '', '', '', 1, 1, 0, 1, 0, 0, 0, 0, 12, 0, 0),
(66, 3, 1, 'typeid', '类别', '', '', 0, 0, '', '', 'typeid', 'array (\n  ''minnumber'' => '''',\n  ''defaultvalue'' => '''',\n)', '', '', '', 0, 1, 0, 1, 1, 1, 0, 0, 2, 0, 0),
(73, 1, 1, 'islink', '转向链接', '', '', 0, 0, '', '', 'islink', '', '', '', '', 0, 1, 0, 0, 0, 1, 0, 0, 30, 0, 0),
(80, 1, 1, 'username', '用户名', '', '', 0, 20, '', '', 'text', '', '', '', '', 1, 1, 0, 1, 0, 0, 0, 0, 98, 0, 0),
(84, 11, 1, 'catid', '栏目', '', '', 1, 6, '/^[0-9]{1,6}$/', '请选择栏目', 'catid', 'array (\n  ''defaultvalue'' => '''',\n)', '', '-99', '-99', 0, 1, 0, 1, 1, 1, 0, 0, 1, 0, 0),
(88, 11, 1, 'description', '摘要', '', '', 0, 255, '', '', 'textarea', 'array (\n  ''width'' => ''98'',\n  ''height'' => ''46'',\n  ''defaultvalue'' => '''',\n  ''enablehtml'' => ''0'',\n)', '', '', '', 0, 1, 0, 1, 0, 1, 1, 1, 10, 0, 0),
(91, 11, 1, 'thumb', '缩略图', '', '', 0, 100, '', '', 'image', 'array (\n  ''size'' => ''50'',\n  ''defaultvalue'' => '''',\n  ''show_type'' => ''1'',\n  ''upload_maxsize'' => ''1024'',\n  ''upload_allowext'' => ''jpg|jpeg|gif|png|bmp'',\n  ''watermark'' => ''0'',\n  ''isselectimage'' => ''1'',\n  ''images_width'' => '''',\n  ''images_height'' => '''',\n)', '', '', '', 0, 1, 0, 0, 0, 1, 0, 1, 14, 0, 0),
(95, 11, 1, 'posids', '推荐位', '', '', 0, 0, '', '', 'posid', 'array (\n  ''cols'' => ''4'',\n  ''width'' => ''125'',\n)', '', '', '', 0, 1, 0, 1, 0, 0, 0, 0, 18, 0, 0),
(99, 11, 1, 'template', '内容页模板', '', '', 0, 30, '', '', 'template', 'array (\n  ''size'' => '''',\n  ''defaultvalue'' => '''',\n)', '', '-99', '-99', 0, 0, 0, 0, 0, 0, 0, 0, 53, 0, 0),
(103, 11, 1, 'username', '用户名', '', '', 0, 20, '', '', 'text', 'array (\n)', '', '', '', 1, 1, 0, 1, 0, 0, 0, 0, 98, 0, 0),
(107, 11, 1, 'video_category', '视频分类', '', '', 0, 0, '', '', 'box', 'array (\n  ''options'' => ''喜剧|1\r\n爱情|2\r\n科幻|3\r\n剧情|4\r\n动作|5\r\n伦理|6'',\n  ''boxtype'' => ''select'',\n  ''fieldtype'' => ''varchar'',\n  ''minnumber'' => ''1'',\n  ''width'' => ''80'',\n  ''size'' => ''1'',\n  ''defaultvalue'' => ''1'',\n  ''outputtype'' => ''1'',\n  ''filtertype'' => ''1'',\n)', '', '', '', 0, 1, 0, 1, 0, 1, 0, 0, 9, 0, 0),
(3, 1, 1, 'title', '标题', '', 'inputtitle', 1, 80, '', '请输入标题', 'title', '', '', '', '', 0, 1, 0, 1, 1, 1, 1, 1, 4, 0, 0),
(7, 1, 1, 'updatetime', '更新时间', '', '', 0, 0, '', '', 'datetime', 'array (\r\n  ''dateformat'' => ''int'',\r\n  ''format'' => ''Y-m-d H:i:s'',\r\n  ''defaulttype'' => ''1'',\r\n  ''defaultvalue'' => '''',\r\n)', '', '', '', 1, 1, 0, 1, 0, 0, 0, 0, 12, 0, 0),
(10, 1, 1, 'pages', '分页方式', '', '', 0, 0, '', '', 'pages', '', '', '-99', '-99', 0, 0, 0, 1, 0, 0, 0, 0, 16, 0, 0),
(14, 1, 1, 'listorder', '排序', '', '', 0, 6, '', '', 'number', '', '', '', '', 1, 1, 0, 1, 0, 0, 0, 0, 51, 0, 0),
(18, 1, 1, 'readpoint', '阅读收费', '', '', 0, 5, '', '', 'readpoint', 'array (\n  ''minnumber'' => ''1'',\n  ''maxnumber'' => ''99999'',\n  ''decimaldigits'' => ''0'',\n  ''defaultvalue'' => '''',\n)', '', '-99', '-99', 0, 0, 0, 0, 0, 0, 0, 0, 55, 0, 0),
(21, 1, 1, 'copyfrom', '来源', '', '', 0, 100, '', '', 'copyfrom', 'array (\n  ''defaultvalue'' => '''',\n)', '', '', '', 0, 0, 0, 1, 0, 1, 0, 0, 8, 0, 0),
(25, 2, 1, 'keywords', '关键词', '多关键词之间用空格或者“,”隔开', '', 0, 40, '', '', 'keyword', 'array (\r\n  ''size'' => ''100'',\r\n  ''defaultvalue'' => '''',\r\n)', '', '-99', '-99', 0, 1, 0, 1, 1, 1, 1, 0, 7, 0, 0),
(29, 2, 1, 'thumb', '缩略图', '', '', 0, 100, '', '', 'image', 'array (\n  ''size'' => ''50'',\n  ''defaultvalue'' => '''',\n  ''show_type'' => ''1'',\n  ''upload_maxsize'' => ''1024'',\n  ''upload_allowext'' => ''jpg|jpeg|gif|png|bmp'',\n  ''watermark'' => ''0'',\n  ''isselectimage'' => ''1'',\n  ''images_width'' => '''',\n  ''images_height'' => '''',\n)', '', '', '', 0, 1, 0, 0, 0, 1, 0, 1, 14, 0, 0),
(32, 2, 1, 'inputtime', '发布时间', '', '', 0, 0, '', '', 'datetime', 'array (\n  ''fieldtype'' => ''int'',\n  ''format'' => ''Y-m-d H:i:s'',\n  ''defaulttype'' => ''0'',\n)', '', '', '', 0, 1, 0, 0, 0, 0, 0, 1, 17, 0, 0),
(36, 2, 1, 'listorder', '排序', '', '', 0, 6, '', '', 'number', '', '', '', '', 1, 1, 0, 1, 0, 0, 0, 0, 51, 0, 0),
(43, 2, 1, 'downfile', '镜像下载', '', '', 0, 0, '', '', 'downfile', 'array (\n  ''downloadlink'' => ''1'',\n  ''downloadtype'' => ''1'',\n  ''upload_allowext'' => ''rar|zip'',\n  ''isselectimage'' => ''0'',\n  ''upload_number'' => ''1'',\n)', '', '', '', 0, 0, 0, 1, 0, 1, 0, 0, 9, 0, 0),
(47, 2, 1, 'classtype', '软件类型', '', '', 0, 20, '', '', 'box', 'array (\n  ''options'' => ''国产软件|国产软件\r\n国外软件|国外软件\r\n汉化补丁|汉化补丁\r\n程序源码|程序源码\r\n其他|其他'',\n  ''boxtype'' => ''radio'',\n  ''fieldtype'' => ''varchar'',\n  ''minnumber'' => ''1'',\n  ''cols'' => ''5'',\n  ''width'' => ''80'',\n  ''size'' => ''1'',\n  ''default_select_value'' => ''国产软件'',\n)', '', '', '', 0, 1, 0, 1, 0, 1, 0, 0, 17, 0, 0),
(50, 2, 1, 'stars', '评分等级', '', '', 0, 20, '', '', 'box', 'array (\n  ''options'' => ''★☆☆☆☆|★☆☆☆☆\r\n★★☆☆☆|★★☆☆☆\r\n★★★☆☆|★★★☆☆\r\n★★★★☆|★★★★☆\r\n★★★★★|★★★★★'',\n  ''boxtype'' => ''radio'',\n  ''fieldtype'' => ''varchar'',\n  ''minnumber'' => ''1'',\n  ''cols'' => ''5'',\n  ''width'' => ''88'',\n  ''size'' => ''1'',\n  ''default_select_value'' => ''★★★☆☆'',\n)', '', '', '', 0, 1, 0, 1, 0, 1, 0, 0, 17, 0, 0),
(54, 3, 1, 'listorder', '排序', '', '', 0, 6, '', '', 'number', '', '', '', '', 1, 1, 0, 1, 0, 0, 0, 0, 51, 0, 0),
(58, 3, 1, 'pages', '分页方式', '', '', 0, 0, '', '', 'pages', '', '', '-99', '-99', 0, 0, 0, 1, 0, 0, 0, 0, 16, 0, 0),
(61, 3, 1, 'content', '内容', '<div class="content_attr"><label><input name="add_introduce" type="checkbox"  value="1" checked>是否截取内容</label><input type="text" name="introcude_length" value="200" size="3">字符至内容摘要\r\n<label><input type=''checkbox'' name=''auto_thumb'' value="1" checked>是否获取内容第</label><input type="text" name="auto_thumb_no" value="1" size="2" class="">张图片作为标题图片\r\n</div>', '', 0, 999999, '', '', 'editor', 'array (\n  ''toolbar'' => ''full'',\n  ''defaultvalue'' => '''',\n  ''enablekeylink'' => ''1'',\n  ''replacenum'' => ''2'',\n  ''link_mode'' => ''0'',\n  ''enablesaveimage'' => ''1'',\n  ''height'' => '''',\n  ''disabled_page'' => ''1'',\n)', '', '', '', 0, 0, 0, 1, 0, 1, 1, 0, 13, 0, 0),
(65, 3, 1, 'keywords', '关键词', '多关键词之间用空格或者“,”隔开', '', 0, 40, '', '', 'keyword', 'array (\r\n  ''size'' => ''100'',\r\n  ''defaultvalue'' => '''',\r\n)', '', '-99', '-99', 0, 1, 0, 1, 1, 1, 1, 0, 7, 0, 0),
(69, 3, 1, 'readpoint', '阅读收费', '', '', 0, 5, '', '', 'readpoint', 'array (\n  ''minnumber'' => ''1'',\n  ''maxnumber'' => ''99999'',\n  ''decimaldigits'' => ''0'',\n  ''defaultvalue'' => '''',\n)', '', '-99', '-99', 0, 0, 0, 0, 0, 0, 0, 0, 55, 0, 0),
(72, 3, 1, 'copyfrom', '来源', '', '', 0, 0, '', '', 'copyfrom', 'array (\n  ''defaultvalue'' => '''',\n)', '', '', '', 0, 0, 0, 1, 0, 1, 0, 0, 8, 0, 0),
(83, 10, 1, 'birthday', '生日', '', '', 0, 0, '', '生日格式错误', 'datetime', 'array (\n  ''fieldtype'' => ''date'',\n  ''format'' => ''Y-m-d'',\n  ''defaulttype'' => ''0'',\n)', '', '', '', 0, 0, 0, 0, 0, 1, 1, 0, 0, 0, 0),
(87, 11, 1, 'keywords', '关键词', '多关键词之间用空格或者“,”隔开', '', 0, 40, '', '', 'keyword', 'array (\n  ''size'' => ''100'',\n  ''defaultvalue'' => '''',\n)', '', '-99', '-99', 0, 1, 0, 1, 1, 1, 1, 0, 7, 0, 0),
(90, 11, 1, 'content', '内容', '<div class="content_attr"><label><input name="add_introduce" type="checkbox"  value="1" checked>是否截取内容</label><input type="text" name="introcude_length" value="200" size="3">字符至内容摘要\r\n<label><input type=''checkbox'' name=''auto_thumb'' value="1" checked>是否获取内容第</label><input type="text" name="auto_thumb_no" value="1" size="2" class="">张图片作为标题图片\r\n</div>', '', 0, 999999, '', '内容不能为空', 'editor', 'array (\n  ''toolbar'' => ''full'',\n  ''defaultvalue'' => '''',\n  ''enablekeylink'' => ''1'',\n  ''replacenum'' => ''2'',\n  ''link_mode'' => ''0'',\n  ''enablesaveimage'' => ''1'',\n  ''height'' => '''',\n  ''disabled_page'' => ''0'',\n)', '', '', '', 0, 0, 0, 1, 0, 1, 1, 0, 13, 0, 0),
(94, 11, 1, 'inputtime', '发布时间', '', '', 0, 0, '', '', 'datetime', 'array (\n  ''fieldtype'' => ''int'',\n  ''format'' => ''Y-m-d H:i:s'',\n  ''defaulttype'' => ''0'',\n)', '', '', '', 0, 1, 0, 0, 0, 0, 0, 1, 17, 0, 0),
(98, 11, 1, 'listorder', '排序', '', '', 0, 6, '', '', 'number', 'array (\n)', '', '', '', 1, 1, 0, 1, 0, 0, 0, 0, 51, 0, 0),
(102, 11, 1, 'readpoint', '阅读收费', '', '', 0, 5, '', '', 'readpoint', 'array (\n  ''minnumber'' => ''1'',\n  ''maxnumber'' => ''99999'',\n  ''decimaldigits'' => ''0'',\n  ''defaultvalue'' => '''',\n)', '', '-99', '-99', 0, 0, 0, 0, 0, 0, 0, 0, 55, 0, 0),
(106, 11, 1, 'vision', '画质', '', '', 0, 0, '', '', 'box', 'array (\n  ''options'' => ''高清|1\r\n普通|2'',\n  ''boxtype'' => ''select'',\n  ''fieldtype'' => ''varchar'',\n  ''minnumber'' => ''1'',\n  ''width'' => ''80'',\n  ''size'' => ''1'',\n  ''defaultvalue'' => ''0'',\n  ''outputtype'' => ''1'',\n  ''filtertype'' => ''1'',\n)', '', '', '', 0, 1, 0, 1, 0, 1, 0, 0, 9, 0, 0),
(108, 12, 1, 'catid', '栏目', '', '', 1, 6, '/^[0-9]{1,6}$/', '请选择栏目', 'catid', 'array (\n  ''defaultvalue'' => '''',\n)', '', '-99', '-99', 0, 1, 0, 1, 1, 1, 0, 0, 1, 0, 0),
(109, 12, 1, 'typeid', '类别', '', '', 0, 0, '', '', 'typeid', 'array (\n  ''minnumber'' => '''',\n  ''defaultvalue'' => '''',\n)', '', '', '', 0, 1, 0, 1, 1, 1, 0, 0, 2, 0, 0),
(110, 12, 1, 'title', '标题', '', 'inputtitle', 1, 80, '', '请输入标题', 'title', '', '', '', '', 0, 1, 0, 1, 1, 1, 1, 1, 4, 0, 0),
(111, 12, 1, 'keywords', '关键词', '多关键词之间用空格或者“,”隔开', '', 0, 40, '', '', 'keyword', 'array (\r\n  ''size'' => ''100'',\r\n  ''defaultvalue'' => '''',\r\n)', '', '-99', '-99', 0, 1, 0, 1, 1, 1, 1, 0, 7, 1, 0),
(112, 12, 1, 'description', '摘要', '', '', 0, 255, '', '', 'textarea', 'array (\r\n  ''width'' => ''98'',\r\n  ''height'' => ''46'',\r\n  ''defaultvalue'' => '''',\r\n  ''enablehtml'' => ''0'',\r\n)', '', '', '', 0, 1, 0, 1, 0, 1, 1, 1, 10, 1, 0),
(113, 12, 1, 'updatetime', '更新时间', '', '', 0, 0, '', '', 'datetime', 'array (\r\n  ''dateformat'' => ''int'',\r\n  ''format'' => ''Y-m-d H:i:s'',\r\n  ''defaulttype'' => ''1'',\r\n  ''defaultvalue'' => '''',\r\n)', '', '', '', 1, 1, 0, 1, 0, 0, 0, 0, 12, 0, 0),
(114, 12, 1, 'content', '内容', '<div class="content_attr"><label><input name="add_introduce" type="checkbox"  value="1" checked>是否截取内容</label><input type="text" name="introcude_length" value="200" size="3">字符至内容摘要\r\n<label><input type=''checkbox'' name=''auto_thumb'' value="1" checked>是否获取内容第</label><input type="text" name="auto_thumb_no" value="1" size="2" class="">张图片作为标题图片\r\n</div>', '', 1, 999999, '', '内容不能为空', 'editor', 'array (\n  ''toolbar'' => ''full'',\n  ''defaultvalue'' => '''',\n  ''enablekeylink'' => ''1'',\n  ''replacenum'' => ''2'',\n  ''link_mode'' => ''0'',\n  ''enablesaveimage'' => ''1'',\n)', '', '', '', 0, 0, 0, 1, 0, 1, 1, 0, 13, 0, 0),
(115, 12, 1, 'thumb', '缩略图', '', '', 0, 100, '', '', 'image', 'array (\n  ''size'' => ''50'',\n  ''defaultvalue'' => '''',\n  ''show_type'' => ''1'',\n  ''upload_maxsize'' => ''1024'',\n  ''upload_allowext'' => ''jpg|jpeg|gif|png|bmp'',\n  ''watermark'' => ''0'',\n  ''isselectimage'' => ''1'',\n  ''images_width'' => '''',\n  ''images_height'' => '''',\n)', '', '', '', 0, 1, 0, 0, 0, 1, 0, 1, 14, 0, 0),
(116, 12, 1, 'relation', '相关文章', '', '', 0, 0, '', '', 'omnipotent', 'array (\n  ''formtext'' => ''<input type=\\''hidden\\'' name=\\''info[relation]\\'' id=\\''relation\\'' value=\\''{FIELD_VALUE}\\'' style=\\''50\\'' >\r\n<ul class="list-dot" id="relation_text"></ul>\r\n<div>\r\n<input type=\\''button\\'' value="添加相关" onclick="omnipotent(\\''selectid\\'',\\''?m=content&c=content&a=public_relationlist&modelid={MODELID}\\'',\\''添加相关文章\\'',1)" class="button" style="width:66px;">\r\n<span class="edit_content">\r\n<input type=\\''button\\'' value="显示已有" onclick="show_relation({MODELID},{ID})" class="button" style="width:66px;">\r\n</span>\r\n</div>'',\n  ''fieldtype'' => ''varchar'',\n  ''minnumber'' => ''1'',\n)', '', '2,6,4,5,1,17,18,7', '', 0, 0, 0, 0, 0, 0, 1, 0, 15, 0, 0),
(117, 12, 1, 'pages', '分页方式', '', '', 0, 0, '', '', 'pages', '', '', '-99', '-99', 0, 0, 0, 1, 0, 0, 0, 0, 16, 0, 0),
(118, 12, 1, 'inputtime', '发布时间', '', '', 0, 0, '', '', 'datetime', 'array (\n  ''fieldtype'' => ''int'',\n  ''format'' => ''Y-m-d H:i:s'',\n  ''defaulttype'' => ''0'',\n)', '', '', '', 0, 1, 0, 0, 0, 0, 0, 1, 17, 0, 0),
(119, 12, 1, 'posids', '推荐位', '', '', 0, 0, '', '', 'posid', 'array (\n  ''cols'' => ''4'',\n  ''width'' => ''125'',\n)', '', '', '', 0, 1, 0, 1, 0, 0, 0, 0, 18, 1, 0),
(120, 12, 1, 'groupids_view', '阅读权限', '', '', 0, 100, '', '', 'groupid', 'array (\n  ''groupids'' => '''',\n)', '', '', '', 0, 0, 0, 1, 0, 0, 0, 0, 19, 1, 0),
(121, 12, 1, 'url', 'URL', '', '', 0, 100, '', '', 'text', '', '', '', '', 1, 1, 0, 1, 0, 0, 0, 0, 50, 0, 0),
(122, 12, 1, 'listorder', '排序', '', '', 0, 6, '', '', 'number', '', '', '', '', 1, 1, 0, 1, 0, 0, 0, 0, 51, 0, 0),
(123, 12, 1, 'template', '内容页模板', '', '', 0, 30, '', '', 'template', 'array (\n  ''size'' => '''',\n  ''defaultvalue'' => '''',\n)', '', '-99', '-99', 0, 0, 0, 0, 0, 0, 0, 0, 53, 0, 0),
(124, 12, 1, 'allow_comment', '允许评论', '', '', 0, 0, '', '', 'box', 'array (\n  ''options'' => ''允许评论|1\r\n不允许评论|0'',\n  ''boxtype'' => ''radio'',\n  ''fieldtype'' => ''tinyint'',\n  ''minnumber'' => ''1'',\n  ''width'' => ''88'',\n  ''size'' => ''1'',\n  ''defaultvalue'' => ''1'',\n  ''outputtype'' => ''0'',\n)', '', '', '', 0, 0, 0, 0, 0, 0, 0, 0, 54, 0, 0),
(125, 12, 1, 'status', '状态', '', '', 0, 2, '', '', 'box', '', '', '', '', 1, 1, 0, 1, 0, 0, 0, 0, 55, 0, 0),
(126, 12, 1, 'readpoint', '阅读收费', '', '', 0, 5, '', '', 'readpoint', 'array (\n  ''minnumber'' => ''1'',\n  ''maxnumber'' => ''99999'',\n  ''decimaldigits'' => ''0'',\n  ''defaultvalue'' => '''',\n)', '', '-99', '-99', 0, 0, 0, 0, 0, 0, 0, 0, 55, 1, 0),
(127, 12, 1, 'username', '用户名', '', '', 0, 20, '', '', 'text', '', '', '', '', 1, 1, 0, 1, 0, 0, 0, 0, 98, 0, 0),
(128, 12, 1, 'islink', '转向链接', '', '', 0, 0, '', '', 'islink', '', '', '', '', 0, 1, 0, 1, 0, 1, 0, 0, 20, 1, 0),
(129, 13, 1, 'catid', '栏目', '', '', 1, 6, '/^[0-9]{1,6}$/', '请选择栏目', 'catid', 'array (\n  ''defaultvalue'' => '''',\n)', '', '-99', '-99', 0, 1, 0, 1, 1, 1, 0, 0, 1, 0, 0),
(130, 13, 1, 'typeid', '类别', '', '', 0, 0, '', '', 'typeid', 'array (\n  ''minnumber'' => '''',\n  ''defaultvalue'' => '''',\n)', '', '', '', 0, 1, 0, 1, 1, 1, 0, 0, 2, 0, 0),
(131, 13, 1, 'title', '标题', '', 'inputtitle', 1, 80, '', '请输入标题', 'title', '', '', '', '', 0, 1, 0, 1, 1, 1, 1, 1, 4, 0, 0),
(132, 13, 1, 'keywords', '关键词', '多关键词之间用空格或者“,”隔开', '', 0, 40, '', '', 'keyword', 'array (\r\n  ''size'' => ''100'',\r\n  ''defaultvalue'' => '''',\r\n)', '', '-99', '-99', 0, 1, 0, 1, 1, 1, 1, 0, 10, 0, 0),
(133, 13, 1, 'description', '摘要', '', '', 0, 255, '', '', 'textarea', 'array (\r\n  ''width'' => ''98'',\r\n  ''height'' => ''46'',\r\n  ''defaultvalue'' => '''',\r\n  ''enablehtml'' => ''0'',\r\n)', '', '', '', 0, 1, 0, 1, 0, 1, 1, 1, 11, 0, 0),
(134, 13, 1, 'updatetime', '更新时间', '', '', 0, 0, '', '', 'datetime', 'array (\r\n  ''dateformat'' => ''int'',\r\n  ''format'' => ''Y-m-d H:i:s'',\r\n  ''defaulttype'' => ''1'',\r\n  ''defaultvalue'' => '''',\r\n)', '', '', '', 1, 1, 0, 1, 0, 0, 0, 0, 12, 0, 0),
(135, 13, 1, 'content', '活动介绍', '<div class="content_attr"><label><input name="add_introduce" type="checkbox"  value="1" checked>是否截取内容</label><input type="text" name="introcude_length" value="200" size="3">字符至内容摘要\r\n<label><input type=''checkbox'' name=''auto_thumb'' value="1" checked>是否获取内容第</label><input type="text" name="auto_thumb_no" value="1" size="2" class="">张图片作为标题图片\r\n</div>', '', 1, 999999, '', '内容不能为空', 'editor', '{"toolbar":"full","defaultvalue":"","enablekeylink":"1","replacenum":"2","link_mode":"0","enablesaveimage":"1","height":"","disabled_page":"0"}', '', '', '', 0, 0, 0, 1, 0, 1, 1, 0, 13, 0, 0),
(136, 13, 1, 'thumb', '缩略图', '', '', 0, 100, '', '', 'image', 'array (\n  ''size'' => ''50'',\n  ''defaultvalue'' => '''',\n  ''show_type'' => ''1'',\n  ''upload_maxsize'' => ''1024'',\n  ''upload_allowext'' => ''jpg|jpeg|gif|png|bmp'',\n  ''watermark'' => ''0'',\n  ''isselectimage'' => ''1'',\n  ''images_width'' => '''',\n  ''images_height'' => '''',\n)', '', '', '', 0, 1, 0, 0, 0, 1, 0, 1, 14, 0, 0),
(137, 13, 1, 'relation', '相关文章', '', '', 0, 0, '', '', 'omnipotent', 'array (\n  ''formtext'' => ''<input type=\\''hidden\\'' name=\\''info[relation]\\'' id=\\''relation\\'' value=\\''{FIELD_VALUE}\\'' style=\\''50\\'' >\r\n<ul class="list-dot" id="relation_text"></ul>\r\n<div>\r\n<input type=\\''button\\'' value="添加相关" onclick="omnipotent(\\''selectid\\'',\\''?m=content&c=content&a=public_relationlist&modelid={MODELID}\\'',\\''添加相关文章\\'',1)" class="button" style="width:66px;">\r\n<span class="edit_content">\r\n<input type=\\''button\\'' value="显示已有" onclick="show_relation({MODELID},{ID})" class="button" style="width:66px;">\r\n</span>\r\n</div>'',\n  ''fieldtype'' => ''varchar'',\n  ''minnumber'' => ''1'',\n)', '', '2,6,4,5,1,17,18,7', '', 0, 0, 0, 0, 0, 0, 1, 0, 15, 0, 0),
(138, 13, 1, 'pages', '分页方式', '', '', 0, 0, '', '', 'pages', '', '', '-99', '-99', 0, 0, 0, 1, 0, 0, 0, 0, 16, 0, 0),
(139, 13, 1, 'inputtime', '发布时间', '', '', 0, 0, '', '', 'datetime', 'array (\n  ''fieldtype'' => ''int'',\n  ''format'' => ''Y-m-d H:i:s'',\n  ''defaulttype'' => ''0'',\n)', '', '', '', 0, 1, 0, 0, 0, 0, 0, 1, 17, 0, 0),
(140, 13, 1, 'posids', '推荐位', '', '', 0, 0, '', '', 'posid', 'array (\n  ''cols'' => ''4'',\n  ''width'' => ''125'',\n)', '', '', '', 0, 1, 0, 1, 0, 0, 0, 0, 18, 0, 0),
(141, 13, 1, 'groupids_view', '阅读权限', '', '', 0, 100, '', '', 'groupid', 'array (\n  ''groupids'' => '''',\n)', '', '', '', 0, 0, 0, 1, 0, 0, 0, 0, 19, 0, 0),
(142, 13, 1, 'url', 'URL', '', '', 0, 100, '', '', 'text', '', '', '', '', 1, 1, 0, 1, 0, 0, 0, 0, 50, 0, 0),
(143, 13, 1, 'listorder', '排序', '', '', 0, 6, '', '', 'number', '', '', '', '', 1, 1, 0, 1, 0, 0, 0, 0, 51, 0, 0),
(144, 13, 1, 'template', '内容页模板', '', '', 0, 30, '', '', 'template', 'array (\n  ''size'' => '''',\n  ''defaultvalue'' => '''',\n)', '', '-99', '-99', 0, 0, 0, 0, 0, 0, 0, 0, 53, 0, 0),
(145, 13, 1, 'allow_comment', '允许评论', '', '', 0, 0, '', '', 'box', 'array (\n  ''options'' => ''允许评论|1\r\n不允许评论|0'',\n  ''boxtype'' => ''radio'',\n  ''fieldtype'' => ''tinyint'',\n  ''minnumber'' => ''1'',\n  ''width'' => ''88'',\n  ''size'' => ''1'',\n  ''defaultvalue'' => ''1'',\n  ''outputtype'' => ''0'',\n)', '', '', '', 0, 0, 0, 0, 0, 0, 0, 0, 54, 0, 0),
(146, 13, 1, 'status', '状态', '', '', 0, 2, '', '', 'box', '', '', '', '', 1, 1, 0, 1, 0, 0, 0, 0, 55, 0, 0),
(147, 13, 1, 'readpoint', '阅读收费', '', '', 0, 5, '', '', 'readpoint', 'array (\n  ''minnumber'' => ''1'',\n  ''maxnumber'' => ''99999'',\n  ''decimaldigits'' => ''0'',\n  ''defaultvalue'' => '''',\n)', '', '-99', '-99', 0, 0, 0, 0, 0, 0, 0, 0, 55, 0, 0),
(148, 13, 1, 'username', '用户名', '', '', 0, 20, '', '', 'text', '', '', '', '', 1, 1, 0, 1, 0, 0, 0, 0, 98, 0, 0),
(149, 13, 1, 'islink', '转向链接', '', '', 0, 0, '', '', 'islink', '', '', '', '', 0, 1, 0, 1, 0, 1, 0, 0, 20, 0, 0),
(150, 1, 1, 'video', '视界视频地址', '视界视频地址', '', 0, 200, '', '', 'text', '{"size":"50","defaultvalue":"","ispassword":"0"}', '', '', '', 0, 0, 0, 1, 0, 1, 0, 0, 99, 0, 0),
(151, 13, 1, 'start_time', '活动开始时间', '', '', 0, 0, '', '', 'datetime', '{"fieldtype":"int","format":"Y-m-d H:i:s","defaulttype":"0"}', '', '', '', 0, 0, 0, 1, 0, 1, 0, 0, 5, 0, 0),
(152, 13, 1, 'end_time', '活动结束时间', '', '', 0, 0, '', '', 'datetime', '{"fieldtype":"int","format":"Y-m-d H:i:s","defaulttype":"0"}', '', '', '', 0, 0, 0, 1, 0, 1, 0, 0, 6, 0, 0),
(153, 13, 1, 'signup_end_time', '报名截止时间', '', '', 0, 0, '', '', 'datetime', '{"fieldtype":"int","format":"Y-m-d H:i:s","defaulttype":"0"}', '', '', '', 0, 0, 0, 1, 0, 1, 0, 0, 7, 0, 0),
(154, 13, 1, 'xiwei', '席位', '', '', 0, 0, '', '', 'number', '{"minnumber":"1","maxnumber":"","decimaldigits":"0","defaultvalue":"","rangetype":"0"}', '', '', '', 0, 0, 0, 1, 0, 1, 0, 0, 8, 0, 0),
(155, 13, 1, 'limit', '单次获取最大席位', '', '', 0, 0, '', '', 'number', '{"minnumber":"1","maxnumber":"100","decimaldigits":"0","defaultvalue":"","rangetype":"0"}', '', '', '', 0, 0, 0, 1, 0, 1, 0, 0, 9, 0, 0),
(156, 13, 1, 'review', '活动回顾', '', '', 0, 0, '', '', 'editor', '{"toolbar":"full","defaultvalue":"","enablekeylink":"0","replacenum":"1","link_mode":"0","enablesaveimage":"0","height":"200"}', '', '', '', 0, 0, 0, 1, 0, 1, 1, 0, 15, 0, 0),
(161, 13, 1, 'address', '活动地点', '请输入活动地点', '', 0, 0, '', '', 'text', '{"size":"50","defaultvalue":"","ispassword":"0"}', '', '', '', 0, 0, 0, 1, 0, 1, 1, 0, 0, 0, 0),
(157, 13, 1, 'image1', '图片1', '', '', 0, 100, '', '', 'image', '{"size":"50","defaultvalue":"","show_type":"1","upload_allowext":"gif|jpg|jpeg|png|bmp","watermark":"0","isselectimage":"1","images_width":"","images_height":""}', '', '', '', 0, 0, 0, 1, 0, 1, 0, 0, 0, 0, 0),
(158, 13, 1, 'image2', '图片2', '', '', 0, 100, '', '', 'image', '{"size":"50","defaultvalue":"","show_type":"0","upload_allowext":"gif|jpg|jpeg|png|bmp","watermark":"0","isselectimage":"1","images_width":"","images_height":""}', '', '', '', 0, 0, 0, 1, 0, 1, 0, 0, 0, 0, 0),
(159, 13, 1, 'image3', '图片3', '', '', 0, 100, '', '', 'image', '{"size":"50","defaultvalue":"","show_type":"0","upload_allowext":"gif|jpg|jpeg|png|bmp","watermark":"0","isselectimage":"1","images_width":"","images_height":""}', '', '', '', 0, 0, 0, 1, 0, 1, 0, 0, 0, 0, 0),
(160, 1, 1, 'author', '作者', '', '', 0, 100, '', '', 'text', '{"size":"50","defaultvalue":"\\u7cbe\\u82f1\\u70b9\\u8bc4","ispassword":"0"}', '', '', '', 0, 0, 0, 1, 0, 1, 1, 0, 0, 0, 0),
(162, 14, 1, 'catid', '栏目', '', '', 1, 6, '/^[0-9]{1,6}$/', '请选择栏目', 'catid', 'array (\n  ''defaultvalue'' => '''',\n)', '', '-99', '-99', 0, 1, 0, 1, 1, 1, 0, 0, 1, 0, 0),
(163, 14, 1, 'typeid', '类别', '', '', 0, 0, '', '', 'typeid', 'array (\n  ''minnumber'' => '''',\n  ''defaultvalue'' => '''',\n)', '', '', '', 0, 1, 0, 1, 1, 1, 0, 0, 2, 0, 0),
(164, 14, 1, 'title', '标题', '', 'inputtitle', 1, 80, '', '请输入标题', 'title', '', '', '', '', 0, 1, 0, 1, 1, 1, 1, 1, 4, 0, 0),
(165, 14, 1, 'keywords', '关键词', '多关键词之间用空格或者“,”隔开', '', 0, 40, '', '', 'keyword', 'array (\r\n  ''size'' => ''100'',\r\n  ''defaultvalue'' => '''',\r\n)', '', '-99', '-99', 0, 1, 0, 1, 1, 1, 1, 0, 7, 1, 0),
(166, 14, 1, 'description', '摘要', '', '', 0, 255, '', '', 'textarea', 'array (\r\n  ''width'' => ''98'',\r\n  ''height'' => ''46'',\r\n  ''defaultvalue'' => '''',\r\n  ''enablehtml'' => ''0'',\r\n)', '', '', '', 0, 1, 0, 1, 0, 1, 1, 1, 10, 1, 0),
(167, 14, 1, 'updatetime', '更新时间', '', '', 0, 0, '', '', 'datetime', 'array (\r\n  ''dateformat'' => ''int'',\r\n  ''format'' => ''Y-m-d H:i:s'',\r\n  ''defaulttype'' => ''1'',\r\n  ''defaultvalue'' => '''',\r\n)', '', '', '', 1, 1, 0, 1, 0, 0, 0, 0, 12, 0, 0),
(168, 14, 1, 'content', '内容', '<div class="content_attr"><label><input name="add_introduce" type="checkbox"  value="1" checked>是否截取内容</label><input type="text" name="introcude_length" value="200" size="3">字符至内容摘要\r\n<label><input type=''checkbox'' name=''auto_thumb'' value="1" checked>是否获取内容第</label><input type="text" name="auto_thumb_no" value="1" size="2" class="">张图片作为标题图片\r\n</div>', '', 1, 999999, '', '内容不能为空', 'editor', 'array (\n  ''toolbar'' => ''full'',\n  ''defaultvalue'' => '''',\n  ''enablekeylink'' => ''1'',\n  ''replacenum'' => ''2'',\n  ''link_mode'' => ''0'',\n  ''enablesaveimage'' => ''1'',\n)', '', '', '', 0, 0, 0, 1, 0, 1, 1, 0, 13, 0, 0),
(169, 14, 1, 'thumb', '缩略图', '', '', 0, 100, '', '', 'image', 'array (\n  ''size'' => ''50'',\n  ''defaultvalue'' => '''',\n  ''show_type'' => ''1'',\n  ''upload_maxsize'' => ''1024'',\n  ''upload_allowext'' => ''jpg|jpeg|gif|png|bmp'',\n  ''watermark'' => ''0'',\n  ''isselectimage'' => ''1'',\n  ''images_width'' => '''',\n  ''images_height'' => '''',\n)', '', '', '', 0, 1, 0, 0, 0, 1, 0, 1, 14, 0, 0),
(170, 14, 1, 'relation', '相关文章', '', '', 0, 0, '', '', 'omnipotent', 'array (\n  ''formtext'' => ''<input type=\\''hidden\\'' name=\\''info[relation]\\'' id=\\''relation\\'' value=\\''{FIELD_VALUE}\\'' style=\\''50\\'' >\r\n<ul class="list-dot" id="relation_text"></ul>\r\n<div>\r\n<input type=\\''button\\'' value="添加相关" onclick="omnipotent(\\''selectid\\'',\\''?m=content&c=content&a=public_relationlist&modelid={MODELID}\\'',\\''添加相关文章\\'',1)" class="button" style="width:66px;">\r\n<span class="edit_content">\r\n<input type=\\''button\\'' value="显示已有" onclick="show_relation({MODELID},{ID})" class="button" style="width:66px;">\r\n</span>\r\n</div>'',\n  ''fieldtype'' => ''varchar'',\n  ''minnumber'' => ''1'',\n)', '', '2,6,4,5,1,17,18,7', '', 0, 0, 0, 0, 0, 0, 1, 0, 15, 0, 0),
(171, 14, 1, 'pages', '分页方式', '', '', 0, 0, '', '', 'pages', '', '', '-99', '-99', 0, 0, 0, 1, 0, 0, 0, 0, 16, 0, 0),
(172, 14, 1, 'inputtime', '发布时间', '', '', 0, 0, '', '', 'datetime', 'array (\n  ''fieldtype'' => ''int'',\n  ''format'' => ''Y-m-d H:i:s'',\n  ''defaulttype'' => ''0'',\n)', '', '', '', 0, 1, 0, 0, 0, 0, 0, 1, 17, 0, 0),
(173, 14, 1, 'posids', '推荐位', '', '', 0, 0, '', '', 'posid', 'array (\n  ''cols'' => ''4'',\n  ''width'' => ''125'',\n)', '', '', '', 0, 1, 0, 1, 0, 0, 0, 0, 18, 1, 0),
(174, 14, 1, 'groupids_view', '阅读权限', '', '', 0, 100, '', '', 'groupid', 'array (\n  ''groupids'' => '''',\n)', '', '', '', 0, 0, 0, 1, 0, 0, 0, 0, 19, 1, 0),
(175, 14, 1, 'url', 'URL', '', '', 0, 100, '', '', 'text', '', '', '', '', 1, 1, 0, 1, 0, 0, 0, 0, 50, 0, 0),
(176, 14, 1, 'listorder', '排序', '', '', 0, 6, '', '', 'number', '', '', '', '', 1, 1, 0, 1, 0, 0, 0, 0, 51, 0, 0),
(177, 14, 1, 'template', '内容页模板', '', '', 0, 30, '', '', 'template', 'array (\n  ''size'' => '''',\n  ''defaultvalue'' => '''',\n)', '', '-99', '-99', 0, 0, 0, 0, 0, 0, 0, 0, 53, 0, 0),
(178, 14, 1, 'allow_comment', '允许评论', '', '', 0, 0, '', '', 'box', 'array (\n  ''options'' => ''允许评论|1\r\n不允许评论|0'',\n  ''boxtype'' => ''radio'',\n  ''fieldtype'' => ''tinyint'',\n  ''minnumber'' => ''1'',\n  ''width'' => ''88'',\n  ''size'' => ''1'',\n  ''defaultvalue'' => ''1'',\n  ''outputtype'' => ''0'',\n)', '', '', '', 0, 0, 0, 0, 0, 0, 0, 0, 54, 0, 0),
(179, 14, 1, 'status', '状态', '', '', 0, 2, '', '', 'box', '', '', '', '', 1, 1, 0, 1, 0, 0, 0, 0, 55, 0, 0),
(180, 14, 1, 'readpoint', '阅读收费', '', '', 0, 5, '', '', 'readpoint', 'array (\n  ''minnumber'' => ''1'',\n  ''maxnumber'' => ''99999'',\n  ''decimaldigits'' => ''0'',\n  ''defaultvalue'' => '''',\n)', '', '-99', '-99', 0, 0, 0, 0, 0, 0, 0, 0, 55, 1, 0),
(181, 14, 1, 'username', '用户名', '', '', 0, 20, '', '', 'text', '', '', '', '', 1, 1, 0, 1, 0, 0, 0, 0, 98, 0, 0),
(182, 14, 1, 'islink', '转向链接', '', '', 0, 0, '', '', 'islink', '', '', '', '', 0, 1, 0, 1, 0, 1, 0, 0, 20, 1, 0),
(183, 14, 1, 'image', '相册', '', '', 0, 0, '', '', 'images', '{"upload_allowext":"gif|jpg|jpeg|png|bmp","isselectimage":"0","upload_number":"3"}', '', '', '', 0, 0, 0, 1, 0, 1, 0, 0, 11, 0, 0),
(194, 14, 1, 'stock', '库存', '', '', 0, 0, '', '', 'number', '{"minnumber":"1","maxnumber":"","decimaldigits":"0","defaultvalue":"","rangetype":"0"}', '', '', '', 0, 0, 0, 1, 0, 1, 0, 0, 7, 0, 0),
(193, 14, 1, 'price', '价格', '', '', 0, 0, '', '', 'number', '{"minnumber":"1","maxnumber":"","decimaldigits":"0","defaultvalue":"","rangetype":"0"}', '', '', '', 0, 0, 0, 1, 0, 1, 0, 0, 7, 0, 0),
(192, 14, 1, 'is_heijingbi', '黑精币商品', '', '', 0, 0, '', '', 'box', '{"options":"\\u5426|0\\r\\n\\u662f|1","boxtype":"radio","fieldtype":"tinyint","minnumber":"1","width":"80","size":"1","defaultvalue":"0","outputtype":"1","filtertype":"0"}', '', '', '', 0, 0, 0, 1, 0, 1, 0, 0, 5, 0, 0),
(188, 12, 1, 'album', '相册', '', '', 0, 0, '', '', 'images', '{"upload_allowext":"gif|jpg|jpeg|png|bmp","isselectimage":"0","upload_number":"3"}', '', '', '', 0, 0, 0, 1, 0, 1, 0, 0, 5, 0, 0),
(189, 12, 1, 'renjun', '人均', '', '', 0, 0, '', '', 'number', '{"minnumber":"0","maxnumber":"","decimaldigits":"-1","defaultvalue":"","rangetype":"0"}', '', '', '', 0, 0, 0, 1, 0, 1, 0, 0, 6, 0, 0),
(190, 12, 1, 'recommend', '推荐指数', '', '', 0, 0, '', '', 'number', '{"minnumber":"1","maxnumber":"10","decimaldigits":"1","defaultvalue":"0","rangetype":"0"}', '', '', '', 0, 0, 0, 1, 0, 1, 0, 0, 7, 0, 0),
(191, 12, 1, 'map', '地图', '', '', 0, 0, '', '', 'map', '{"maptype":"2","api_key":"","defaultcity":"\\u5357\\u660c","hotcitys":"","width":"","height":""}', '', '', '', 0, 0, 0, 1, 0, 1, 0, 0, 8, 0, 0),
(195, 14, 1, 'goods_url', '商品链接', '', '', 0, 0, '', '', 'text', '{"size":"50","defaultvalue":"","ispassword":"0"}', '', '', '', 0, 0, 0, 1, 0, 1, 1, 0, 6, 0, 0),
(196, 15, 1, 'catid', '栏目', '', '', 1, 6, '/^[0-9]{1,6}$/', '请选择栏目', 'catid', 'array (\n  ''defaultvalue'' => '''',\n)', '', '-99', '-99', 0, 1, 0, 1, 1, 1, 0, 0, 1, 0, 0),
(197, 15, 1, 'typeid', '类别', '', '', 0, 0, '', '', 'typeid', 'array (\n  ''minnumber'' => '''',\n  ''defaultvalue'' => '''',\n)', '', '', '', 0, 1, 0, 1, 1, 1, 0, 0, 2, 1, 0),
(198, 15, 1, 'title', '标题', '', 'inputtitle', 1, 80, '', '请输入标题', 'title', '', '', '', '', 0, 1, 0, 1, 1, 1, 1, 1, 4, 0, 0),
(199, 15, 1, 'keywords', '关键词', '多关键词之间用空格或者“,”隔开', '', 0, 40, '', '', 'keyword', 'array (\r\n  ''size'' => ''100'',\r\n  ''defaultvalue'' => '''',\r\n)', '', '-99', '-99', 0, 1, 0, 1, 1, 1, 1, 0, 7, 1, 0),
(200, 15, 1, 'description', '摘要', '', '', 0, 255, '', '', 'textarea', 'array (\r\n  ''width'' => ''98'',\r\n  ''height'' => ''46'',\r\n  ''defaultvalue'' => '''',\r\n  ''enablehtml'' => ''0'',\r\n)', '', '', '', 0, 1, 0, 1, 0, 1, 1, 1, 10, 1, 0),
(201, 15, 1, 'updatetime', '更新时间', '', '', 0, 0, '', '', 'datetime', 'array (\r\n  ''dateformat'' => ''int'',\r\n  ''format'' => ''Y-m-d H:i:s'',\r\n  ''defaulttype'' => ''1'',\r\n  ''defaultvalue'' => '''',\r\n)', '', '', '', 1, 1, 0, 1, 0, 0, 0, 0, 12, 0, 0);
INSERT INTO `jydp_model_field` (`fieldid`, `modelid`, `siteid`, `field`, `name`, `tips`, `css`, `minlength`, `maxlength`, `pattern`, `errortips`, `formtype`, `setting`, `formattribute`, `unsetgroupids`, `unsetroleids`, `iscore`, `issystem`, `isunique`, `isbase`, `issearch`, `isadd`, `isfulltext`, `isposition`, `listorder`, `disabled`, `isomnipotent`) VALUES
(202, 15, 1, 'content', '内容', '<div class="content_attr"><label><input name="add_introduce" type="checkbox"  value="1" checked>是否截取内容</label><input type="text" name="introcude_length" value="200" size="3">字符至内容摘要\r\n<label><input type=''checkbox'' name=''auto_thumb'' value="1" checked>是否获取内容第</label><input type="text" name="auto_thumb_no" value="1" size="2" class="">张图片作为标题图片\r\n</div>', '', 1, 999999, '', '内容不能为空', 'editor', 'array (\n  ''toolbar'' => ''full'',\n  ''defaultvalue'' => '''',\n  ''enablekeylink'' => ''1'',\n  ''replacenum'' => ''2'',\n  ''link_mode'' => ''0'',\n  ''enablesaveimage'' => ''1'',\n)', '', '', '', 0, 0, 0, 1, 0, 1, 1, 0, 13, 1, 0),
(203, 15, 1, 'thumb', '缩略图', '', '', 0, 100, '', '', 'image', '{"size":"50","defaultvalue":"","show_type":"1","upload_maxsize":"1024","upload_allowext":"jpg|jpeg|gif|png|bmp","watermark":"0","isselectimage":"1","images_width":"","images_height":""}', '', '', '', 0, 1, 0, 1, 0, 1, 0, 1, 5, 0, 0),
(204, 15, 1, 'relation', '相关文章', '', '', 0, 0, '', '', 'omnipotent', 'array (\n  ''formtext'' => ''<input type=\\''hidden\\'' name=\\''info[relation]\\'' id=\\''relation\\'' value=\\''{FIELD_VALUE}\\'' style=\\''50\\'' >\r\n<ul class="list-dot" id="relation_text"></ul>\r\n<div>\r\n<input type=\\''button\\'' value="添加相关" onclick="omnipotent(\\''selectid\\'',\\''?m=content&c=content&a=public_relationlist&modelid={MODELID}\\'',\\''添加相关文章\\'',1)" class="button" style="width:66px;">\r\n<span class="edit_content">\r\n<input type=\\''button\\'' value="显示已有" onclick="show_relation({MODELID},{ID})" class="button" style="width:66px;">\r\n</span>\r\n</div>'',\n  ''fieldtype'' => ''varchar'',\n  ''minnumber'' => ''1'',\n)', '', '2,6,4,5,1,17,18,7', '', 0, 0, 0, 0, 0, 0, 1, 0, 15, 1, 0),
(205, 15, 1, 'pages', '分页方式', '', '', 0, 0, '', '', 'pages', '', '', '-99', '-99', 0, 0, 0, 1, 0, 0, 0, 0, 16, 0, 0),
(206, 15, 1, 'inputtime', '发布时间', '', '', 0, 0, '', '', 'datetime', 'array (\n  ''fieldtype'' => ''int'',\n  ''format'' => ''Y-m-d H:i:s'',\n  ''defaulttype'' => ''0'',\n)', '', '', '', 0, 1, 0, 0, 0, 0, 0, 1, 17, 0, 0),
(207, 15, 1, 'posids', '推荐位', '', '', 0, 0, '', '', 'posid', 'array (\n  ''cols'' => ''4'',\n  ''width'' => ''125'',\n)', '', '', '', 0, 1, 0, 1, 0, 0, 0, 0, 18, 1, 0),
(208, 15, 1, 'groupids_view', '阅读权限', '', '', 0, 100, '', '', 'groupid', 'array (\n  ''groupids'' => '''',\n)', '', '', '', 0, 0, 0, 1, 0, 0, 0, 0, 19, 1, 0),
(209, 15, 1, 'url', 'URL', '', '', 0, 100, '', '', 'text', '', '', '', '', 1, 1, 0, 1, 0, 0, 0, 0, 50, 0, 0),
(210, 15, 1, 'listorder', '排序', '', '', 0, 6, '', '', 'number', '', '', '', '', 1, 1, 0, 1, 0, 0, 0, 0, 51, 0, 0),
(211, 15, 1, 'template', '内容页模板', '', '', 0, 30, '', '', 'template', 'array (\n  ''size'' => '''',\n  ''defaultvalue'' => '''',\n)', '', '-99', '-99', 0, 0, 0, 0, 0, 0, 0, 0, 53, 0, 0),
(212, 15, 1, 'allow_comment', '允许评论', '', '', 0, 0, '', '', 'box', 'array (\n  ''options'' => ''允许评论|1\r\n不允许评论|0'',\n  ''boxtype'' => ''radio'',\n  ''fieldtype'' => ''tinyint'',\n  ''minnumber'' => ''1'',\n  ''width'' => ''88'',\n  ''size'' => ''1'',\n  ''defaultvalue'' => ''1'',\n  ''outputtype'' => ''0'',\n)', '', '', '', 0, 0, 0, 0, 0, 0, 0, 0, 54, 1, 0),
(213, 15, 1, 'status', '状态', '', '', 0, 2, '', '', 'box', '', '', '', '', 1, 1, 0, 1, 0, 0, 0, 0, 55, 0, 0),
(214, 15, 1, 'readpoint', '阅读收费', '', '', 0, 5, '', '', 'readpoint', 'array (\n  ''minnumber'' => ''1'',\n  ''maxnumber'' => ''99999'',\n  ''decimaldigits'' => ''0'',\n  ''defaultvalue'' => '''',\n)', '', '-99', '-99', 0, 0, 0, 0, 0, 0, 0, 0, 55, 1, 0),
(215, 15, 1, 'username', '用户名', '', '', 0, 20, '', '', 'text', '', '', '', '', 1, 1, 0, 1, 0, 0, 0, 0, 98, 0, 0),
(216, 15, 1, 'islink', '转向链接', '', '', 0, 0, '', '', 'islink', '', '', '', '', 0, 1, 0, 1, 0, 1, 0, 0, 20, 1, 0),
(217, 15, 1, 'zhibo_url', '直播url', '', '', 0, 0, '', '', 'text', '{"size":"50","defaultvalue":"","ispassword":"0"}', '', '', '', 0, 1, 0, 1, 0, 1, 1, 0, 4, 0, 0);

-- --------------------------------------------------------

--
-- 表的结构 `jydp_module`
--

CREATE TABLE IF NOT EXISTS `jydp_module` (
  `module` varchar(15) NOT NULL,
  `name` varchar(20) NOT NULL,
  `url` varchar(50) NOT NULL,
  `iscore` tinyint(1) unsigned NOT NULL DEFAULT '0',
  `version` varchar(50) NOT NULL DEFAULT '',
  `description` varchar(255) NOT NULL,
  `setting` mediumtext NOT NULL,
  `listorder` tinyint(3) unsigned NOT NULL DEFAULT '0',
  `disabled` tinyint(1) unsigned NOT NULL DEFAULT '0',
  `installdate` date NOT NULL DEFAULT '0000-00-00',
  `updatedate` date NOT NULL DEFAULT '0000-00-00',
  PRIMARY KEY (`module`)
) ENGINE=MyISAM DEFAULT CHARSET=utf8 ROW_FORMAT=DYNAMIC;

--
-- 转存表中的数据 `jydp_module`
--

INSERT INTO `jydp_module` (`module`, `name`, `url`, `iscore`, `version`, `description`, `setting`, `listorder`, `disabled`, `installdate`, `updatedate`) VALUES
('wap', '手机门户', 'wap/', 0, '1.0', '手机门户', '', 0, 0, '2017-04-21', '2017-04-21'),
('admin', 'admin', '', 1, '1.0', '', 'array (\n  ''admin_email'' => ''phpcms@phpcms.cn'',\n  ''adminaccessip'' => ''0'',\n  ''maxloginfailedtimes'' => ''8'',\n  ''maxiplockedtime'' => ''15'',\n  ''minrefreshtime'' => ''2'',\n  ''mail_type'' => ''1'',\n  ''mail_server'' => ''smtp.qq.com'',\n  ''mail_port'' => ''25'',\n  ''mail_user'' => ''phpcms.cn@foxmail.com'',\n  ''mail_auth'' => ''1'',\n  ''mail_from'' => ''phpcms.cn@foxmail.com'',\n  ''mail_password'' => '''',\n  ''errorlog_size'' => ''20'',\n)', 0, 0, '2010-10-18', '2010-10-18'),
('block', '碎片', '', 1, '1.0', '', '', 0, 0, '2010-09-01', '2010-09-06'),
('content', '内容模块', '', 1, '1.0', '', '', 0, 0, '2010-09-06', '2010-09-06'),
('digg', '顶一下', '', 0, '1.0', '', '', 0, 0, '2010-09-06', '2010-09-06'),
('scan', '木马扫描', 'scan', 0, '1.0', '', '', 0, 0, '2010-09-01', '2010-09-06'),
('sms', '短信平台', 'sms/', 0, '1.0', '短信平台', '', 0, 0, '2011-09-02', '2011-09-02'),
('collection', '采集模块', 'collection', 1, '1.0', '', '', 0, 0, '2010-09-01', '2010-09-06'),
('link', '友情链接', '', 0, '1.0', '', 'array (\n  1 => \n  array (\n    ''is_post'' => ''1'',\n    ''enablecheckcode'' => ''0'',\n  ),\n)', 0, 0, '2010-09-06', '2010-09-06'),
('member', '会员', '', 1, '1.0', '', 'array (\n  ''allowregister'' => ''1'',\n  ''choosemodel'' => ''1'',\n  ''enablemailcheck'' => ''0'',\n  ''registerverify'' => ''0'',\n  ''showapppoint'' => ''0'',\n  ''rmb_point_rate'' => ''10'',\n  ''defualtpoint'' => ''0'',\n  ''defualtamount'' => ''0'',\n  ''showregprotocol'' => ''0'',\n  ''regprotocol'' => ''		 欢迎您注册成为phpcms用户\r\n请仔细阅读下面的协议，只有接受协议才能继续进行注册。 \r\n1．服务条款的确认和接纳\r\n　　phpcms用户服务的所有权和运作权归phpcms拥有。phpcms所提供的服务将按照有关章程、服务条款和操作规则严格执行。用户通过注册程序点击“我同意” 按钮，即表示用户与phpcms达成协议并接受所有的服务条款。\r\n2． phpcms服务简介\r\n　　phpcms通过国际互联网为用户提供新闻及文章浏览、图片浏览、软件下载、网上留言和BBS论坛等服务。\r\n　　用户必须： \r\n　　1)购置设备，包括个人电脑一台、调制解调器一个及配备上网装置。 \r\n　　2)个人上网和支付与此服务有关的电话费用、网络费用。\r\n　　用户同意： \r\n　　1)提供及时、详尽及准确的个人资料。 \r\n　　2)不断更新注册资料，符合及时、详尽、准确的要求。所有原始键入的资料将引用为注册资料。 \r\n　　3)用户同意遵守《中华人民共和国保守国家秘密法》、《中华人民共和国计算机信息系统安全保护条例》、《计算机软件保护条例》等有关计算机及互联网规定的法律和法规、实施办法。在任何情况下，phpcms合理地认为用户的行为可能违反上述法律、法规，phpcms可以在任何时候，不经事先通知终止向该用户提供服务。用户应了解国际互联网的无国界性，应特别注意遵守当地所有有关的法律和法规。\r\n3． 服务条款的修改\r\n　　phpcms会不定时地修改服务条款，服务条款一旦发生变动，将会在相关页面上提示修改内容。如果您同意改动，则再一次点击“我同意”按钮。 如果您不接受，则及时取消您的用户使用服务资格。\r\n4． 服务修订\r\n　　phpcms保留随时修改或中断服务而不需知照用户的权利。phpcms行使修改或中断服务的权利，不需对用户或第三方负责。\r\n5． 用户隐私制度\r\n　　尊重用户个人隐私是phpcms的 基本政策。phpcms不会公开、编辑或透露用户的注册信息，除非有法律许可要求，或phpcms在诚信的基础上认为透露这些信息在以下三种情况是必要的： \r\n　　1)遵守有关法律规定，遵从合法服务程序。 \r\n　　2)保持维护phpcms的商标所有权。 \r\n　　3)在紧急情况下竭力维护用户个人和社会大众的隐私安全。 \r\n　　4)符合其他相关的要求。 \r\n6．用户的帐号，密码和安全性\r\n　　一旦注册成功成为phpcms用户，您将得到一个密码和帐号。如果您不保管好自己的帐号和密码安全，将对因此产生的后果负全部责任。另外，每个用户都要对其帐户中的所有活动和事件负全责。您可随时根据指示改变您的密码，也可以结束旧的帐户重开一个新帐户。用户同意若发现任何非法使用用户帐号或安全漏洞的情况，立即通知phpcms。\r\n7． 免责条款\r\n　　用户明确同意网站服务的使用由用户个人承担风险。 　　 \r\n　　phpcms不作任何类型的担保，不担保服务一定能满足用户的要求，也不担保服务不会受中断，对服务的及时性，安全性，出错发生都不作担保。用户理解并接受：任何通过phpcms服务取得的信息资料的可靠性取决于用户自己，用户自己承担所有风险和责任。 \r\n8．有限责任\r\n　　phpcms对任何直接、间接、偶然、特殊及继起的损害不负责任。\r\n9． 不提供零售和商业性服务 \r\n　　用户使用网站服务的权利是个人的。用户只能是一个单独的个体而不能是一个公司或实体商业性组织。用户承诺不经phpcms同意，不能利用网站服务进行销售或其他商业用途。\r\n10．用户责任 \r\n　　用户单独承担传输内容的责任。用户必须遵循： \r\n　　1)从中国境内向外传输技术性资料时必须符合中国有关法规。 \r\n　　2)使用网站服务不作非法用途。 \r\n　　3)不干扰或混乱网络服务。 \r\n　　4)不在论坛BBS或留言簿发表任何与政治相关的信息。 \r\n　　5)遵守所有使用网站服务的网络协议、规定、程序和惯例。\r\n　　6)不得利用本站危害国家安全、泄露国家秘密，不得侵犯国家社会集体的和公民的合法权益。\r\n　　7)不得利用本站制作、复制和传播下列信息： \r\n　　　1、煽动抗拒、破坏宪法和法律、行政法规实施的；\r\n　　　2、煽动颠覆国家政权，推翻社会主义制度的；\r\n　　　3、煽动分裂国家、破坏国家统一的；\r\n　　　4、煽动民族仇恨、民族歧视，破坏民族团结的；\r\n　　　5、捏造或者歪曲事实，散布谣言，扰乱社会秩序的；\r\n　　　6、宣扬封建迷信、淫秽、色情、赌博、暴力、凶杀、恐怖、教唆犯罪的；\r\n　　　7、公然侮辱他人或者捏造事实诽谤他人的，或者进行其他恶意攻击的；\r\n　　　8、损害国家机关信誉的；\r\n　　　9、其他违反宪法和法律行政法规的；\r\n　　　10、进行商业广告行为的。\r\n　　用户不能传输任何教唆他人构成犯罪行为的资料；不能传输长国内不利条件和涉及国家安全的资料；不能传输任何不符合当地法规、国家法律和国际法 律的资料。未经许可而非法进入其它电脑系统是禁止的。若用户的行为不符合以上的条款，phpcms将取消用户服务帐号。\r\n11．网站内容的所有权\r\n　　phpcms定义的内容包括：文字、软件、声音、相片、录象、图表；在广告中全部内容；电子邮件的全部内容；phpcms为用户提供的商业信息。所有这些内容受版权、商标、标签和其它财产所有权法律的保护。所以，用户只能在phpcms和广告商授权下才能使用这些内容，而不能擅自复制、篡改这些内容、或创造与内容有关的派生产品。\r\n12．附加信息服务\r\n　　用户在享用phpcms提供的免费服务的同时，同意接受phpcms提供的各类附加信息服务。\r\n13．解释权\r\n　　本注册协议的解释权归phpcms所有。如果其中有任何条款与国家的有关法律相抵触，则以国家法律的明文规定为准。 '',\n  ''registerverifymessage'' => '' 欢迎您注册成为phpcms用户，您的账号需要邮箱认证，点击下面链接进行认证：{click}\r\n或者将网址复制到浏览器：{url}'',\n  ''forgetpassword'' => '' phpcms密码找回，请在一小时内点击下面链接进行操作：{click}\r\n或者将网址复制到浏览器：{url}'',\n)', 0, 0, '2010-09-06', '2010-09-06'),
('tag', '标签向导', 'tag/', 0, '1.0', '标签向导', '', 0, 0, '2017-04-21', '2017-04-21'),
('template', '模板风格', '', 1, '1.0', '', '', 0, 0, '2010-09-01', '2010-09-06'),
('vote', '投票', '', 0, '1.0', '', 'array (\r\n  1 => \r\n  array (\r\n    ''default_style'' => ''default'',\r\n    ''vote_tp_template'' => ''vote_tp'',\r\n    ''allowguest'' => ''1'',\r\n    ''enabled'' => ''1'',\r\n    ''interval'' => ''1'',\r\n    ''credit'' => ''1'',\r\n  ),\r\n)', 0, 0, '2010-09-06', '2010-09-06'),
('comment', '评论', 'comment/', 0, '1.0', '评论', '', 0, 0, '2017-04-21', '2017-04-21'),
('dbsource', '数据源', '', 1, '', '', '', 0, 0, '2010-09-01', '2010-09-06'),
('message', '短消息', '', 0, '1.0', '', '', 0, 0, '2010-09-06', '2010-09-06'),
('mood', '新闻心情', 'mood/', 0, '1.0', '新闻心情', '', 0, 0, '2017-04-21', '2017-04-21'),
('poster', '广告模块', 'poster/', 0, '1.0', '广告模块', '', 0, 0, '2017-04-21', '2017-04-21'),
('release', '发布点', '', 1, '1.0', '', '', 0, 0, '2010-09-01', '2010-09-06'),
('special', '专题', '', 0, '1.0', '', '', 0, 0, '2010-09-06', '2010-09-06'),
('video', '视频库', '', 0, '1.0', '', '', 0, 0, '2012-09-28', '2012-09-28'),
('formguide', '表单向导', 'formguide/', 0, '1.0', 'formguide', 'array (\n  ''allowmultisubmit'' => ''1'',\n  ''interval'' => ''30'',\n  ''allowunreg'' => ''0'',\n  ''mailmessage'' => ''用户向我们提交了表单数据，赶快去看看吧。'',\n)', 0, 0, '2010-10-20', '2010-10-20'),
('pay', '支付', '', 1, '1.0', '', '', 0, 0, '2010-09-06', '2010-09-06'),
('search', '全站搜索', '', 0, '1.0', '', 'array (\n  ''fulltextenble'' => ''1'',\n  ''relationenble'' => ''1'',\n  ''suggestenable'' => ''1'',\n  ''sphinxenable'' => ''0'',\n  ''sphinxhost'' => ''10.228.134.102'',\n  ''sphinxport'' => ''9312'',\n)', 0, 0, '2010-09-06', '2010-09-06'),
('upgrade', '在线升级', '', 0, '1.0', '', '', 0, 0, '2011-05-18', '2011-05-18'),
('announce', '公告', 'announce/', 0, '1.0', '公告', '', 0, 0, '2017-04-21', '2017-04-21'),
('attachment', '附件', 'attachment', 1, '1.0', '', '', 0, 0, '2010-09-01', '2010-09-06');

-- --------------------------------------------------------

--
-- 表的结构 `jydp_mood`
--

CREATE TABLE IF NOT EXISTS `jydp_mood` (
  `id` int(10) unsigned NOT NULL AUTO_INCREMENT,
  `catid` int(10) unsigned NOT NULL DEFAULT '0' COMMENT '栏目id',
  `siteid` mediumint(6) unsigned NOT NULL DEFAULT '0' COMMENT '站点ID',
  `contentid` int(10) unsigned NOT NULL DEFAULT '0' COMMENT '文章id',
  `total` int(10) unsigned NOT NULL DEFAULT '0' COMMENT '总数',
  `n1` int(10) unsigned NOT NULL DEFAULT '0',
  `n2` int(10) unsigned NOT NULL DEFAULT '0',
  `n3` int(10) unsigned NOT NULL DEFAULT '0',
  `n4` int(10) unsigned NOT NULL DEFAULT '0',
  `n5` int(10) unsigned NOT NULL DEFAULT '0',
  `n6` int(10) unsigned NOT NULL DEFAULT '0',
  `n7` int(10) unsigned NOT NULL DEFAULT '0',
  `n8` int(10) unsigned NOT NULL DEFAULT '0',
  `n9` int(10) unsigned NOT NULL DEFAULT '0',
  `n10` int(10) unsigned NOT NULL DEFAULT '0',
  `lastupdate` int(10) unsigned NOT NULL DEFAULT '0' COMMENT '最后更新时间',
  PRIMARY KEY (`id`),
  KEY `total` (`total`),
  KEY `lastupdate` (`lastupdate`),
  KEY `catid` (`catid`,`siteid`,`contentid`)
) ENGINE=MyISAM DEFAULT CHARSET=utf8 ROW_FORMAT=FIXED AUTO_INCREMENT=1 ;

-- --------------------------------------------------------

--
-- 表的结构 `jydp_news`
--

CREATE TABLE IF NOT EXISTS `jydp_news` (
  `id` mediumint(8) unsigned NOT NULL AUTO_INCREMENT,
  `catid` smallint(5) unsigned NOT NULL DEFAULT '0',
  `typeid` smallint(5) unsigned NOT NULL,
  `title` varchar(80) NOT NULL DEFAULT '',
  `style` char(24) NOT NULL DEFAULT '',
  `thumb` varchar(100) NOT NULL DEFAULT '',
  `keywords` char(40) NOT NULL DEFAULT '',
  `description` mediumtext NOT NULL,
  `posids` tinyint(1) unsigned NOT NULL DEFAULT '0',
  `url` char(100) NOT NULL,
  `listorder` tinyint(3) unsigned NOT NULL DEFAULT '0',
  `status` tinyint(2) unsigned NOT NULL DEFAULT '1',
  `sysadd` tinyint(1) unsigned NOT NULL DEFAULT '0',
  `islink` tinyint(1) unsigned NOT NULL DEFAULT '0',
  `username` char(20) NOT NULL,
  `inputtime` int(10) unsigned NOT NULL DEFAULT '0',
  `updatetime` int(10) unsigned NOT NULL DEFAULT '0',
  PRIMARY KEY (`id`),
  KEY `status` (`status`,`listorder`,`id`),
  KEY `listorder` (`catid`,`status`,`listorder`,`id`),
  KEY `catid` (`catid`,`status`,`id`)
) ENGINE=MyISAM  DEFAULT CHARSET=utf8 ROW_FORMAT=DYNAMIC AUTO_INCREMENT=8 ;

--
-- 转存表中的数据 `jydp_news`
--

INSERT INTO `jydp_news` (`id`, `catid`, `typeid`, `title`, `style`, `thumb`, `keywords`, `description`, `posids`, `url`, `listorder`, `status`, `sysadd`, `islink`, `username`, `inputtime`, `updatetime`) VALUES
(1, 6, 0, '这是默认站的文章', '', '', '这是 文章', '1234555', 0, 'http://101.37.168.200/index.php?m=content&c=index&a=show&catid=6&id=1', 0, 99, 1, 0, 'admin888', 1492766557, 1492766578),
(2, 6, 0, '这是默认站的文章2', '', '', '这是 文章', '123123141234214', 1, 'http://101.37.168.200/index.php?m=content&c=index&a=show&catid=6&id=2', 0, 99, 1, 0, 'admin888', 1492768878, 1497103973),
(3, 12, 0, '这是一条城事文章', '', 'http://101.37.168.200/uploadfile/2017/0620/20170620050537867.png', '这是 文章', '这是文章内容哦', 1, 'http://101.37.168.200/index.php?m=content&c=index&a=show&catid=12&id=3', 0, 99, 1, 0, 'admin888', 1497949494, 1498445665),
(4, 13, 0, '这是一条资讯文章', '', 'http://101.37.168.200/uploadfile/2017/0620/20170620051207902.jpg', '这是 文章 资讯', '文章内容', 0, 'http://101.37.168.200/index.php?m=content&c=index&a=show&catid=13&id=4', 0, 99, 1, 0, 'admin888', 1497949862, 1497949940),
(5, 14, 0, '这是一条黑精文章', '', 'http://101.37.168.200/uploadfile/2017/0620/20170620051321313.jpg', '这是 文章', '这是内容', 0, 'http://101.37.168.200/index.php?m=content&c=index&a=show&catid=14&id=5', 0, 99, 1, 0, 'admin888', 1497949965, 1497950011),
(6, 15, 0, '这是一条视界文章', '', 'http://101.37.168.200/uploadfile/2017/0620/20170620051448278.png', '视界 这是 文章', '这是内容', 0, 'http://101.37.168.200/index.php?m=content&c=index&a=show&catid=15&id=6', 0, 99, 1, 0, 'admin888', 1497950018, 1497950104),
(7, 12, 0, '小七有话说', '', 'http://101.37.168.200/uploadfile/2017/0703/20170703102201322.png', '话说', '啦啦啦啦啦', 0, 'http://101.37.168.200/index.php?m=content&c=index&a=show&catid=12&id=7', 0, 99, 1, 0, 'admin888', 1499046682, 1499048546);

-- --------------------------------------------------------

--
-- 表的结构 `jydp_news_data`
--

CREATE TABLE IF NOT EXISTS `jydp_news_data` (
  `id` mediumint(8) unsigned DEFAULT '0',
  `content` mediumtext NOT NULL,
  `readpoint` smallint(5) unsigned NOT NULL DEFAULT '0',
  `groupids_view` varchar(100) NOT NULL,
  `paginationtype` tinyint(1) NOT NULL,
  `maxcharperpage` mediumint(6) NOT NULL,
  `template` varchar(30) NOT NULL,
  `paytype` tinyint(1) unsigned NOT NULL DEFAULT '0',
  `relation` varchar(255) NOT NULL DEFAULT '',
  `voteid` mediumint(8) unsigned NOT NULL DEFAULT '0',
  `allow_comment` tinyint(1) unsigned NOT NULL DEFAULT '1',
  `copyfrom` varchar(100) NOT NULL DEFAULT '',
  `video` varchar(200) NOT NULL DEFAULT '',
  `author` varchar(100) NOT NULL DEFAULT '精英点评',
  KEY `id` (`id`)
) ENGINE=MyISAM DEFAULT CHARSET=utf8 ROW_FORMAT=DYNAMIC;

--
-- 转存表中的数据 `jydp_news_data`
--

INSERT INTO `jydp_news_data` (`id`, `content`, `readpoint`, `groupids_view`, `paginationtype`, `maxcharperpage`, `template`, `paytype`, `relation`, `voteid`, `allow_comment`, `copyfrom`, `video`, `author`) VALUES
(1, '1234555', 0, '', 0, 10000, '', 0, '', 0, 1, '|0', '', ''),
(2, '123123141234214', 0, '', 0, 10000, '', 0, '', 0, 1, '|0', '', ''),
(3, '<img alt="" src="http://101.37.168.200/uploadfile/2017/0620/20170620050537867.png" style="width: 750px; height: 604px;" />这是文章内容哦', 0, '', 0, 10000, '', 0, '|4|5', 0, 1, '|0', '', ''),
(4, '<img alt="" src="http://101.37.168.200/uploadfile/2017/0620/20170620051207902.jpg" style="width: 720px; height: 360px;" />文章内容', 0, '', 0, 10000, '', 0, '', 0, 1, '|0', '', ''),
(5, '<img alt="" src="http://101.37.168.200/uploadfile/2017/0620/20170620051321313.jpg" style="width: 1024px; height: 576px;" />这是内容', 0, '', 0, 10000, '', 0, '', 0, 1, '|0', '', ''),
(6, '<img alt="" src="http://101.37.168.200/uploadfile/2017/0620/20170620051448278.png" style="width: 598px; height: 285px;" /><br />\r\n这是内容<br />\r\n', 0, '', 0, 10000, '', 0, '', 0, 1, '|0', '', ''),
(7, '我看会发哈哈新思路我看会发哈哈新思路我看会发哈哈新思路我看会发哈哈新思路我看会发哈哈新思路我看会发哈哈新思路我看会发哈哈新思路我看会发哈哈新思路我看会发哈哈新思路我看会发哈哈新思路我看会发哈哈新思路我看会发哈哈新思路我看会发哈哈新思路<br />\r\n<img alt="" src="http://101.37.168.200/uploadfile/2017/0703/20170703102201322.png" style="width: 208px; height: 184px;" /><br />\r\n<img alt="" src="http://101.37.168.200/uploadfile/2017/0703/20170703102220112.jpg" style="width: 200px; height: 200px;" /><br />\r\n', 0, '', 1, 10000, '', 0, '', 0, 1, '|0', '', '小七');

-- --------------------------------------------------------

--
-- 表的结构 `jydp_order`
--

CREATE TABLE IF NOT EXISTS `jydp_order` (
  `orderid` int(11) NOT NULL AUTO_INCREMENT,
  `ordersn` varchar(32) NOT NULL DEFAULT '' COMMENT '订单号',
  `channel` tinyint(3) NOT NULL DEFAULT '0' COMMENT '支付渠道，1微信，2支付宝',
  `userid` int(11) NOT NULL DEFAULT '0' COMMENT '用户ID',
  `username` varchar(100) NOT NULL DEFAULT '' COMMENT '用户名',
  `mobile` varchar(32) NOT NULL DEFAULT '' COMMENT '电话号码',
  `type` tinyint(3) NOT NULL DEFAULT '0' COMMENT '订单类型',
  `commodity` varchar(32) NOT NULL DEFAULT '' COMMENT '商品描述',
  `total` varchar(32) NOT NULL DEFAULT '' COMMENT '价格',
  `add_time` int(11) NOT NULL DEFAULT '0' COMMENT '添加时间',
  `add_time_format` varchar(32) NOT NULL DEFAULT '' COMMENT '格式化时间',
  `pay_time` int(11) NOT NULL DEFAULT '0' COMMENT '支付时间',
  `pay_time_format` varchar(32) NOT NULL DEFAULT '' COMMENT '格式化时间',
  `status` tinyint(3) NOT NULL DEFAULT '0' COMMENT '订单状态',
  `remark` varchar(32) NOT NULL COMMENT '备注',
  `memo` varchar(255) NOT NULL DEFAULT '' COMMENT '备用字段',
  PRIMARY KEY (`orderid`),
  UNIQUE KEY `ordersn` (`ordersn`)
) ENGINE=MyISAM  DEFAULT CHARSET=utf8 COMMENT='订单表' AUTO_INCREMENT=137 ;

--
-- 转存表中的数据 `jydp_order`
--

INSERT INTO `jydp_order` (`orderid`, `ordersn`, `channel`, `userid`, `username`, `mobile`, `type`, `commodity`, `total`, `add_time`, `add_time_format`, `pay_time`, `pay_time_format`, `status`, `remark`, `memo`) VALUES
(1, '2017060502169', 2, 27, '哦婆婆 in', '18172888878', 0, '黑精年费', '198', 1496624998, 'SYS_TIME_FORMAT', 0, '', 0, '', ''),
(2, '2017060542780', 2, 27, '哦婆婆 in', '18172888878', 0, '黑精年费', '198', 1496625006, 'SYS_TIME_FORMAT', 0, '', 0, '', ''),
(3, '2017060570712', 2, 27, '哦婆婆 in', '18172888878', 0, '黑精年费', '198', 1496625019, 'SYS_TIME_FORMAT', 0, '', 0, '', ''),
(4, '2017060516674', 2, 27, '哦婆婆 in', '18172888878', 0, '黑精年费', '198', 1496625046, 'SYS_TIME_FORMAT', 0, '', 0, '', ''),
(5, '2017060599225', 2, 27, '哦婆婆 in', '18172888878', 0, '黑精年费', '198', 1496625083, 'SYS_TIME_FORMAT', 0, '', 0, '', ''),
(6, '2017060585786', 2, 17, '易沉', '18630796687', 0, '黑精年费', '198', 1496625315, 'SYS_TIME_FORMAT', 0, '', 0, '', ''),
(7, '2017060584910', 2, 27, '哦婆婆 in', '18172888878', 0, '黑精年费', '198', 1496625407, 'SYS_TIME_FORMAT', 0, '', 0, '', ''),
(8, '2017060673107', 2, 23, '易沉1', '', 0, '黑精年费', '0.01', 1496729831, 'SYS_TIME_FORMAT', 0, '', 0, '', ''),
(9, '2017060654204', 2, 23, '易沉1', '', 0, '黑精年费', '0.01', 1496730600, 'SYS_TIME_FORMAT', 0, '', 0, '', ''),
(10, '2017060679011', 2, 23, '易沉1', '', 0, '黑精年费', '0.01', 1496731112, '2017-06-06 14:38:32', 0, '', 0, '', ''),
(11, '2017060659661', 2, 23, '易沉1', '', 0, '黑精年费', '0.01', 1496731828, '2017-06-06 14:50:28', 0, '', 0, '', ''),
(12, '2017061290566', 3, 26, '也许下一站', '13546844810', 0, '黑精年费', '198', 1497230959, '2017-06-12 09:29:19', 0, '', 0, '', ''),
(13, '2017061273607', 3, 26, '也许下一站', '13546844810', 0, '黑精年费', '198', 1497231871, '2017-06-12 09:44:31', 0, '', 0, '', ''),
(14, '2017061255880', 3, 26, '也许下一站', '13546844810', 0, '黑精年费', '198', 1497232013, '2017-06-12 09:46:53', 0, '', 0, '', ''),
(15, '2017061205506', 3, 26, '也许下一站', '13546844810', 0, '黑精年费', '198', 1497232125, '2017-06-12 09:48:45', 0, '', 0, '', ''),
(16, '2017061264711', 3, 26, '也许下一站', '13546844810', 0, '黑精年费', '198', 1497232181, '2017-06-12 09:49:41', 0, '', 0, '', ''),
(17, '2017061271139', 3, 26, '也许下一站', '13546844810', 0, '黑精年费', '198', 1497232362, '2017-06-12 09:52:42', 0, '', 0, '', ''),
(18, '2017061226101', 3, 26, '也许下一站', '13546844810', 0, '黑精年费', '198', 1497232390, '2017-06-12 09:53:10', 0, '', 0, '', ''),
(19, '2017061216457', 3, 26, '也许下一站', '13546844810', 0, '黑精年费', '198', 1497232496, '2017-06-12 09:54:56', 0, '', 0, '', ''),
(20, '2017061256496', 3, 26, '也许下一站', '13546844810', 0, '黑精年费', '198', 1497232522, '2017-06-12 09:55:22', 0, '', 0, '', ''),
(21, '2017061247605', 3, 26, '也许下一站', '13546844810', 0, '黑精年费', '198', 1497232727, '2017-06-12 09:58:47', 0, '', 0, '', ''),
(22, '2017061246879', 3, 26, '也许下一站', '13546844810', 0, '黑精年费', '198', 1497232867, '2017-06-12 10:01:07', 0, '', 0, '', ''),
(23, '2017061295803', 3, 26, '也许下一站', '13546844810', 0, '黑精年费', '198', 1497236232, '2017-06-12 10:57:12', 0, '', 0, '', ''),
(24, '2017061220161', 3, 26, '也许下一站', '13546844810', 0, '黑精年费', '198', 1497238159, '2017-06-12 11:29:19', 0, '', 0, '', ''),
(25, '2017061258868', 3, 26, '也许下一站', '13546844810', 0, '黑精年费', '198', 1497238929, '2017-06-12 11:42:09', 0, '', 0, '', ''),
(26, '2017061235241', 3, 26, '也许下一站', '13546844810', 0, '黑精年费', '198', 1497240091, '2017-06-12 12:01:31', 0, '', 0, '', ''),
(27, '2017061248385', 3, 26, '也许下一站', '13546844810', 0, '黑精年费', '198', 1497243749, '2017-06-12 13:02:29', 0, '', 0, '', ''),
(28, '2017061227941', 3, 26, '也许下一站', '13546844810', 0, '黑精年费', '198', 1497243793, '2017-06-12 13:03:13', 0, '', 0, '', ''),
(29, '2017061298706', 3, 26, '也许下一站', '13546844810', 0, '黑精年费', '198', 1497248956, '2017-06-12 14:29:16', 0, '', 0, '', ''),
(30, '2017061288223', 3, 26, '也许下一站', '13546844810', 0, '黑精年费', '198', 1497251747, '2017-06-12 15:15:47', 0, '', 0, '', ''),
(31, '2017061238188', 3, 26, '也许下一站', '13546844810', 0, '黑精年费', '198', 1497252736, '2017-06-12 15:32:16', 0, '', 0, '', ''),
(32, '2017061244429', 3, 26, '也许下一站', '13546844810', 0, '黑精年费', '198', 1497253074, '2017-06-12 15:37:54', 0, '', 0, '', ''),
(33, '2017061222710', 3, 26, '也许下一站', '13546844810', 0, '黑精年费', '198', 1497255552, '2017-06-12 16:19:12', 0, '', 0, '', ''),
(34, '2017061260986', 3, 26, '也许下一站', '13546844810', 0, '黑精年费', '198', 1497255654, '2017-06-12 16:20:54', 0, '', 0, '', ''),
(35, '2017061276627', 3, 26, '也许下一站', '13546844810', 0, '黑精年费', '198', 1497257020, '2017-06-12 16:43:40', 0, '', 0, '', ''),
(36, '2017061205298', 3, 26, '也许下一站', '13546844810', 0, '黑精年费', '1', 1497257185, '2017-06-12 16:46:25', 0, '', 0, '', ''),
(37, '2017061255198', 3, 26, '也许下一站', '13546844810', 0, '黑精年费', '1', 1497258380, '2017-06-12 17:06:20', 0, '', 0, '', ''),
(38, '2017061267854', 3, 26, '也许下一站', '13546844810', 0, '黑精年费', '1', 1497258873, '2017-06-12 17:14:33', 0, '', 0, '', ''),
(39, '2017061220158', 3, 16, '易沉', '18630796688', 0, '黑精年费', '1', 1497259004, '2017-06-12 17:16:44', 0, '', 0, '', ''),
(40, '2017061203764', 2, 17, 'as', '18630796687', 0, '黑精年费', '0.01', 1497259853, '2017-06-12 17:30:53', 0, '', 0, '', ''),
(41, '2017061298300', 1, 27, '哦婆婆 in', '18172888878', 0, '黑精年费', '1', 1497272807, '2017-06-12 21:06:47', 0, '', 0, '', ''),
(42, '2017061212955', 1, 27, '哦婆婆 in', '18172888878', 0, '黑精年费', '1', 1497273298, '2017-06-12 21:14:58', 0, '', 0, '', ''),
(43, '2017061235392', 1, 27, '哦婆婆 in', '18172888878', 0, '黑精年费', '1', 1497273310, '2017-06-12 21:15:10', 0, '', 0, '', ''),
(44, '2017061203590', 1, 27, '哦婆婆 in', '18172888878', 0, '黑精年费', '1', 1497273317, '2017-06-12 21:15:17', 0, '', 0, '', ''),
(45, '2017061244556', 1, 27, '哦婆婆 in', '18172888878', 0, '黑精年费', '1', 1497273365, '2017-06-12 21:16:05', 0, '', 0, '', ''),
(46, '2017061259379', 1, 27, '哦婆婆 in', '18172888878', 0, '黑精年费', '1', 1497273428, '2017-06-12 21:17:08', 0, '', 0, '', ''),
(47, '2017061218178', 2, 27, '哦婆婆 in', '18172888878', 0, '黑精年费', '0.01', 1497273801, '2017-06-12 21:23:21', 0, '', 0, '', ''),
(48, '2017061296533', 2, 27, '哦婆婆 in', '18172888878', 0, '黑精年费', '0.01', 1497274327, '2017-06-12 21:32:07', 0, '', 0, '', ''),
(49, '2017061290809', 2, 27, '哦婆婆 in', '18172888878', 0, '黑精年费', '0.01', 1497274887, '2017-06-12 21:41:27', 0, '', 0, '', ''),
(50, '2017061203195', 2, 27, '哦婆婆 in', '18172888878', 0, '黑精年费', '0.01', 1497274935, '2017-06-12 21:42:15', 0, '', 0, '', ''),
(51, '2017061299968', 1, 27, '哦婆婆 in', '18172888878', 0, '黑精年费', '1', 1497275275, '2017-06-12 21:47:55', 0, '', 0, '', ''),
(52, '2017061358673', 1, 44, '铁路局', '13807066032', 0, '黑精年费', '1', 1497323464, '2017-06-13 11:11:04', 0, '', 0, '', ''),
(53, '2017061314007', 2, 44, '铁路局', '13807066032', 0, '黑精年费', '0.01', 1497323541, '2017-06-13 11:12:21', 0, '', 0, '', ''),
(54, '2017061362001', 1, 44, '铁路局', '13807066032', 0, '黑精年费', '1', 1497323607, '2017-06-13 11:13:27', 0, '', 0, '', ''),
(55, '2017061528102', 1, 38, 'yuanweiming', '18807913658', 0, '黑精年费', '1', 1497492751, '2017-06-15 10:12:31', 0, '', 0, '', ''),
(56, '2017061543748', 1, 17, 'asd', '18630796687', 0, '黑精年费', '1', 1497512329, '2017-06-15 15:38:49', 0, '', 0, '', ''),
(57, '2017061504145', 1, 17, 'asd', '18630796687', 0, '黑精年费', '1', 1497512865, '2017-06-15 15:47:45', 0, '', 0, '', ''),
(58, '2017061509753', 1, 17, 'asd', '18630796687', 0, '黑精年费', '1', 1497512968, '2017-06-15 15:49:28', 0, '', 0, '', ''),
(59, '2017061599197', 2, 17, 'asd', '18630796687', 0, '黑精年费', '0.01', 1497516448, '2017-06-15 16:47:28', 0, '', 0, '', ''),
(60, '2017061530803', 1, 33, '进进了', '18270915319', 0, '黑精年费', '1', 1497538134, '2017-06-15 22:48:54', 0, '', 0, '', ''),
(61, '2017061573513', 1, 33, '垃圾', '18270915319', 0, '黑精年费', '1', 1497538682, '2017-06-15 22:58:02', 0, '', 0, '', ''),
(62, '2017061562619', 1, 33, '511', '18270915319', 0, '黑精年费', '1', 1497539349, '2017-06-15 23:09:09', 0, '', 0, '', ''),
(63, '2017061523854', 2, 33, '511', '18270915319', 0, '黑精年费', '0.01', 1497539743, '2017-06-15 23:15:43', 0, '', 0, '', ''),
(64, '2017061566418', 1, 33, '511', '18270915319', 0, '黑精年费', '1', 1497539942, '2017-06-15 23:19:02', 0, '', 0, '', ''),
(65, '2017061530043', 2, 33, '511', '18270915319', 0, '黑精年费', '0.01', 1497540004, '2017-06-15 23:20:04', 0, '', 0, '', ''),
(66, '2017061507479', 2, 33, '进进了', '18270915319', 0, '黑精年费', '0.01', 1497540471, '2017-06-15 23:27:51', 0, '', 0, '', ''),
(67, '2017061595946', 2, 33, '提提', '18270915319', 0, '黑精年费', '0.01', 1497540963, '2017-06-15 23:36:03', 0, '', 0, '', ''),
(68, '2017061668160', 3, 16, '易沉', '18630796688', 0, '黑精年费', '1', 1497579348, '2017-06-16 10:15:48', 0, '', 0, '', ''),
(69, '2017061657282', 3, 16, '易沉', '18630796688', 0, '黑精年费', '1', 1497580889, '2017-06-16 10:41:29', 1497584743, '2017-06-16 11:45:43', 1, 'SUCCESS', ''),
(70, '2017061604397', 3, 16, '易沉', '18630796688', 0, '黑精年费', '1', 1497583414, '2017-06-16 11:23:34', 1497585462, '2017-06-16 11:57:42', 1, 'SUCCESS', ''),
(71, '2017061607213', 3, 16, '易沉', '18630796688', 0, '黑精年费', '1', 1497584334, '2017-06-16 11:38:54', 1497584339, '2017-06-16 11:38:59', 1, 'SUCCESS', ''),
(72, '2017061654192', 2, 33, 'hhhh', '18270915319', 0, '黑精年费', '0.01', 1497590187, '2017-06-16 13:16:27', 0, '', 0, '', ''),
(73, '2017061623078', 2, 33, '急啥', '18270915319', 0, '黑精年费', '0.01', 1497590730, '2017-06-16 13:25:30', 0, '', 0, '', ''),
(74, '2017061615444', 2, 33, '急啥', '18270915319', 0, '黑精年费', '0.01', 1497590776, '2017-06-16 13:26:16', 0, '', 0, '', ''),
(75, '2017061696338', 2, 17, '1234', '18630796687', 0, '黑精年费', '0.01', 1497592940, '2017-06-16 14:02:20', 0, '', 0, '', ''),
(76, '2017061790936', 3, 16, '易沉', '18630796688', 0, '黑精年费', '1', 1497684878, '2017-06-17 15:34:38', 1497685101, '2017-06-17 15:38:21', 1, '', ''),
(77, '2017061730151', 3, 16, '易沉', '18630796688', 0, '黑精年费', '1', 1497685194, '2017-06-17 15:39:54', 1497685207, '2017-06-17 15:40:07', 1, '', ''),
(78, '2017061704243', 2, 17, '1234', '18630796687', 0, '黑精年费', '0.01', 1497698261, '2017-06-17 19:17:41', 0, '', 0, '', ''),
(79, '2017061868223', 2, 33, '好好好', '18270915319', 0, '黑精年费', '0.01', 1497791925, '2017-06-18 21:18:45', 0, '', 0, '', ''),
(80, '2017061870138', 1, 33, '空', '18270915319', 0, '黑精年费', '1', 1497791980, '2017-06-18 21:19:40', 0, '', 0, '', ''),
(81, '2017061815747', 1, 33, '空', '18270915319', 0, '黑精年费', '1', 1497791984, '2017-06-18 21:19:44', 0, '', 0, '', ''),
(82, '2017061832378', 1, 33, '空', '18270915319', 0, '黑精年费', '1', 1497792017, '2017-06-18 21:20:17', 0, '', 0, '', ''),
(83, '2017061851502', 1, 33, '空', '18270915319', 0, '黑精年费', '1', 1497792018, '2017-06-18 21:20:18', 0, '', 0, '', ''),
(84, '2017061814070', 1, 33, '空', '18270915319', 0, '黑精年费', '1', 1497792019, '2017-06-18 21:20:19', 0, '', 0, '', ''),
(85, '2017061870884', 1, 33, '空', '18270915319', 0, '黑精年费', '1', 1497792020, '2017-06-18 21:20:20', 0, '', 0, '', ''),
(86, '2017061808973', 1, 33, '空', '18270915319', 0, '黑精年费', '1', 1497792020, '2017-06-18 21:20:20', 0, '', 0, '', ''),
(87, '2017061882247', 1, 33, '空', '18270915319', 0, '黑精年费', '1', 1497792020, '2017-06-18 21:20:20', 0, '', 0, '', ''),
(88, '2017061803577', 1, 33, '空', '18270915319', 0, '黑精年费', '1', 1497792020, '2017-06-18 21:20:20', 0, '', 0, '', ''),
(89, '2017061818107', 1, 33, '空', '18270915319', 0, '黑精年费', '1', 1497792030, '2017-06-18 21:20:30', 0, '', 0, '', ''),
(90, '2017061834232', 1, 33, '空', '18270915319', 0, '黑精年费', '1', 1497792031, '2017-06-18 21:20:31', 0, '', 0, '', ''),
(91, '2017061883385', 1, 33, '空', '18270915319', 0, '黑精年费', '1', 1497792041, '2017-06-18 21:20:41', 0, '', 0, '', ''),
(92, '2017061893385', 1, 33, '民工', '18270915319', 0, '黑精年费', '1', 1497792488, '2017-06-18 21:28:08', 0, '', 0, '', ''),
(93, '2017061892982', 1, 33, '民工', '18270915319', 0, '黑精年费', '1', 1497792536, '2017-06-18 21:28:56', 0, '', 0, '', ''),
(94, '2017061889381', 1, 33, '接口', '18270915319', 0, '黑精年费', '1', 1497793006, '2017-06-18 21:36:46', 0, '', 0, '', ''),
(95, '2017061894628', 1, 33, '接口', '18270915319', 0, '黑精年费', '1', 1497793009, '2017-06-18 21:36:49', 0, '', 0, '', ''),
(96, '2017061830846', 1, 33, '接口', '18270915319', 0, '黑精年费', '1', 1497793016, '2017-06-18 21:36:56', 0, '', 0, '', ''),
(97, '2017061940006', 1, 33, '被你摸', '18270915319', 0, '黑精年费', '1', 1497836316, '2017-06-19 09:38:36', 0, '', 0, '', ''),
(98, '2017061996284', 1, 33, '被你摸', '18270915319', 0, '黑精年费', '1', 1497836342, '2017-06-19 09:39:02', 0, '', 0, '', ''),
(99, '2017061977516', 1, 33, '被你摸', '18270915319', 0, '黑精年费', '1', 1497836348, '2017-06-19 09:39:08', 0, '', 0, '', ''),
(100, '2017061924543', 1, 33, '被你摸', '18270915319', 0, '黑精年费', '1', 1497836379, '2017-06-19 09:39:39', 0, '', 0, '', ''),
(101, '2017061915420', 1, 33, '被你摸', '18270915319', 0, '黑精年费', '1', 1497836389, '2017-06-19 09:39:49', 0, '', 0, '', ''),
(102, '2017061963198', 1, 33, '过敏您', '18270915319', 0, '黑精年费', '1', 1497836747, '2017-06-19 09:45:47', 0, '', 0, '', ''),
(103, '2017061904944', 1, 33, '过敏您', '18270915319', 0, '黑精年费', '1', 1497836753, '2017-06-19 09:45:53', 0, '', 0, '', ''),
(104, '2017061954516', 1, 33, '农民', '18270915319', 0, '黑精年费', '1', 1497837968, '2017-06-19 10:06:08', 0, '', 0, '', ''),
(105, '2017061916501', 1, 33, '敏敏哦', '18270915319', 0, '黑精年费', '1', 1497838578, '2017-06-19 10:16:18', 0, '', 0, '', ''),
(106, '2017061964659', 1, 33, '你民工', '18270915319', 0, '黑精年费', '1', 1497838827, '2017-06-19 10:20:27', 0, '', 0, '', ''),
(107, '2017061946702', 2, 33, '你民工', '18270915319', 0, '黑精年费', '0.01', 1497838851, '2017-06-19 10:20:51', 0, '', 0, '', ''),
(108, '2017061961116', 1, 33, '哦婆婆', '18270915319', 0, '黑精年费', '1', 1497839915, '2017-06-19 10:38:35', 0, '', 0, '', ''),
(109, '2017061941699', 1, 33, '哦婆婆', '18270915319', 0, '黑精年费', '1', 1497839943, '2017-06-19 10:39:03', 0, '', 0, '', ''),
(110, '2017061947088', 1, 33, '李敏', '18270915319', 0, '黑精年费', '1', 1497841346, '2017-06-19 11:02:26', 0, '', 0, '', ''),
(111, '2017061932245', 1, 33, '李敏', '18270915319', 0, '黑精年费', '1', 1497841393, '2017-06-19 11:03:13', 0, '', 0, '', ''),
(112, '2017061931666', 1, 33, '你明明', '18270915319', 0, '黑精年费', '1', 1497841605, '2017-06-19 11:06:45', 0, '', 0, '', ''),
(113, '2017061913833', 1, 33, '吃', '18270915319', 0, '黑精年费', '1', 1497842354, '2017-06-19 11:19:14', 0, '', 0, '', ''),
(114, '2017061991373', 2, 33, '哦哦哦', '18270915319', 0, '黑精年费', '0.01', 1497843494, '2017-06-19 11:38:14', 0, '', 0, '', ''),
(115, '2017061975494', 2, 33, '明年', '18270915319', 0, '黑精年费', '0.01', 1497843924, '2017-06-19 11:45:24', 0, '', 0, '', ''),
(116, '2017061967165', 2, 33, '滴定', '18270915319', 0, '黑精年费', '0.01', 1497844342, '2017-06-19 11:52:22', 0, '', 0, '', ''),
(117, '2017061906990', 2, 33, '敏敏', '18270915319', 0, '黑精年费', '0.01', 1497844526, '2017-06-19 11:55:26', 0, '', 0, '', ''),
(118, '2017061988817', 2, 33, '李', '18270915319', 0, '黑精年费', '0.01', 1497850242, '2017-06-19 13:30:42', 0, '', 0, '', ''),
(119, '2017061902360', 2, 33, '干嘛', '18270915319', 0, '黑精年费', '0.01', 1497850550, '2017-06-19 13:35:50', 0, '', 0, '', ''),
(120, '2017061970392', 2, 33, 'or你YY', '18270915319', 0, '黑精年费', '0.01', 1497850724, '2017-06-19 13:38:44', 0, '', 0, '', ''),
(121, '2017061909630', 1, 30, '偷空', '13807066031', 0, '黑精年费', '1', 1497862426, '2017-06-19 16:53:46', 0, '', 0, '', ''),
(122, '2017061969723', 2, 30, '偷空', '13807066031', 0, '黑精年费', '0.01', 1497862816, '2017-06-19 17:00:16', 0, '', 0, '', ''),
(123, '2017061923632', 2, 30, '偷空', '13807066031', 0, '黑精年费', '0.01', 1497862829, '2017-06-19 17:00:29', 0, '', 0, '', ''),
(124, '2017061942421', 2, 33, '迷宫', '18270915319', 0, '黑精年费', '0.01', 1497866302, '2017-06-19 17:58:22', 0, '', 0, '', ''),
(125, '2017062050896', 2, 30, '啦啦啦', '13807066031', 0, '黑精年费', '0.01', 1497930404, '2017-06-20 11:46:44', 0, '', 0, '', ''),
(126, '2017062006320', 1, 17, '1234', '18888888887', 0, '黑精年费', '1', 1497933370, '2017-06-20 12:36:10', 0, '', 0, '', ''),
(127, '2017062097092', 2, 17, '1234', '18888888887', 0, '黑精年费', '0.01', 1497933472, '2017-06-20 12:37:52', 0, '', 0, '', ''),
(128, '2017062075593', 3, 26, '也许下一站', '13025204200', 0, '黑精年费', '1', 1497933531, '2017-06-20 12:38:51', 0, '', 0, '', ''),
(129, '2017062001258', 1, 30, 'bbx', '13807066031', 0, '黑精年费', '1', 1497943442, '2017-06-20 15:24:02', 0, '', 0, '', ''),
(130, '2017062730411', 3, 26, '也许下一站', '13546844810', 0, '黑精年费', '1', 1498552348, '2017-06-27 16:32:28', 0, '', 0, '', ''),
(131, '2017062798543', 3, 26, '也许下一站', '13546844810', 0, '黑精年费', '1', 1498552357, '2017-06-27 16:32:37', 0, '', 0, '', ''),
(132, '2017070350627', 2, 44, '偷空', '13807066033', 0, '黑精年费', '0.01', 1499078743, '2017-07-03 18:45:43', 0, '', 0, '', ''),
(133, '2017070500738', 2, 32, 'qwe', '18970980861', 0, '黑精年费', '0.01', 1499224768, '2017-07-05 11:19:28', 0, '', 0, '', ''),
(134, '2017070575633', 1, 73, 'bxh', '13807066031', 0, '黑精年费', '1', 1499241486, '2017-07-05 15:58:06', 0, '', 0, '', ''),
(135, '2017070842205', 1, 38, 'yuanweiming', '18807913658', 0, '黑精年费', '1', 1499479889, '2017-07-08 10:11:29', 0, '', 0, '', ''),
(136, '2017070880525', 1, 73, 'vug', '13807066031', 0, '黑精年费', '1', 1499480383, '2017-07-08 10:19:43', 0, '', 0, '', '');

-- --------------------------------------------------------

--
-- 表的结构 `jydp_order_error_log`
--

CREATE TABLE IF NOT EXISTS `jydp_order_error_log` (
  `id` int(11) NOT NULL AUTO_INCREMENT COMMENT 'id',
  `channel` tinyint(3) NOT NULL DEFAULT '0' COMMENT '渠道，1微信，2支付宝',
  `ordersn` varchar(32) NOT NULL DEFAULT '' COMMENT '订单号',
  `errcode` varchar(32) NOT NULL DEFAULT '0' COMMENT '错误码',
  `errmsg` varchar(100) NOT NULL DEFAULT '' COMMENT '错误信息描述',
  `ip` varchar(32) NOT NULL DEFAULT '' COMMENT 'ip\n',
  `data` varchar(500) NOT NULL DEFAULT '' COMMENT '请求数据',
  `add_time` int(10) NOT NULL COMMENT '添加时间',
  `add_time_format` varchar(32) NOT NULL DEFAULT '' COMMENT '格式化时间',
  `memo` varchar(32) NOT NULL DEFAULT '' COMMENT '备用字段',
  PRIMARY KEY (`id`)
) ENGINE=MyISAM  DEFAULT CHARSET=utf8 COMMENT='订单错误日志表' AUTO_INCREMENT=319 ;

--
-- 转存表中的数据 `jydp_order_error_log`
--

INSERT INTO `jydp_order_error_log` (`id`, `channel`, `ordersn`, `errcode`, `errmsg`, `ip`, `data`, `add_time`, `add_time_format`, `memo`) VALUES
(1, 2, '', '32767', '支付宝验签失败', '118.190.20.240', 'userid=1', 1496731756, '2017-06-06 14:49:16', ''),
(2, 2, '', '32767', '支付宝验签失败', '118.190.20.240', 'userid=1', 1496731786, '2017-06-06 14:49:46', ''),
(3, 2, '', '32767', '支付宝验签失败', '110.75.248.68', 'total_amount=0.01&buyer_id=2088202240983688&trade_no=2017060621001004680254891196&notify_time=2017-06-06+14%3A50%3A34&subject=%E9%BB%91%E7%B2%BE%E5%B9%B4%E8%B4%B9&sign_type=RSA&buyer_logon_id=lyc***%40163.com&auth_app_id=2017060507424556&charset=utf-8&notify_type=trade_status_sync&invoice_amount=0.01&out_trade_no=2017060659661&trade_status=TRADE_SUCCESS&gmt_payment=2017-06-06+14%3A50%3A33&version=1.0&point_amount=0.00&sign=fCGIRP7QieMafBtQNWp3PskTSiY14svh%2BsRUru5EAIH7195xqHJ80uiyA2cbLXlTVCPxovN', 1496731834, '2017-06-06 14:50:34', ''),
(4, 2, '', '32767', '支付宝验签失败', '110.75.248.151', 'total_amount=0.01&buyer_id=2088202240983688&trade_no=2017060621001004680254854752&notify_time=2017-06-06+14%3A53%3A13&subject=%E9%BB%91%E7%B2%BE%E5%B9%B4%E8%B4%B9&sign_type=RSA&buyer_logon_id=lyc***%40163.com&auth_app_id=2017060507424556&charset=utf-8&notify_type=trade_status_sync&invoice_amount=0.01&out_trade_no=2017060679011&trade_status=TRADE_SUCCESS&gmt_payment=2017-06-06+14%3A38%3A40&version=1.0&point_amount=0.00&sign=jRZTikWFLL6tBYE5rN8i8s0BUm7%2FlmUkYkYJvRd3bBck7VHhWX%2B6mq6h1%2FtJOqvdbce', 1496731993, '2017-06-06 14:53:13', ''),
(5, 2, '', '32767', '支付宝验签失败', '110.75.248.241', 'total_amount=0.01&buyer_id=2088202240983688&trade_no=2017060621001004680254844925&notify_time=2017-06-06+14%3A58%3A16&subject=%E9%BB%91%E7%B2%BE%E5%B9%B4%E8%B4%B9&sign_type=RSA&buyer_logon_id=lyc***%40163.com&auth_app_id=2017060507424556&charset=utf-8&notify_type=trade_status_sync&invoice_amount=0.01&out_trade_no=2017060654204&trade_status=TRADE_SUCCESS&gmt_payment=2017-06-06+14%3A30%3A07&version=1.0&point_amount=0.00&sign=DDW1RbNpxQqt7PUMOuPtSuP%2FzVi07kz%2FkzKbeuYsjf4yxxYqHy94dnHuemZs4TW1nRQ%2', 1496732297, '2017-06-06 14:58:17', ''),
(6, 2, '', '32767', '支付宝验签失败', '110.75.248.114', 'total_amount=0.01&buyer_id=2088202240983688&trade_no=2017060621001004680254891196&notify_time=2017-06-06+14%3A58%3A45&subject=%E9%BB%91%E7%B2%BE%E5%B9%B4%E8%B4%B9&sign_type=RSA&buyer_logon_id=lyc***%40163.com&auth_app_id=2017060507424556&charset=utf-8&notify_type=trade_status_sync&invoice_amount=0.01&out_trade_no=2017060659661&trade_status=TRADE_SUCCESS&gmt_payment=2017-06-06+14%3A50%3A33&version=1.0&point_amount=0.00&sign=fW7yUxJgeMdh5HqU6YmGirzU8doEGY9bq69ttl6VRx1NhbymcWm502J3VZznWBdGWv8pBVWvx', 1496732325, '2017-06-06 14:58:45', ''),
(7, 2, '', '32767', '支付宝验签失败', '110.75.248.116', 'total_amount=0.01&buyer_id=2088202240983688&trade_no=2017060621001004680254891196&notify_time=2017-06-06+15%3A05%3A29&subject=%E9%BB%91%E7%B2%BE%E5%B9%B4%E8%B4%B9&sign_type=RSA&buyer_logon_id=lyc***%40163.com&auth_app_id=2017060507424556&charset=utf-8&notify_type=trade_status_sync&invoice_amount=0.01&out_trade_no=2017060659661&trade_status=TRADE_SUCCESS&gmt_payment=2017-06-06+14%3A50%3A33&version=1.0&point_amount=0.00&sign=ODehTvoyZNLG1LFTNwlBT0jFDgiX9Q0sNDf1FgDpm8qDf6vGmeOvFqF9OXJmGldlzzgucC4Vv', 1496732729, '2017-06-06 15:05:29', ''),
(8, 2, '', '32767', '支付宝验签失败', '110.75.248.176', 'total_amount=0.01&buyer_id=2088202240983688&trade_no=2017060621001004680254854752&notify_time=2017-06-06+15%3A07%3A40&subject=%E9%BB%91%E7%B2%BE%E5%B9%B4%E8%B4%B9&sign_type=RSA&buyer_logon_id=lyc***%40163.com&auth_app_id=2017060507424556&charset=utf-8&notify_type=trade_status_sync&invoice_amount=0.01&out_trade_no=2017060679011&trade_status=TRADE_SUCCESS&gmt_payment=2017-06-06+14%3A38%3A40&version=1.0&point_amount=0.00&sign=uZkfzbu0M74Os70z21ubb6lUvPDo8PeCP5l23qDNjL80f3qidTm74Dna3%2BlLfUgZupEjPIb', 1496732860, '2017-06-06 15:07:40', ''),
(9, 2, '', '32767', '支付宝验签失败', '110.75.248.97', 'total_amount=0.01&buyer_id=2088202240983688&trade_no=2017060621001004680254891196&notify_time=2017-06-06+15%3A19%3A28&subject=%E9%BB%91%E7%B2%BE%E5%B9%B4%E8%B4%B9&sign_type=RSA&buyer_logon_id=lyc***%40163.com&auth_app_id=2017060507424556&charset=utf-8&notify_type=trade_status_sync&invoice_amount=0.01&out_trade_no=2017060659661&trade_status=TRADE_SUCCESS&gmt_payment=2017-06-06+14%3A50%3A33&version=1.0&point_amount=0.00&sign=O5RWrKJ%2BAeRqmoSEpx79R7ccST9JxyIa2ANxrVOL4PjLWGXeKv%2B330e8%2F40C87%2Bei', 1496733568, '2017-06-06 15:19:28', ''),
(10, 2, '', '32767', '支付宝验签失败', '110.75.248.6', 'total_amount=0.01&buyer_id=2088202240983688&trade_no=2017060621001004680254797422&notify_time=2017-06-06+15%3A32%3A26&subject=%E9%BB%91%E7%B2%BE%E5%B9%B4%E8%B4%B9&sign_type=RSA&buyer_logon_id=lyc***%40163.com&auth_app_id=2017060507424556&charset=utf-8&notify_type=trade_status_sync&invoice_amount=0.01&out_trade_no=2017060621599&trade_status=TRADE_SUCCESS&gmt_payment=2017-06-06+14%3A08%3A17&version=1.0&point_amount=0.00&sign=RGvFbCurQk6vIcii9SaZK1b2S12NsJA%2B0hef1%2FiDIDLt951jTQ8kYVrHqwiZTYahzh2CT', 1496734347, '2017-06-06 15:32:27', ''),
(11, 2, '', '32767', '支付宝验签失败', '110.75.248.131', 'total_amount=0.01&buyer_id=2088202240983688&trade_no=2017060621001004680254814231&notify_time=2017-06-06+15%3A39%3A29&subject=%E9%BB%91%E7%B2%BE%E5%B9%B4%E8%B4%B9&sign_type=RSA&buyer_logon_id=lyc***%40163.com&auth_app_id=2017060507424556&charset=utf-8&notify_type=trade_status_sync&invoice_amount=0.01&out_trade_no=2017060646901&trade_status=TRADE_SUCCESS&gmt_payment=2017-06-06+14%3A15%3A43&version=1.0&point_amount=0.00&sign=CqJVC6cM%2BzmcdvUWxXpYjbPEgwjgWamFz1A0GWxK1nLS%2B40tMMpwY3usRI8DtUCu3uOXa', 1496734769, '2017-06-06 15:39:29', ''),
(12, 2, '', '32767', '支付宝验签失败', '110.75.248.17', 'total_amount=0.01&buyer_id=2088202240983688&trade_no=2017060621001004680254825949&notify_time=2017-06-06+15%3A41%3A51&subject=%E9%BB%91%E7%B2%BE%E5%B9%B4%E8%B4%B9&sign_type=RSA&buyer_logon_id=lyc***%40163.com&auth_app_id=2017060507424556&charset=utf-8&notify_type=trade_status_sync&invoice_amount=0.01&out_trade_no=2017060673107&trade_status=TRADE_SUCCESS&gmt_payment=2017-06-06+14%3A17%3A18&version=1.0&point_amount=0.00&sign=BsIknjlDxyUK6sAUZEfc8AECcUp7Mc6TQc%2Be%2Fh3kurvOXyiT9TmEPdsVZTsqegs1Js9Bu', 1496734912, '2017-06-06 15:41:52', ''),
(13, 2, '', '32767', '支付宝验签失败', '110.75.248.229', 'total_amount=0.01&buyer_id=2088202240983688&trade_no=2017060621001004680254844925&notify_time=2017-06-06+15%3A54%3A47&subject=%E9%BB%91%E7%B2%BE%E5%B9%B4%E8%B4%B9&sign_type=RSA&buyer_logon_id=lyc***%40163.com&auth_app_id=2017060507424556&charset=utf-8&notify_type=trade_status_sync&invoice_amount=0.01&out_trade_no=2017060654204&trade_status=TRADE_SUCCESS&gmt_payment=2017-06-06+14%3A30%3A07&version=1.0&point_amount=0.00&sign=rx9dCmNJ7o6mE%2BCtbVEavLE6tEoINgsusF0UyeXoQQ8jmKYw%2Fh%2B7ok6K2v9V4uI6s4d', 1496735687, '2017-06-06 15:54:47', ''),
(14, 2, '', '32767', '支付宝验签失败', '110.75.248.118', 'total_amount=0.01&buyer_id=2088202240983688&trade_no=2017060621001004680254854752&notify_time=2017-06-06+16%3A02%3A39&subject=%E9%BB%91%E7%B2%BE%E5%B9%B4%E8%B4%B9&sign_type=RSA&buyer_logon_id=lyc***%40163.com&auth_app_id=2017060507424556&charset=utf-8&notify_type=trade_status_sync&invoice_amount=0.01&out_trade_no=2017060679011&trade_status=TRADE_SUCCESS&gmt_payment=2017-06-06+14%3A38%3A40&version=1.0&point_amount=0.00&sign=WiR1lpDp%2FxsSiT4t%2BuF4F%2BzJusXy2%2FilGQqqAs8ALG5o8p3thlapc2coqheH4IjUW', 1496736159, '2017-06-06 16:02:39', ''),
(15, 2, '', '32767', '支付宝验签失败', '110.75.248.118', 'total_amount=0.01&buyer_id=2088202240983688&trade_no=2017060621001004680254891196&notify_time=2017-06-06+16%3A14%3A38&subject=%E9%BB%91%E7%B2%BE%E5%B9%B4%E8%B4%B9&sign_type=RSA&buyer_logon_id=lyc***%40163.com&auth_app_id=2017060507424556&charset=utf-8&notify_type=trade_status_sync&invoice_amount=0.01&out_trade_no=2017060659661&trade_status=TRADE_SUCCESS&gmt_payment=2017-06-06+14%3A50%3A33&version=1.0&point_amount=0.00&sign=i4yWoU22h6DRiR%2FKqjZ4t87RCOzcjND4qBFRJOLHShNr5BhoCXgMdxErA%2BlpgWZLYZCd0', 1496736878, '2017-06-06 16:14:38', ''),
(16, 2, '', '32767', '支付宝验签失败', '110.75.248.74', 'total_amount=0.01&buyer_id=2088202240983688&trade_no=2017060621001004680254797422&notify_time=2017-06-06+17%3A34%3A14&subject=%E9%BB%91%E7%B2%BE%E5%B9%B4%E8%B4%B9&sign_type=RSA&buyer_logon_id=lyc***%40163.com&auth_app_id=2017060507424556&charset=utf-8&notify_type=trade_status_sync&invoice_amount=0.01&out_trade_no=2017060621599&trade_status=TRADE_SUCCESS&gmt_payment=2017-06-06+14%3A08%3A17&version=1.0&point_amount=0.00&sign=uF5%2B7LvWa4ZJTEAAwLCMCNySPtHpU4nuhcB5hxo7lf%2B1C1e3zfbOpVKxiZY8Kj8nlErm9', 1496741654, '2017-06-06 17:34:14', ''),
(17, 2, '', '32767', '支付宝验签失败', '110.75.248.162', 'total_amount=0.01&buyer_id=2088202240983688&trade_no=2017060621001004680254814231&notify_time=2017-06-06+17%3A42%3A38&subject=%E9%BB%91%E7%B2%BE%E5%B9%B4%E8%B4%B9&sign_type=RSA&buyer_logon_id=lyc***%40163.com&auth_app_id=2017060507424556&charset=utf-8&notify_type=trade_status_sync&invoice_amount=0.01&out_trade_no=2017060646901&trade_status=TRADE_SUCCESS&gmt_payment=2017-06-06+14%3A15%3A43&version=1.0&point_amount=0.00&sign=ledb6wgua3ddIOgKOL6OmnKhxp5am0nDtfLCbtqr2u5R0WDs3T2HXpEA9g1aRk545%2FXz6cn', 1496742158, '2017-06-06 17:42:38', ''),
(18, 2, '', '32767', '支付宝验签失败', '110.75.248.102', 'total_amount=0.01&buyer_id=2088202240983688&trade_no=2017060621001004680254825949&notify_time=2017-06-06+17%3A44%3A30&subject=%E9%BB%91%E7%B2%BE%E5%B9%B4%E8%B4%B9&sign_type=RSA&buyer_logon_id=lyc***%40163.com&auth_app_id=2017060507424556&charset=utf-8&notify_type=trade_status_sync&invoice_amount=0.01&out_trade_no=2017060673107&trade_status=TRADE_SUCCESS&gmt_payment=2017-06-06+14%3A17%3A18&version=1.0&point_amount=0.00&sign=mYCpJZDNpRiP3NexGgj6voBBop4fQAbjO8Oyepb62T2AhvLO24yi45BIw0Vj4QPTUgTgTgSJM', 1496742270, '2017-06-06 17:44:30', ''),
(19, 2, '', '32767', '支付宝验签失败', '110.75.248.145', 'total_amount=0.01&buyer_id=2088202240983688&trade_no=2017060621001004680254844925&notify_time=2017-06-06+17%3A56%3A11&subject=%E9%BB%91%E7%B2%BE%E5%B9%B4%E8%B4%B9&sign_type=RSA&buyer_logon_id=lyc***%40163.com&auth_app_id=2017060507424556&charset=utf-8&notify_type=trade_status_sync&invoice_amount=0.01&out_trade_no=2017060654204&trade_status=TRADE_SUCCESS&gmt_payment=2017-06-06+14%3A30%3A07&version=1.0&point_amount=0.00&sign=wb5vFMhyK8UOeqR6WxiCmbIlYiEkircaJeETyfZMqGD%2Bt95u7H4AqNWdKIFZNyH4wCDAb3x', 1496742972, '2017-06-06 17:56:12', ''),
(20, 2, '', '32767', '支付宝验签失败', '110.75.248.214', 'total_amount=0.01&buyer_id=2088202240983688&trade_no=2017060621001004680254854752&notify_time=2017-06-06+18%3A05%3A23&subject=%E9%BB%91%E7%B2%BE%E5%B9%B4%E8%B4%B9&sign_type=RSA&buyer_logon_id=lyc***%40163.com&auth_app_id=2017060507424556&charset=utf-8&notify_type=trade_status_sync&invoice_amount=0.01&out_trade_no=2017060679011&trade_status=TRADE_SUCCESS&gmt_payment=2017-06-06+14%3A38%3A40&version=1.0&point_amount=0.00&sign=UqDxy%2BxeT2ps%2BXNXIWrreSgT%2B3V2WkjW8VoAV9kFUFBrbyDGMfVPjpCXhKZr7pHNX3L', 1496743523, '2017-06-06 18:05:23', ''),
(21, 2, '', '32767', '支付宝验签失败', '110.75.248.217', 'total_amount=0.01&buyer_id=2088202240983688&trade_no=2017060621001004680254891196&notify_time=2017-06-06+18%3A16%3A50&subject=%E9%BB%91%E7%B2%BE%E5%B9%B4%E8%B4%B9&sign_type=RSA&buyer_logon_id=lyc***%40163.com&auth_app_id=2017060507424556&charset=utf-8&notify_type=trade_status_sync&invoice_amount=0.01&out_trade_no=2017060659661&trade_status=TRADE_SUCCESS&gmt_payment=2017-06-06+14%3A50%3A33&version=1.0&point_amount=0.00&sign=j%2FHdk9wY2NGE8e5jZwNKoZaExmS0KI5hGZGhLKivsvVyEcAQxfviG7DzQ5ekprX4t%2BphD', 1496744210, '2017-06-06 18:16:50', ''),
(22, 2, '', '32767', '支付宝验签失败', '110.75.248.60', 'total_amount=0.01&buyer_id=2088202240983688&trade_no=2017060621001004680254797422&notify_time=2017-06-06+23%3A36%3A14&subject=%E9%BB%91%E7%B2%BE%E5%B9%B4%E8%B4%B9&sign_type=RSA&buyer_logon_id=lyc***%40163.com&auth_app_id=2017060507424556&charset=utf-8&notify_type=trade_status_sync&invoice_amount=0.01&out_trade_no=2017060621599&trade_status=TRADE_SUCCESS&gmt_payment=2017-06-06+14%3A08%3A17&version=1.0&point_amount=0.00&sign=OmMgcxBy8o2m8OFqQ%2F4dMaby6%2BQiF7YHP7YsCIucq9%2FFYBFhEnZprtV2orpW65%2FPo', 1496763375, '2017-06-06 23:36:15', ''),
(23, 2, '', '32767', '支付宝验签失败', '110.75.248.11', 'total_amount=0.01&buyer_id=2088202240983688&trade_no=2017060621001004680254814231&notify_time=2017-06-06+23%3A43%3A06&subject=%E9%BB%91%E7%B2%BE%E5%B9%B4%E8%B4%B9&sign_type=RSA&buyer_logon_id=lyc***%40163.com&auth_app_id=2017060507424556&charset=utf-8&notify_type=trade_status_sync&invoice_amount=0.01&out_trade_no=2017060646901&trade_status=TRADE_SUCCESS&gmt_payment=2017-06-06+14%3A15%3A43&version=1.0&point_amount=0.00&sign=fI7QkgMxMBUcP2eJC%2F5WVtTfT4Fl%2BIvaq2SOMaRU3fMU3%2BcnAbo0VkZxw6vPNrJ%2BM', 1496763786, '2017-06-06 23:43:06', ''),
(24, 2, '', '32767', '支付宝验签失败', '110.75.248.73', 'total_amount=0.01&buyer_id=2088202240983688&trade_no=2017060621001004680254825949&notify_time=2017-06-06+23%3A44%3A53&subject=%E9%BB%91%E7%B2%BE%E5%B9%B4%E8%B4%B9&sign_type=RSA&buyer_logon_id=lyc***%40163.com&auth_app_id=2017060507424556&charset=utf-8&notify_type=trade_status_sync&invoice_amount=0.01&out_trade_no=2017060673107&trade_status=TRADE_SUCCESS&gmt_payment=2017-06-06+14%3A17%3A18&version=1.0&point_amount=0.00&sign=aKbQv4plrxWRa8lkoHD9wNVUGbIwKMrokN6Uu48fIjfmB9tJmbmcu1fWCZhRPk4PwKXeITiFn', 1496763893, '2017-06-06 23:44:53', ''),
(25, 2, '', '32767', '支付宝验签失败', '110.75.248.127', 'total_amount=0.01&buyer_id=2088202240983688&trade_no=2017060621001004680254844925&notify_time=2017-06-06+23%3A56%3A27&subject=%E9%BB%91%E7%B2%BE%E5%B9%B4%E8%B4%B9&sign_type=RSA&buyer_logon_id=lyc***%40163.com&auth_app_id=2017060507424556&charset=utf-8&notify_type=trade_status_sync&invoice_amount=0.01&out_trade_no=2017060654204&trade_status=TRADE_SUCCESS&gmt_payment=2017-06-06+14%3A30%3A07&version=1.0&point_amount=0.00&sign=fmW11bGAP7YFEtMHPYlx0eEOhFmmBu79mlzPBu%2FOc6Szp1V7DW%2BGP7HqtzQ6qgLxJ9n3n', 1496764588, '2017-06-06 23:56:28', ''),
(26, 2, '', '32767', '支付宝验签失败', '110.75.248.139', 'total_amount=0.01&buyer_id=2088202240983688&trade_no=2017060621001004680254854752&notify_time=2017-06-07+00%3A05%3A47&subject=%E9%BB%91%E7%B2%BE%E5%B9%B4%E8%B4%B9&sign_type=RSA&buyer_logon_id=lyc***%40163.com&auth_app_id=2017060507424556&charset=utf-8&notify_type=trade_status_sync&invoice_amount=0.01&out_trade_no=2017060679011&trade_status=TRADE_SUCCESS&gmt_payment=2017-06-06+14%3A38%3A40&version=1.0&point_amount=0.00&sign=ocQcRUNw7wW0dDnPhfDKXaj094zcEgYlkaHgl1p4H11chB5RofKA8%2BV6h5gPV4TBSTCchSe', 1496765147, '2017-06-07 00:05:47', ''),
(27, 2, '', '32767', '支付宝验签失败', '110.75.248.197', 'total_amount=0.01&buyer_id=2088202240983688&trade_no=2017060621001004680254891196&notify_time=2017-06-07+00%3A16%3A29&subject=%E9%BB%91%E7%B2%BE%E5%B9%B4%E8%B4%B9&sign_type=RSA&buyer_logon_id=lyc***%40163.com&auth_app_id=2017060507424556&charset=utf-8&notify_type=trade_status_sync&invoice_amount=0.01&out_trade_no=2017060659661&trade_status=TRADE_SUCCESS&gmt_payment=2017-06-06+14%3A50%3A33&version=1.0&point_amount=0.00&sign=u3%2Fp%2FF4kAtnZ2WYxmwfipfUiX%2FpyPCurVvhvWZvsoBXC2bLyHaxDouCaCYmdezBn8tL', 1496765789, '2017-06-07 00:16:29', ''),
(28, 2, '', '32767', '支付宝验签失败', '110.75.248.9', 'total_amount=0.01&buyer_id=2088202240983688&trade_no=2017060621001004680254797422&notify_time=2017-06-07+14%3A36%3A12&subject=%E9%BB%91%E7%B2%BE%E5%B9%B4%E8%B4%B9&sign_type=RSA&buyer_logon_id=lyc***%40163.com&auth_app_id=2017060507424556&charset=utf-8&notify_type=trade_status_sync&invoice_amount=0.01&out_trade_no=2017060621599&trade_status=TRADE_SUCCESS&gmt_payment=2017-06-06+14%3A08%3A17&version=1.0&point_amount=0.00&sign=QBAoRLlGGbaGHIAAzXPBTgRxFktFZrje5UuGeREnAeZ2wlZlQ7ukO4k%2BL2Lry2yuSKI38It', 1496817372, '2017-06-07 14:36:12', ''),
(29, 2, '', '32767', '支付宝验签失败', '110.75.248.219', 'total_amount=0.01&buyer_id=2088202240983688&trade_no=2017060621001004680254814231&notify_time=2017-06-07+14%3A43%3A14&subject=%E9%BB%91%E7%B2%BE%E5%B9%B4%E8%B4%B9&sign_type=RSA&buyer_logon_id=lyc***%40163.com&auth_app_id=2017060507424556&charset=utf-8&notify_type=trade_status_sync&invoice_amount=0.01&out_trade_no=2017060646901&trade_status=TRADE_SUCCESS&gmt_payment=2017-06-06+14%3A15%3A43&version=1.0&point_amount=0.00&sign=u2M%2Fbb9r4ARPCG8qYTeGKHm6rcwHVMVIAtfuHND2nFYpAUmdACqXPcU2iQhmhmfgh8ACOHm', 1496817794, '2017-06-07 14:43:14', ''),
(30, 2, '', '32767', '支付宝验签失败', '110.75.248.97', 'total_amount=0.01&buyer_id=2088202240983688&trade_no=2017060621001004680254825949&notify_time=2017-06-07+14%3A45%3A23&subject=%E9%BB%91%E7%B2%BE%E5%B9%B4%E8%B4%B9&sign_type=RSA&buyer_logon_id=lyc***%40163.com&auth_app_id=2017060507424556&charset=utf-8&notify_type=trade_status_sync&invoice_amount=0.01&out_trade_no=2017060673107&trade_status=TRADE_SUCCESS&gmt_payment=2017-06-06+14%3A17%3A18&version=1.0&point_amount=0.00&sign=KgVCYe%2FrwFWrClbY8HGGuKipCcXSGNlLbZUqs1EXCB6tZGIuQIAy54sVlqz1A1xdFraQuNz', 1496817923, '2017-06-07 14:45:23', ''),
(31, 2, '', '32767', '支付宝验签失败', '110.75.248.16', 'total_amount=0.01&buyer_id=2088202240983688&trade_no=2017060621001004680254844925&notify_time=2017-06-07+14%3A57%3A49&subject=%E9%BB%91%E7%B2%BE%E5%B9%B4%E8%B4%B9&sign_type=RSA&buyer_logon_id=lyc***%40163.com&auth_app_id=2017060507424556&charset=utf-8&notify_type=trade_status_sync&invoice_amount=0.01&out_trade_no=2017060654204&trade_status=TRADE_SUCCESS&gmt_payment=2017-06-06+14%3A30%3A07&version=1.0&point_amount=0.00&sign=tp9nfvddESeSDIfhlDMvDr%2BGHjxo6dOSkcRAvg%2B1q%2FShHqgfe6xn2yQUpszgOs%2FoT', 1496818670, '2017-06-07 14:57:50', ''),
(32, 2, '', '32767', '支付宝验签失败', '110.75.248.154', 'total_amount=0.01&buyer_id=2088202240983688&trade_no=2017060621001004680254854752&notify_time=2017-06-07+15%3A05%3A39&subject=%E9%BB%91%E7%B2%BE%E5%B9%B4%E8%B4%B9&sign_type=RSA&buyer_logon_id=lyc***%40163.com&auth_app_id=2017060507424556&charset=utf-8&notify_type=trade_status_sync&invoice_amount=0.01&out_trade_no=2017060679011&trade_status=TRADE_SUCCESS&gmt_payment=2017-06-06+14%3A38%3A40&version=1.0&point_amount=0.00&sign=I5gFp0LMD%2BqSTmWaMFdLSxUHxkOeJ%2Bt6%2FUkAtCTVQSiRgMlXLKj4kuP6NW1Lz7b0CE3', 1496819139, '2017-06-07 15:05:39', ''),
(33, 2, '', '32767', '支付宝验签失败', '110.75.248.91', 'total_amount=0.01&buyer_id=2088202240983688&trade_no=2017060621001004680254891196&notify_time=2017-06-07+15%3A17%3A20&subject=%E9%BB%91%E7%B2%BE%E5%B9%B4%E8%B4%B9&sign_type=RSA&buyer_logon_id=lyc***%40163.com&auth_app_id=2017060507424556&charset=utf-8&notify_type=trade_status_sync&invoice_amount=0.01&out_trade_no=2017060659661&trade_status=TRADE_SUCCESS&gmt_payment=2017-06-06+14%3A50%3A33&version=1.0&point_amount=0.00&sign=TSGi1mGqpiPAPKRukTLeWv65WZq9DruGy9a30O1AWTcSdsfqsF%2F95iIfABOWicmRwF6yLu6', 1496819840, '2017-06-07 15:17:20', ''),
(34, 1, '2017061205298', '32767', 'appid不匹配', '140.207.54.75', '<xml><appid><![CDATA[wxe68634b5fee6bae2]]></appid>\n<bank_type><![CDATA[CFT]]></bank_type>\n<cash_fee><![CDATA[1]]></cash_fee>\n<fee_type><![CDATA[CNY]]></fee_type>\n<is_subscribe><![CDATA[N]]></is_subscribe>\n<mch_id><![CDATA[1404209602]]></mch_id>\n<nonce_str><![CDATA[cd98f00b204e9800998ecf8427e]]></nonce_str>\n<openid><![CDATA[oUegI0YZh0507vJh4l8vX_kJSWx8]]></openid>\n<out_trade_no><![CDATA[2017061205298]]></out_trade_no>\n<result_code><![CDATA[SUCCESS]]></result_code>\n<return_code><![CDATA[SUCCESS]]>', 1497257197, '2017-06-12 16:46:37', ''),
(35, 1, '2017061205298', '32767', 'appid不匹配', '140.207.54.74', '<xml><appid><![CDATA[wxe68634b5fee6bae2]]></appid>\n<bank_type><![CDATA[CFT]]></bank_type>\n<cash_fee><![CDATA[1]]></cash_fee>\n<fee_type><![CDATA[CNY]]></fee_type>\n<is_subscribe><![CDATA[N]]></is_subscribe>\n<mch_id><![CDATA[1404209602]]></mch_id>\n<nonce_str><![CDATA[cd98f00b204e9800998ecf8427e]]></nonce_str>\n<openid><![CDATA[oUegI0YZh0507vJh4l8vX_kJSWx8]]></openid>\n<out_trade_no><![CDATA[2017061205298]]></out_trade_no>\n<result_code><![CDATA[SUCCESS]]></result_code>\n<return_code><![CDATA[SUCCESS]]>', 1497257207, '2017-06-12 16:46:47', ''),
(36, 1, '2017061205298', '32767', 'appid不匹配', '140.207.54.76', '<xml><appid><![CDATA[wxe68634b5fee6bae2]]></appid>\n<bank_type><![CDATA[CFT]]></bank_type>\n<cash_fee><![CDATA[1]]></cash_fee>\n<fee_type><![CDATA[CNY]]></fee_type>\n<is_subscribe><![CDATA[N]]></is_subscribe>\n<mch_id><![CDATA[1404209602]]></mch_id>\n<nonce_str><![CDATA[cd98f00b204e9800998ecf8427e]]></nonce_str>\n<openid><![CDATA[oUegI0YZh0507vJh4l8vX_kJSWx8]]></openid>\n<out_trade_no><![CDATA[2017061205298]]></out_trade_no>\n<result_code><![CDATA[SUCCESS]]></result_code>\n<return_code><![CDATA[SUCCESS]]>', 1497257223, '2017-06-12 16:47:03', ''),
(37, 1, '2017061205298', '32767', 'appid不匹配', '140.207.54.76', '<xml><appid><![CDATA[wxe68634b5fee6bae2]]></appid>\n<bank_type><![CDATA[CFT]]></bank_type>\n<cash_fee><![CDATA[1]]></cash_fee>\n<fee_type><![CDATA[CNY]]></fee_type>\n<is_subscribe><![CDATA[N]]></is_subscribe>\n<mch_id><![CDATA[1404209602]]></mch_id>\n<nonce_str><![CDATA[cd98f00b204e9800998ecf8427e]]></nonce_str>\n<openid><![CDATA[oUegI0YZh0507vJh4l8vX_kJSWx8]]></openid>\n<out_trade_no><![CDATA[2017061205298]]></out_trade_no>\n<result_code><![CDATA[SUCCESS]]></result_code>\n<return_code><![CDATA[SUCCESS]]>', 1497257255, '2017-06-12 16:47:35', ''),
(38, 1, '2017061205298', '32767', 'appid不匹配', '140.207.54.74', '<xml><appid><![CDATA[wxe68634b5fee6bae2]]></appid>\n<bank_type><![CDATA[CFT]]></bank_type>\n<cash_fee><![CDATA[1]]></cash_fee>\n<fee_type><![CDATA[CNY]]></fee_type>\n<is_subscribe><![CDATA[N]]></is_subscribe>\n<mch_id><![CDATA[1404209602]]></mch_id>\n<nonce_str><![CDATA[cd98f00b204e9800998ecf8427e]]></nonce_str>\n<openid><![CDATA[oUegI0YZh0507vJh4l8vX_kJSWx8]]></openid>\n<out_trade_no><![CDATA[2017061205298]]></out_trade_no>\n<result_code><![CDATA[SUCCESS]]></result_code>\n<return_code><![CDATA[SUCCESS]]>', 1497257436, '2017-06-12 16:50:36', ''),
(39, 1, '2017061220158', '32767', 'appid不匹配', '140.207.54.76', '<xml><appid><![CDATA[wxe68634b5fee6bae2]]></appid>\n<bank_type><![CDATA[CFT]]></bank_type>\n<cash_fee><![CDATA[1]]></cash_fee>\n<fee_type><![CDATA[CNY]]></fee_type>\n<is_subscribe><![CDATA[N]]></is_subscribe>\n<mch_id><![CDATA[1404209602]]></mch_id>\n<nonce_str><![CDATA[cd98f00b204e9800998ecf8427e]]></nonce_str>\n<openid><![CDATA[oUegI0ehx4hl6zS2a_JBDa35h1NY]]></openid>\n<out_trade_no><![CDATA[2017061220158]]></out_trade_no>\n<result_code><![CDATA[SUCCESS]]></result_code>\n<return_code><![CDATA[SUCCESS]]>', 1497259046, '2017-06-12 17:17:26', ''),
(40, 1, '2017061220158', '32767', 'appid不匹配', '140.207.54.76', '<xml><appid><![CDATA[wxe68634b5fee6bae2]]></appid>\n<bank_type><![CDATA[CFT]]></bank_type>\n<cash_fee><![CDATA[1]]></cash_fee>\n<fee_type><![CDATA[CNY]]></fee_type>\n<is_subscribe><![CDATA[N]]></is_subscribe>\n<mch_id><![CDATA[1404209602]]></mch_id>\n<nonce_str><![CDATA[cd98f00b204e9800998ecf8427e]]></nonce_str>\n<openid><![CDATA[oUegI0ehx4hl6zS2a_JBDa35h1NY]]></openid>\n<out_trade_no><![CDATA[2017061220158]]></out_trade_no>\n<result_code><![CDATA[SUCCESS]]></result_code>\n<return_code><![CDATA[SUCCESS]]>', 1497259060, '2017-06-12 17:17:40', ''),
(41, 1, '2017061220158', '32767', 'appid不匹配', '140.207.54.76', '<xml><appid><![CDATA[wxe68634b5fee6bae2]]></appid>\n<bank_type><![CDATA[CFT]]></bank_type>\n<cash_fee><![CDATA[1]]></cash_fee>\n<fee_type><![CDATA[CNY]]></fee_type>\n<is_subscribe><![CDATA[N]]></is_subscribe>\n<mch_id><![CDATA[1404209602]]></mch_id>\n<nonce_str><![CDATA[cd98f00b204e9800998ecf8427e]]></nonce_str>\n<openid><![CDATA[oUegI0ehx4hl6zS2a_JBDa35h1NY]]></openid>\n<out_trade_no><![CDATA[2017061220158]]></out_trade_no>\n<result_code><![CDATA[SUCCESS]]></result_code>\n<return_code><![CDATA[SUCCESS]]>', 1497259076, '2017-06-12 17:17:56', ''),
(42, 1, '2017061220158', '32767', 'appid不匹配', '140.207.54.76', '<xml><appid><![CDATA[wxe68634b5fee6bae2]]></appid>\n<bank_type><![CDATA[CFT]]></bank_type>\n<cash_fee><![CDATA[1]]></cash_fee>\n<fee_type><![CDATA[CNY]]></fee_type>\n<is_subscribe><![CDATA[N]]></is_subscribe>\n<mch_id><![CDATA[1404209602]]></mch_id>\n<nonce_str><![CDATA[cd98f00b204e9800998ecf8427e]]></nonce_str>\n<openid><![CDATA[oUegI0ehx4hl6zS2a_JBDa35h1NY]]></openid>\n<out_trade_no><![CDATA[2017061220158]]></out_trade_no>\n<result_code><![CDATA[SUCCESS]]></result_code>\n<return_code><![CDATA[SUCCESS]]>', 1497259107, '2017-06-12 17:18:27', ''),
(43, 1, '2017061205298', '32767', 'appid不匹配', '140.207.54.76', '<xml><appid><![CDATA[wxe68634b5fee6bae2]]></appid>\n<bank_type><![CDATA[CFT]]></bank_type>\n<cash_fee><![CDATA[1]]></cash_fee>\n<fee_type><![CDATA[CNY]]></fee_type>\n<is_subscribe><![CDATA[N]]></is_subscribe>\n<mch_id><![CDATA[1404209602]]></mch_id>\n<nonce_str><![CDATA[cd98f00b204e9800998ecf8427e]]></nonce_str>\n<openid><![CDATA[oUegI0YZh0507vJh4l8vX_kJSWx8]]></openid>\n<out_trade_no><![CDATA[2017061205298]]></out_trade_no>\n<result_code><![CDATA[SUCCESS]]></result_code>\n<return_code><![CDATA[SUCCESS]]>', 1497259239, '2017-06-12 17:20:39', ''),
(44, 1, '2017061220158', '32767', 'appid不匹配', '140.207.54.76', '<xml><appid><![CDATA[wxe68634b5fee6bae2]]></appid>\n<bank_type><![CDATA[CFT]]></bank_type>\n<cash_fee><![CDATA[1]]></cash_fee>\n<fee_type><![CDATA[CNY]]></fee_type>\n<is_subscribe><![CDATA[N]]></is_subscribe>\n<mch_id><![CDATA[1404209602]]></mch_id>\n<nonce_str><![CDATA[cd98f00b204e9800998ecf8427e]]></nonce_str>\n<openid><![CDATA[oUegI0ehx4hl6zS2a_JBDa35h1NY]]></openid>\n<out_trade_no><![CDATA[2017061220158]]></out_trade_no>\n<result_code><![CDATA[SUCCESS]]></result_code>\n<return_code><![CDATA[SUCCESS]]>', 1497259290, '2017-06-12 17:21:30', ''),
(45, 1, '2017061205298', '32767', 'appid不匹配', '140.207.54.76', '<xml><appid><![CDATA[wxe68634b5fee6bae2]]></appid>\n<bank_type><![CDATA[CFT]]></bank_type>\n<cash_fee><![CDATA[1]]></cash_fee>\n<fee_type><![CDATA[CNY]]></fee_type>\n<is_subscribe><![CDATA[N]]></is_subscribe>\n<mch_id><![CDATA[1404209602]]></mch_id>\n<nonce_str><![CDATA[cd98f00b204e9800998ecf8427e]]></nonce_str>\n<openid><![CDATA[oUegI0YZh0507vJh4l8vX_kJSWx8]]></openid>\n<out_trade_no><![CDATA[2017061205298]]></out_trade_no>\n<result_code><![CDATA[SUCCESS]]></result_code>\n<return_code><![CDATA[SUCCESS]]>', 1497261040, '2017-06-12 17:50:40', ''),
(46, 1, '2017061220158', '32767', 'appid不匹配', '140.207.54.75', '<xml><appid><![CDATA[wxe68634b5fee6bae2]]></appid>\n<bank_type><![CDATA[CFT]]></bank_type>\n<cash_fee><![CDATA[1]]></cash_fee>\n<fee_type><![CDATA[CNY]]></fee_type>\n<is_subscribe><![CDATA[N]]></is_subscribe>\n<mch_id><![CDATA[1404209602]]></mch_id>\n<nonce_str><![CDATA[cd98f00b204e9800998ecf8427e]]></nonce_str>\n<openid><![CDATA[oUegI0ehx4hl6zS2a_JBDa35h1NY]]></openid>\n<out_trade_no><![CDATA[2017061220158]]></out_trade_no>\n<result_code><![CDATA[SUCCESS]]></result_code>\n<return_code><![CDATA[SUCCESS]]>', 1497261091, '2017-06-12 17:51:31', ''),
(47, 1, '2017061205298', '32767', '微信验签失败', '140.207.54.74', '<xml><appid><![CDATA[wxe68634b5fee6bae2]]></appid>\n<bank_type><![CDATA[CFT]]></bank_type>\n<cash_fee><![CDATA[1]]></cash_fee>\n<fee_type><![CDATA[CNY]]></fee_type>\n<is_subscribe><![CDATA[N]]></is_subscribe>\n<mch_id><![CDATA[1404209602]]></mch_id>\n<nonce_str><![CDATA[cd98f00b204e9800998ecf8427e]]></nonce_str>\n<openid><![CDATA[oUegI0YZh0507vJh4l8vX_kJSWx8]]></openid>\n<out_trade_no><![CDATA[2017061205298]]></out_trade_no>\n<result_code><![CDATA[SUCCESS]]></result_code>\n<return_code><![CDATA[SUCCESS]]>', 1497262843, '2017-06-12 18:20:43', ''),
(48, 1, '2017061220158', '32767', '微信验签失败', '140.207.54.76', '<xml><appid><![CDATA[wxe68634b5fee6bae2]]></appid>\n<bank_type><![CDATA[CFT]]></bank_type>\n<cash_fee><![CDATA[1]]></cash_fee>\n<fee_type><![CDATA[CNY]]></fee_type>\n<is_subscribe><![CDATA[N]]></is_subscribe>\n<mch_id><![CDATA[1404209602]]></mch_id>\n<nonce_str><![CDATA[cd98f00b204e9800998ecf8427e]]></nonce_str>\n<openid><![CDATA[oUegI0ehx4hl6zS2a_JBDa35h1NY]]></openid>\n<out_trade_no><![CDATA[2017061220158]]></out_trade_no>\n<result_code><![CDATA[SUCCESS]]></result_code>\n<return_code><![CDATA[SUCCESS]]>', 1497262895, '2017-06-12 18:21:35', ''),
(49, 1, '2017061205298', '32767', '微信验签失败', '140.207.54.75', '<xml><appid><![CDATA[wxe68634b5fee6bae2]]></appid>\n<bank_type><![CDATA[CFT]]></bank_type>\n<cash_fee><![CDATA[1]]></cash_fee>\n<fee_type><![CDATA[CNY]]></fee_type>\n<is_subscribe><![CDATA[N]]></is_subscribe>\n<mch_id><![CDATA[1404209602]]></mch_id>\n<nonce_str><![CDATA[cd98f00b204e9800998ecf8427e]]></nonce_str>\n<openid><![CDATA[oUegI0YZh0507vJh4l8vX_kJSWx8]]></openid>\n<out_trade_no><![CDATA[2017061205298]]></out_trade_no>\n<result_code><![CDATA[SUCCESS]]></result_code>\n<return_code><![CDATA[SUCCESS]]>', 1497264645, '2017-06-12 18:50:45', ''),
(50, 1, '2017061220158', '32767', '微信验签失败', '140.207.54.74', '<xml><appid><![CDATA[wxe68634b5fee6bae2]]></appid>\n<bank_type><![CDATA[CFT]]></bank_type>\n<cash_fee><![CDATA[1]]></cash_fee>\n<fee_type><![CDATA[CNY]]></fee_type>\n<is_subscribe><![CDATA[N]]></is_subscribe>\n<mch_id><![CDATA[1404209602]]></mch_id>\n<nonce_str><![CDATA[cd98f00b204e9800998ecf8427e]]></nonce_str>\n<openid><![CDATA[oUegI0ehx4hl6zS2a_JBDa35h1NY]]></openid>\n<out_trade_no><![CDATA[2017061220158]]></out_trade_no>\n<result_code><![CDATA[SUCCESS]]></result_code>\n<return_code><![CDATA[SUCCESS]]>', 1497264697, '2017-06-12 18:51:37', ''),
(51, 1, '2017061220158', '32767', '微信验签失败', '140.207.54.74', '<xml><appid><![CDATA[wxe68634b5fee6bae2]]></appid>\n<bank_type><![CDATA[CFT]]></bank_type>\n<cash_fee><![CDATA[1]]></cash_fee>\n<fee_type><![CDATA[CNY]]></fee_type>\n<is_subscribe><![CDATA[N]]></is_subscribe>\n<mch_id><![CDATA[1404209602]]></mch_id>\n<nonce_str><![CDATA[cd98f00b204e9800998ecf8427e]]></nonce_str>\n<openid><![CDATA[oUegI0ehx4hl6zS2a_JBDa35h1NY]]></openid>\n<out_trade_no><![CDATA[2017061220158]]></out_trade_no>\n<result_code><![CDATA[SUCCESS]]></result_code>\n<return_code><![CDATA[SUCCESS]]>', 1497266499, '2017-06-12 19:21:39', ''),
(52, 1, '2017061205298', '32767', '微信验签失败', '140.207.54.75', '<xml><appid><![CDATA[wxe68634b5fee6bae2]]></appid>\n<bank_type><![CDATA[CFT]]></bank_type>\n<cash_fee><![CDATA[1]]></cash_fee>\n<fee_type><![CDATA[CNY]]></fee_type>\n<is_subscribe><![CDATA[N]]></is_subscribe>\n<mch_id><![CDATA[1404209602]]></mch_id>\n<nonce_str><![CDATA[cd98f00b204e9800998ecf8427e]]></nonce_str>\n<openid><![CDATA[oUegI0YZh0507vJh4l8vX_kJSWx8]]></openid>\n<out_trade_no><![CDATA[2017061205298]]></out_trade_no>\n<result_code><![CDATA[SUCCESS]]></result_code>\n<return_code><![CDATA[SUCCESS]]>', 1497268246, '2017-06-12 19:50:46', ''),
(53, 1, '2017061220158', '32767', '微信验签失败', '140.207.54.74', '<xml><appid><![CDATA[wxe68634b5fee6bae2]]></appid>\n<bank_type><![CDATA[CFT]]></bank_type>\n<cash_fee><![CDATA[1]]></cash_fee>\n<fee_type><![CDATA[CNY]]></fee_type>\n<is_subscribe><![CDATA[N]]></is_subscribe>\n<mch_id><![CDATA[1404209602]]></mch_id>\n<nonce_str><![CDATA[cd98f00b204e9800998ecf8427e]]></nonce_str>\n<openid><![CDATA[oUegI0ehx4hl6zS2a_JBDa35h1NY]]></openid>\n<out_trade_no><![CDATA[2017061220158]]></out_trade_no>\n<result_code><![CDATA[SUCCESS]]></result_code>\n<return_code><![CDATA[SUCCESS]]>', 1497270100, '2017-06-12 20:21:40', ''),
(54, 2, '', '32767', '支付宝验签失败', '110.75.242.69', 'total_amount=0.01&buyer_id=2088002358201508&trade_no=2017061221001004500216960149&notify_time=2017-06-12+21%3A33%3A13&subject=%E9%BB%91%E7%B2%BE%E5%B9%B4%E8%B4%B9&sign_type=RSA&buyer_logon_id=mzn***%40126.com&auth_app_id=2017060507424556&charset=utf-8&notify_type=trade_status_sync&invoice_amount=0.01&out_trade_no=2017061296533&trade_status=TRADE_SUCCESS&gmt_payment=2017-06-12+21%3A33%3A12&version=1.0&point_amount=0.00&sign=dn%2BFfYgP9ngoLuoSV8YUwfxx43AQvBaHkE5lb28eJG4hkADSB%2Bx3g%2BAqT23hsOx%2FL', 1497274393, '2017-06-12 21:33:13', ''),
(55, 2, '', '32767', '支付宝验签失败', '110.75.242.130', 'total_amount=0.01&buyer_id=2088002358201508&trade_no=2017061221001004500216960149&notify_time=2017-06-12+21%3A38%3A06&subject=%E9%BB%91%E7%B2%BE%E5%B9%B4%E8%B4%B9&sign_type=RSA&buyer_logon_id=mzn***%40126.com&auth_app_id=2017060507424556&charset=utf-8&notify_type=trade_status_sync&invoice_amount=0.01&out_trade_no=2017061296533&trade_status=TRADE_SUCCESS&gmt_payment=2017-06-12+21%3A33%3A12&version=1.0&point_amount=0.00&sign=RxySGDnKVh%2BrXOfk4EmMMGrfFmoTGG%2Bi49xkSmT9Awm9BmT3H4Cawdxmq1V9dVEjNyCky', 1497274687, '2017-06-12 21:38:07', ''),
(56, 2, '', '32767', '支付宝验签失败', '110.75.242.75', 'total_amount=0.01&buyer_id=2088002358201508&trade_no=2017061221001004500216966051&notify_time=2017-06-12+21%3A41%3A33&subject=%E9%BB%91%E7%B2%BE%E5%B9%B4%E8%B4%B9&sign_type=RSA&buyer_logon_id=mzn***%40126.com&auth_app_id=2017060507424556&charset=utf-8&notify_type=trade_status_sync&invoice_amount=0.01&out_trade_no=2017061290809&trade_status=TRADE_SUCCESS&gmt_payment=2017-06-12+21%3A41%3A33&version=1.0&point_amount=0.00&sign=Gj4GLGJESuNPUvW6WDs%2Bs3qbl9Zi015bymYRM3%2FAuDQ0VMVv%2F47P2sSK%2FsxRHj8BJ', 1497274893, '2017-06-12 21:41:33', ''),
(57, 2, '', '32767', '支付宝验签失败', '110.75.242.14', 'total_amount=0.01&buyer_id=2088002358201508&trade_no=2017061221001004500216964292&notify_time=2017-06-12+21%3A42%3A21&subject=%E9%BB%91%E7%B2%BE%E5%B9%B4%E8%B4%B9&sign_type=RSA&buyer_logon_id=mzn***%40126.com&auth_app_id=2017060507424556&charset=utf-8&notify_type=trade_status_sync&invoice_amount=0.01&out_trade_no=2017061203195&trade_status=TRADE_SUCCESS&gmt_payment=2017-06-12+21%3A42%3A21&version=1.0&point_amount=0.00&sign=FFFd93rLNzwSK7bGDonKfeIwCot8aYAwwL%2F6Cv4y9XW0E4CLuSwdISwosAM4B2K%2Fjiuzn', 1497274941, '2017-06-12 21:42:21', ''),
(58, 2, '', '32767', '支付宝验签失败', '110.75.242.193', 'total_amount=0.01&buyer_id=2088002358201508&trade_no=2017061221001004500216964292&notify_time=2017-06-12+21%3A47%3A28&subject=%E9%BB%91%E7%B2%BE%E5%B9%B4%E8%B4%B9&sign_type=RSA&buyer_logon_id=mzn***%40126.com&auth_app_id=2017060507424556&charset=utf-8&notify_type=trade_status_sync&invoice_amount=0.01&out_trade_no=2017061203195&trade_status=TRADE_SUCCESS&gmt_payment=2017-06-12+21%3A42%3A21&version=1.0&point_amount=0.00&sign=awETgoo%2B6Gdc7Q3usn8Ypz3NkFPlrhCra0xDNtSPB2FR3dKvAeSHFvZcZ5dM988sdf9lieD', 1497275248, '2017-06-12 21:47:28', ''),
(59, 2, '', '32767', '支付宝验签失败', '110.75.242.107', 'total_amount=0.01&buyer_id=2088002358201508&trade_no=2017061221001004500216960149&notify_time=2017-06-12+21%3A47%3A33&subject=%E9%BB%91%E7%B2%BE%E5%B9%B4%E8%B4%B9&sign_type=RSA&buyer_logon_id=mzn***%40126.com&auth_app_id=2017060507424556&charset=utf-8&notify_type=trade_status_sync&invoice_amount=0.01&out_trade_no=2017061296533&trade_status=TRADE_SUCCESS&gmt_payment=2017-06-12+21%3A33%3A12&version=1.0&point_amount=0.00&sign=PVP%2Brut%2BPViiHd4EpfaE2erfwYiy6daIw9%2FxqHpa4l6tNcTcjq%2FvtXPAr97by3Opq', 1497275253, '2017-06-12 21:47:33', ''),
(60, 2, '', '32767', '支付宝验签失败', '110.75.242.36', 'total_amount=0.01&buyer_id=2088002358201508&trade_no=2017061221001004500216966051&notify_time=2017-06-12+21%3A47%3A54&subject=%E9%BB%91%E7%B2%BE%E5%B9%B4%E8%B4%B9&sign_type=RSA&buyer_logon_id=mzn***%40126.com&auth_app_id=2017060507424556&charset=utf-8&notify_type=trade_status_sync&invoice_amount=0.01&out_trade_no=2017061290809&trade_status=TRADE_SUCCESS&gmt_payment=2017-06-12+21%3A41%3A33&version=1.0&point_amount=0.00&sign=kHQpuNCgiG199stWfUNCkebZiw3lkCT5eoqH5lso4nCktsphShPlxKGLMo%2FHw6%2Bo4Yp8E', 1497275274, '2017-06-12 21:47:54', ''),
(61, 1, '2017061299968', '32767', 'appid不匹配', '140.207.54.74', '<xml><appid><![CDATA[wx845515db72c790d0]]></appid>\n<bank_type><![CDATA[CFT]]></bank_type>\n<cash_fee><![CDATA[1]]></cash_fee>\n<fee_type><![CDATA[CNY]]></fee_type>\n<is_subscribe><![CDATA[N]]></is_subscribe>\n<mch_id><![CDATA[1404209602]]></mch_id>\n<nonce_str><![CDATA[cd98f00b204e9800998ecf8427e]]></nonce_str>\n<openid><![CDATA[oAX7ZvtTT0m829z2V7tyHTmmSKAA]]></openid>\n<out_trade_no><![CDATA[2017061299968]]></out_trade_no>\n<result_code><![CDATA[SUCCESS]]></result_code>\n<return_code><![CDATA[SUCCESS]]>', 1497275285, '2017-06-12 21:48:05', ''),
(62, 1, '2017061299968', '32767', 'appid不匹配', '140.207.54.76', '<xml><appid><![CDATA[wx845515db72c790d0]]></appid>\n<bank_type><![CDATA[CFT]]></bank_type>\n<cash_fee><![CDATA[1]]></cash_fee>\n<fee_type><![CDATA[CNY]]></fee_type>\n<is_subscribe><![CDATA[N]]></is_subscribe>\n<mch_id><![CDATA[1404209602]]></mch_id>\n<nonce_str><![CDATA[cd98f00b204e9800998ecf8427e]]></nonce_str>\n<openid><![CDATA[oAX7ZvtTT0m829z2V7tyHTmmSKAA]]></openid>\n<out_trade_no><![CDATA[2017061299968]]></out_trade_no>\n<result_code><![CDATA[SUCCESS]]></result_code>\n<return_code><![CDATA[SUCCESS]]>', 1497275302, '2017-06-12 21:48:22', ''),
(63, 1, '2017061299968', '32767', 'appid不匹配', '140.207.54.76', '<xml><appid><![CDATA[wx845515db72c790d0]]></appid>\n<bank_type><![CDATA[CFT]]></bank_type>\n<cash_fee><![CDATA[1]]></cash_fee>\n<fee_type><![CDATA[CNY]]></fee_type>\n<is_subscribe><![CDATA[N]]></is_subscribe>\n<mch_id><![CDATA[1404209602]]></mch_id>\n<nonce_str><![CDATA[cd98f00b204e9800998ecf8427e]]></nonce_str>\n<openid><![CDATA[oAX7ZvtTT0m829z2V7tyHTmmSKAA]]></openid>\n<out_trade_no><![CDATA[2017061299968]]></out_trade_no>\n<result_code><![CDATA[SUCCESS]]></result_code>\n<return_code><![CDATA[SUCCESS]]>', 1497275318, '2017-06-12 21:48:38', ''),
(64, 1, '2017061299968', '32767', 'appid不匹配', '140.207.54.76', '<xml><appid><![CDATA[wx845515db72c790d0]]></appid>\n<bank_type><![CDATA[CFT]]></bank_type>\n<cash_fee><![CDATA[1]]></cash_fee>\n<fee_type><![CDATA[CNY]]></fee_type>\n<is_subscribe><![CDATA[N]]></is_subscribe>\n<mch_id><![CDATA[1404209602]]></mch_id>\n<nonce_str><![CDATA[cd98f00b204e9800998ecf8427e]]></nonce_str>\n<openid><![CDATA[oAX7ZvtTT0m829z2V7tyHTmmSKAA]]></openid>\n<out_trade_no><![CDATA[2017061299968]]></out_trade_no>\n<result_code><![CDATA[SUCCESS]]></result_code>\n<return_code><![CDATA[SUCCESS]]>', 1497275349, '2017-06-12 21:49:09', ''),
(65, 1, '2017061299968', '32767', 'appid不匹配', '140.207.54.74', '<xml><appid><![CDATA[wx845515db72c790d0]]></appid>\n<bank_type><![CDATA[CFT]]></bank_type>\n<cash_fee><![CDATA[1]]></cash_fee>\n<fee_type><![CDATA[CNY]]></fee_type>\n<is_subscribe><![CDATA[N]]></is_subscribe>\n<mch_id><![CDATA[1404209602]]></mch_id>\n<nonce_str><![CDATA[cd98f00b204e9800998ecf8427e]]></nonce_str>\n<openid><![CDATA[oAX7ZvtTT0m829z2V7tyHTmmSKAA]]></openid>\n<out_trade_no><![CDATA[2017061299968]]></out_trade_no>\n<result_code><![CDATA[SUCCESS]]></result_code>\n<return_code><![CDATA[SUCCESS]]>', 1497275531, '2017-06-12 21:52:11', ''),
(66, 2, '', '32767', '支付宝验签失败', '110.75.242.13', 'total_amount=0.01&buyer_id=2088002358201508&trade_no=2017061221001004500216966051&notify_time=2017-06-12+21%3A56%3A47&subject=%E9%BB%91%E7%B2%BE%E5%B9%B4%E8%B4%B9&sign_type=RSA&buyer_logon_id=mzn***%40126.com&auth_app_id=2017060507424556&charset=utf-8&notify_type=trade_status_sync&invoice_amount=0.01&out_trade_no=2017061290809&trade_status=TRADE_SUCCESS&gmt_payment=2017-06-12+21%3A41%3A33&version=1.0&point_amount=0.00&sign=uBJ2%2FzBBoPmNgezJgJw%2FG5aVjGQ3vv485x6UsplfKcxHO83r8bc4sRq4CqzpIoyp1g0%2', 1497275807, '2017-06-12 21:56:47', ''),
(67, 2, '', '32767', '支付宝验签失败', '110.75.242.82', 'total_amount=0.01&buyer_id=2088002358201508&trade_no=2017061221001004500216960149&notify_time=2017-06-12+21%3A57%3A53&subject=%E9%BB%91%E7%B2%BE%E5%B9%B4%E8%B4%B9&sign_type=RSA&buyer_logon_id=mzn***%40126.com&auth_app_id=2017060507424556&charset=utf-8&notify_type=trade_status_sync&invoice_amount=0.01&out_trade_no=2017061296533&trade_status=TRADE_SUCCESS&gmt_payment=2017-06-12+21%3A33%3A12&version=1.0&point_amount=0.00&sign=I%2BsXtmWx5Vckuwxu0gQZOXkv5X9ZixPLk%2BJ7ya5B5uymjz3NH%2BAAA3rgZy%2FC%2Bh0', 1497275873, '2017-06-12 21:57:53', ''),
(68, 2, '', '32767', '支付宝验签失败', '110.75.242.249', 'total_amount=0.01&buyer_id=2088002358201508&trade_no=2017061221001004500216964292&notify_time=2017-06-12+21%3A57%3A55&subject=%E9%BB%91%E7%B2%BE%E5%B9%B4%E8%B4%B9&sign_type=RSA&buyer_logon_id=mzn***%40126.com&auth_app_id=2017060507424556&charset=utf-8&notify_type=trade_status_sync&invoice_amount=0.01&out_trade_no=2017061203195&trade_status=TRADE_SUCCESS&gmt_payment=2017-06-12+21%3A42%3A21&version=1.0&point_amount=0.00&sign=oyXCKgOPgLYx19YeOHzv6%2BatwX0zA354omvS9j1KKTkYXaJGV0314mYS99qz5uThUA%2Bon', 1497275875, '2017-06-12 21:57:55', ''),
(69, 2, '', '32767', '支付宝验签失败', '110.75.242.176', 'total_amount=0.01&buyer_id=2088002358201508&trade_no=2017061221001004500216966051&notify_time=2017-06-12+22%3A05%3A15&subject=%E9%BB%91%E7%B2%BE%E5%B9%B4%E8%B4%B9&sign_type=RSA&buyer_logon_id=mzn***%40126.com&auth_app_id=2017060507424556&charset=utf-8&notify_type=trade_status_sync&invoice_amount=0.01&out_trade_no=2017061290809&trade_status=TRADE_SUCCESS&gmt_payment=2017-06-12+21%3A41%3A33&version=1.0&point_amount=0.00&sign=tGz%2BsSQHv%2B2yQ6g2%2F5Knih1LTzX8hpXciSdemYQhqV6AE3ym3FhQ5rag0lF6%2F6gIP', 1497276315, '2017-06-12 22:05:15', ''),
(70, 2, '', '32767', '支付宝验签失败', '110.75.242.106', 'total_amount=0.01&buyer_id=2088002358201508&trade_no=2017061221001004500216964292&notify_time=2017-06-12+22%3A06%3A20&subject=%E9%BB%91%E7%B2%BE%E5%B9%B4%E8%B4%B9&sign_type=RSA&buyer_logon_id=mzn***%40126.com&auth_app_id=2017060507424556&charset=utf-8&notify_type=trade_status_sync&invoice_amount=0.01&out_trade_no=2017061203195&trade_status=TRADE_SUCCESS&gmt_payment=2017-06-12+21%3A42%3A21&version=1.0&point_amount=0.00&sign=bzQqZ5XvfkJ6GTEl8D8O%2BAIolstyAAMntqm2AyBi7Zy2LuZCcxt7zYqKnjfBvGw4rFv0%2F', 1497276380, '2017-06-12 22:06:20', ''),
(71, 1, '2017061299968', '32767', 'appid不匹配', '140.207.54.74', '<xml><appid><![CDATA[wx845515db72c790d0]]></appid>\n<bank_type><![CDATA[CFT]]></bank_type>\n<cash_fee><![CDATA[1]]></cash_fee>\n<fee_type><![CDATA[CNY]]></fee_type>\n<is_subscribe><![CDATA[N]]></is_subscribe>\n<mch_id><![CDATA[1404209602]]></mch_id>\n<nonce_str><![CDATA[cd98f00b204e9800998ecf8427e]]></nonce_str>\n<openid><![CDATA[oAX7ZvtTT0m829z2V7tyHTmmSKAA]]></openid>\n<out_trade_no><![CDATA[2017061299968]]></out_trade_no>\n<result_code><![CDATA[SUCCESS]]></result_code>\n<return_code><![CDATA[SUCCESS]]>', 1497277333, '2017-06-12 22:22:13', ''),
(72, 1, '2017061299968', '32767', 'appid不匹配', '140.207.54.75', '<xml><appid><![CDATA[wx845515db72c790d0]]></appid>\n<bank_type><![CDATA[CFT]]></bank_type>\n<cash_fee><![CDATA[1]]></cash_fee>\n<fee_type><![CDATA[CNY]]></fee_type>\n<is_subscribe><![CDATA[N]]></is_subscribe>\n<mch_id><![CDATA[1404209602]]></mch_id>\n<nonce_str><![CDATA[cd98f00b204e9800998ecf8427e]]></nonce_str>\n<openid><![CDATA[oAX7ZvtTT0m829z2V7tyHTmmSKAA]]></openid>\n<out_trade_no><![CDATA[2017061299968]]></out_trade_no>\n<result_code><![CDATA[SUCCESS]]></result_code>\n<return_code><![CDATA[SUCCESS]]>', 1497279135, '2017-06-12 22:52:15', ''),
(73, 2, '', '32767', '支付宝验签失败', '110.75.242.49', 'total_amount=0.01&buyer_id=2088002358201508&trade_no=2017061221001004500216960149&notify_time=2017-06-12+22%3A57%3A13&subject=%E9%BB%91%E7%B2%BE%E5%B9%B4%E8%B4%B9&sign_type=RSA&buyer_logon_id=mzn***%40126.com&auth_app_id=2017060507424556&charset=utf-8&notify_type=trade_status_sync&invoice_amount=0.01&out_trade_no=2017061296533&trade_status=TRADE_SUCCESS&gmt_payment=2017-06-12+21%3A33%3A12&version=1.0&point_amount=0.00&sign=DXaN7o48%2Fne9SP%2BhdXa3ChHxoOF6BKi4Hc5vcEmdbdEp5rgrXEXQgC1bslhpzfkoUOgwG', 1497279433, '2017-06-12 22:57:13', ''),
(74, 2, '', '32767', '支付宝验签失败', '110.75.242.228', 'total_amount=0.01&buyer_id=2088002358201508&trade_no=2017061221001004500216966051&notify_time=2017-06-12+23%3A05%3A39&subject=%E9%BB%91%E7%B2%BE%E5%B9%B4%E8%B4%B9&sign_type=RSA&buyer_logon_id=mzn***%40126.com&auth_app_id=2017060507424556&charset=utf-8&notify_type=trade_status_sync&invoice_amount=0.01&out_trade_no=2017061290809&trade_status=TRADE_SUCCESS&gmt_payment=2017-06-12+21%3A41%3A33&version=1.0&point_amount=0.00&sign=cw15GBEENXmkeEZWDhTmAYA%2Bljhxf%2B5J4tbHnGNu5D1xAyEcG%2F3LjlOB94SJLSWjTU1', 1497279939, '2017-06-12 23:05:39', ''),
(75, 2, '', '32767', '支付宝验签失败', '110.75.242.141', 'total_amount=0.01&buyer_id=2088002358201508&trade_no=2017061221001004500216964292&notify_time=2017-06-12+23%3A06%3A47&subject=%E9%BB%91%E7%B2%BE%E5%B9%B4%E8%B4%B9&sign_type=RSA&buyer_logon_id=mzn***%40126.com&auth_app_id=2017060507424556&charset=utf-8&notify_type=trade_status_sync&invoice_amount=0.01&out_trade_no=2017061203195&trade_status=TRADE_SUCCESS&gmt_payment=2017-06-12+21%3A42%3A21&version=1.0&point_amount=0.00&sign=n3mfZTvF151bHsk138zRjKME2Ko1E3umxY6tMqlfJGKW78CYcCQQU5xvqC%2FkWhnKWuzWQby', 1497280007, '2017-06-12 23:06:47', ''),
(76, 1, '2017061299968', '32767', 'appid不匹配', '140.207.54.75', '<xml><appid><![CDATA[wx845515db72c790d0]]></appid>\n<bank_type><![CDATA[CFT]]></bank_type>\n<cash_fee><![CDATA[1]]></cash_fee>\n<fee_type><![CDATA[CNY]]></fee_type>\n<is_subscribe><![CDATA[N]]></is_subscribe>\n<mch_id><![CDATA[1404209602]]></mch_id>\n<nonce_str><![CDATA[cd98f00b204e9800998ecf8427e]]></nonce_str>\n<openid><![CDATA[oAX7ZvtTT0m829z2V7tyHTmmSKAA]]></openid>\n<out_trade_no><![CDATA[2017061299968]]></out_trade_no>\n<result_code><![CDATA[SUCCESS]]></result_code>\n<return_code><![CDATA[SUCCESS]]>', 1497280937, '2017-06-12 23:22:17', ''),
(77, 1, '2017061299968', '32767', 'appid不匹配', '140.207.54.76', '<xml><appid><![CDATA[wx845515db72c790d0]]></appid>\n<bank_type><![CDATA[CFT]]></bank_type>\n<cash_fee><![CDATA[1]]></cash_fee>\n<fee_type><![CDATA[CNY]]></fee_type>\n<is_subscribe><![CDATA[N]]></is_subscribe>\n<mch_id><![CDATA[1404209602]]></mch_id>\n<nonce_str><![CDATA[cd98f00b204e9800998ecf8427e]]></nonce_str>\n<openid><![CDATA[oAX7ZvtTT0m829z2V7tyHTmmSKAA]]></openid>\n<out_trade_no><![CDATA[2017061299968]]></out_trade_no>\n<result_code><![CDATA[SUCCESS]]></result_code>\n<return_code><![CDATA[SUCCESS]]>', 1497282740, '2017-06-12 23:52:20', ''),
(78, 1, '2017061299968', '32767', 'appid不匹配', '140.207.54.76', '<xml><appid><![CDATA[wx845515db72c790d0]]></appid>\n<bank_type><![CDATA[CFT]]></bank_type>\n<cash_fee><![CDATA[1]]></cash_fee>\n<fee_type><![CDATA[CNY]]></fee_type>\n<is_subscribe><![CDATA[N]]></is_subscribe>\n<mch_id><![CDATA[1404209602]]></mch_id>\n<nonce_str><![CDATA[cd98f00b204e9800998ecf8427e]]></nonce_str>\n<openid><![CDATA[oAX7ZvtTT0m829z2V7tyHTmmSKAA]]></openid>\n<out_trade_no><![CDATA[2017061299968]]></out_trade_no>\n<result_code><![CDATA[SUCCESS]]></result_code>\n<return_code><![CDATA[SUCCESS]]>', 1497286341, '2017-06-13 00:52:21', ''),
(79, 2, '', '32767', '支付宝验签失败', '110.75.242.180', 'total_amount=0.01&buyer_id=2088002358201508&trade_no=2017061221001004500216960149&notify_time=2017-06-13+01%3A00%3A22&subject=%E9%BB%91%E7%B2%BE%E5%B9%B4%E8%B4%B9&sign_type=RSA&buyer_logon_id=mzn***%40126.com&auth_app_id=2017060507424556&charset=utf-8&notify_type=trade_status_sync&invoice_amount=0.01&out_trade_no=2017061296533&trade_status=TRADE_SUCCESS&gmt_payment=2017-06-12+21%3A33%3A12&version=1.0&point_amount=0.00&sign=SgIb8LduJXXlkZKrwukDdtEdc8fFa8R1ZsyyiWNacX2CrAvlaKFv7CJEnwt4gvy7xyFtGXXXy', 1497286822, '2017-06-13 01:00:22', ''),
(80, 2, '', '32767', '支付宝验签失败', '110.75.242.203', 'total_amount=0.01&buyer_id=2088002358201508&trade_no=2017061221001004500216966051&notify_time=2017-06-13+01%3A05%3A10&subject=%E9%BB%91%E7%B2%BE%E5%B9%B4%E8%B4%B9&sign_type=RSA&buyer_logon_id=mzn***%40126.com&auth_app_id=2017060507424556&charset=utf-8&notify_type=trade_status_sync&invoice_amount=0.01&out_trade_no=2017061290809&trade_status=TRADE_SUCCESS&gmt_payment=2017-06-12+21%3A41%3A33&version=1.0&point_amount=0.00&sign=Bg8DIkQLQVbfvyKVKYvs8r92rDEjamULldo41Y2vs4tUXQncisew2KLsROcDFgdPS8shFvFfK', 1497287110, '2017-06-13 01:05:10', ''),
(81, 2, '', '32767', '支付宝验签失败', '110.75.242.17', 'total_amount=0.01&buyer_id=2088002358201508&trade_no=2017061221001004500216964292&notify_time=2017-06-13+01%3A09%3A14&subject=%E9%BB%91%E7%B2%BE%E5%B9%B4%E8%B4%B9&sign_type=RSA&buyer_logon_id=mzn***%40126.com&auth_app_id=2017060507424556&charset=utf-8&notify_type=trade_status_sync&invoice_amount=0.01&out_trade_no=2017061203195&trade_status=TRADE_SUCCESS&gmt_payment=2017-06-12+21%3A42%3A21&version=1.0&point_amount=0.00&sign=lpLXqGFTJIYY6ZhvA7owwRmAtUexWJ6oGFONZEriLdG8AzrWjnrzJmASGL%2Fz5NeBSSYKDtl', 1497287355, '2017-06-13 01:09:15', ''),
(82, 2, '', '32767', '支付宝验签失败', '110.75.242.153', 'total_amount=0.01&buyer_id=2088002358201508&trade_no=2017061221001004500216960149&notify_time=2017-06-13+06%3A58%3A50&subject=%E9%BB%91%E7%B2%BE%E5%B9%B4%E8%B4%B9&sign_type=RSA&buyer_logon_id=mzn***%40126.com&auth_app_id=2017060507424556&charset=utf-8&notify_type=trade_status_sync&invoice_amount=0.01&out_trade_no=2017061296533&trade_status=TRADE_SUCCESS&gmt_payment=2017-06-12+21%3A33%3A12&version=1.0&point_amount=0.00&sign=iqDrwbfb2kZLcA5Hr13%2FZ9Owma6VjLVJKfjXIfnPR%2BkBBiSBNMzhJLO4Z5%2BIvB%2Bjb', 1497308330, '2017-06-13 06:58:50', ''),
(83, 2, '', '32767', '支付宝验签失败', '110.75.242.211', 'total_amount=0.01&buyer_id=2088002358201508&trade_no=2017061221001004500216966051&notify_time=2017-06-13+07%3A07%3A06&subject=%E9%BB%91%E7%B2%BE%E5%B9%B4%E8%B4%B9&sign_type=RSA&buyer_logon_id=mzn***%40126.com&auth_app_id=2017060507424556&charset=utf-8&notify_type=trade_status_sync&invoice_amount=0.01&out_trade_no=2017061290809&trade_status=TRADE_SUCCESS&gmt_payment=2017-06-12+21%3A41%3A33&version=1.0&point_amount=0.00&sign=krnDWebq2jhwxXlgUAsDFLU%2BEIjnjiU6hdZuOB7rmBCsgBs2neOijl0sXkDKGg6oMbJK4SZ', 1497308826, '2017-06-13 07:07:06', '');
INSERT INTO `jydp_order_error_log` (`id`, `channel`, `ordersn`, `errcode`, `errmsg`, `ip`, `data`, `add_time`, `add_time_format`, `memo`) VALUES
(84, 2, '', '32767', '支付宝验签失败', '110.75.242.230', 'total_amount=0.01&buyer_id=2088002358201508&trade_no=2017061221001004500216964292&notify_time=2017-06-13+07%3A08%3A35&subject=%E9%BB%91%E7%B2%BE%E5%B9%B4%E8%B4%B9&sign_type=RSA&buyer_logon_id=mzn***%40126.com&auth_app_id=2017060507424556&charset=utf-8&notify_type=trade_status_sync&invoice_amount=0.01&out_trade_no=2017061203195&trade_status=TRADE_SUCCESS&gmt_payment=2017-06-12+21%3A42%3A21&version=1.0&point_amount=0.00&sign=XHdc0nuHvaIut5MwGIuqzc9ahYUq2lEFs5UeXq50t6pp3vXM3dhlVGfzkX278gorzm323z61a', 1497308915, '2017-06-13 07:08:35', ''),
(85, 1, '2017061358673', '32767', 'appid不匹配', '140.207.54.74', '<xml><appid><![CDATA[wx845515db72c790d0]]></appid>\n<bank_type><![CDATA[CFT]]></bank_type>\n<cash_fee><![CDATA[1]]></cash_fee>\n<fee_type><![CDATA[CNY]]></fee_type>\n<is_subscribe><![CDATA[N]]></is_subscribe>\n<mch_id><![CDATA[1404209602]]></mch_id>\n<nonce_str><![CDATA[cd98f00b204e9800998ecf8427e]]></nonce_str>\n<openid><![CDATA[oAX7ZvrHkh4191HCe4Z4z9rmC9J8]]></openid>\n<out_trade_no><![CDATA[2017061358673]]></out_trade_no>\n<result_code><![CDATA[SUCCESS]]></result_code>\n<return_code><![CDATA[SUCCESS]]>', 1497323506, '2017-06-13 11:11:46', ''),
(86, 1, '2017061358673', '32767', 'appid不匹配', '140.207.54.76', '<xml><appid><![CDATA[wx845515db72c790d0]]></appid>\n<bank_type><![CDATA[CFT]]></bank_type>\n<cash_fee><![CDATA[1]]></cash_fee>\n<fee_type><![CDATA[CNY]]></fee_type>\n<is_subscribe><![CDATA[N]]></is_subscribe>\n<mch_id><![CDATA[1404209602]]></mch_id>\n<nonce_str><![CDATA[cd98f00b204e9800998ecf8427e]]></nonce_str>\n<openid><![CDATA[oAX7ZvrHkh4191HCe4Z4z9rmC9J8]]></openid>\n<out_trade_no><![CDATA[2017061358673]]></out_trade_no>\n<result_code><![CDATA[SUCCESS]]></result_code>\n<return_code><![CDATA[SUCCESS]]>', 1497323520, '2017-06-13 11:12:00', ''),
(87, 1, '2017061358673', '32767', 'appid不匹配', '140.207.54.76', '<xml><appid><![CDATA[wx845515db72c790d0]]></appid>\n<bank_type><![CDATA[CFT]]></bank_type>\n<cash_fee><![CDATA[1]]></cash_fee>\n<fee_type><![CDATA[CNY]]></fee_type>\n<is_subscribe><![CDATA[N]]></is_subscribe>\n<mch_id><![CDATA[1404209602]]></mch_id>\n<nonce_str><![CDATA[cd98f00b204e9800998ecf8427e]]></nonce_str>\n<openid><![CDATA[oAX7ZvrHkh4191HCe4Z4z9rmC9J8]]></openid>\n<out_trade_no><![CDATA[2017061358673]]></out_trade_no>\n<result_code><![CDATA[SUCCESS]]></result_code>\n<return_code><![CDATA[SUCCESS]]>', 1497323537, '2017-06-13 11:12:17', ''),
(88, 2, '', '32767', '支付宝验签失败', '203.209.232.200', 'total_amount=0.01&buyer_id=2088202452296161&trade_no=2017061321001004160293698529&notify_time=2017-06-13+11%3A12%3A34&subject=%E9%BB%91%E7%B2%BE%E5%B9%B4%E8%B4%B9&sign_type=RSA&buyer_logon_id=138****6031&auth_app_id=2017060507424556&charset=utf-8&notify_type=trade_status_sync&invoice_amount=0.01&out_trade_no=2017061314007&trade_status=TRADE_SUCCESS&gmt_payment=2017-06-13+11%3A12%3A34&version=1.0&point_amount=0.00&sign=BqMvhA13zvlLMY%2BHimskNLo1K%2Brb0MVxR9xiy3agVapVg%2FGbIH2C1F86%2BHzId8o3FIMyko', 1497323554, '2017-06-13 11:12:34', ''),
(89, 1, '2017061358673', '32767', 'appid不匹配', '140.207.54.75', '<xml><appid><![CDATA[wx845515db72c790d0]]></appid>\n<bank_type><![CDATA[CFT]]></bank_type>\n<cash_fee><![CDATA[1]]></cash_fee>\n<fee_type><![CDATA[CNY]]></fee_type>\n<is_subscribe><![CDATA[N]]></is_subscribe>\n<mch_id><![CDATA[1404209602]]></mch_id>\n<nonce_str><![CDATA[cd98f00b204e9800998ecf8427e]]></nonce_str>\n<openid><![CDATA[oAX7ZvrHkh4191HCe4Z4z9rmC9J8]]></openid>\n<out_trade_no><![CDATA[2017061358673]]></out_trade_no>\n<result_code><![CDATA[SUCCESS]]></result_code>\n<return_code><![CDATA[SUCCESS]]>', 1497323570, '2017-06-13 11:12:50', ''),
(90, 1, '2017061362001', '32767', 'appid不匹配', '140.207.54.74', '<xml><appid><![CDATA[wx845515db72c790d0]]></appid>\n<bank_type><![CDATA[CFT]]></bank_type>\n<cash_fee><![CDATA[1]]></cash_fee>\n<fee_type><![CDATA[CNY]]></fee_type>\n<is_subscribe><![CDATA[N]]></is_subscribe>\n<mch_id><![CDATA[1404209602]]></mch_id>\n<nonce_str><![CDATA[cd98f00b204e9800998ecf8427e]]></nonce_str>\n<openid><![CDATA[oAX7ZvrHkh4191HCe4Z4z9rmC9J8]]></openid>\n<out_trade_no><![CDATA[2017061362001]]></out_trade_no>\n<result_code><![CDATA[SUCCESS]]></result_code>\n<return_code><![CDATA[SUCCESS]]>', 1497323615, '2017-06-13 11:13:35', ''),
(91, 1, '2017061362001', '32767', 'appid不匹配', '140.207.54.76', '<xml><appid><![CDATA[wx845515db72c790d0]]></appid>\n<bank_type><![CDATA[CFT]]></bank_type>\n<cash_fee><![CDATA[1]]></cash_fee>\n<fee_type><![CDATA[CNY]]></fee_type>\n<is_subscribe><![CDATA[N]]></is_subscribe>\n<mch_id><![CDATA[1404209602]]></mch_id>\n<nonce_str><![CDATA[cd98f00b204e9800998ecf8427e]]></nonce_str>\n<openid><![CDATA[oAX7ZvrHkh4191HCe4Z4z9rmC9J8]]></openid>\n<out_trade_no><![CDATA[2017061362001]]></out_trade_no>\n<result_code><![CDATA[SUCCESS]]></result_code>\n<return_code><![CDATA[SUCCESS]]>', 1497323625, '2017-06-13 11:13:45', ''),
(92, 1, '2017061362001', '32767', 'appid不匹配', '140.207.54.76', '<xml><appid><![CDATA[wx845515db72c790d0]]></appid>\n<bank_type><![CDATA[CFT]]></bank_type>\n<cash_fee><![CDATA[1]]></cash_fee>\n<fee_type><![CDATA[CNY]]></fee_type>\n<is_subscribe><![CDATA[N]]></is_subscribe>\n<mch_id><![CDATA[1404209602]]></mch_id>\n<nonce_str><![CDATA[cd98f00b204e9800998ecf8427e]]></nonce_str>\n<openid><![CDATA[oAX7ZvrHkh4191HCe4Z4z9rmC9J8]]></openid>\n<out_trade_no><![CDATA[2017061362001]]></out_trade_no>\n<result_code><![CDATA[SUCCESS]]></result_code>\n<return_code><![CDATA[SUCCESS]]>', 1497323641, '2017-06-13 11:14:01', ''),
(93, 1, '2017061362001', '32767', 'appid不匹配', '140.207.54.74', '<xml><appid><![CDATA[wx845515db72c790d0]]></appid>\n<bank_type><![CDATA[CFT]]></bank_type>\n<cash_fee><![CDATA[1]]></cash_fee>\n<fee_type><![CDATA[CNY]]></fee_type>\n<is_subscribe><![CDATA[N]]></is_subscribe>\n<mch_id><![CDATA[1404209602]]></mch_id>\n<nonce_str><![CDATA[cd98f00b204e9800998ecf8427e]]></nonce_str>\n<openid><![CDATA[oAX7ZvrHkh4191HCe4Z4z9rmC9J8]]></openid>\n<out_trade_no><![CDATA[2017061362001]]></out_trade_no>\n<result_code><![CDATA[SUCCESS]]></result_code>\n<return_code><![CDATA[SUCCESS]]>', 1497323672, '2017-06-13 11:14:32', ''),
(94, 1, '2017061358673', '32767', 'appid不匹配', '140.207.54.75', '<xml><appid><![CDATA[wx845515db72c790d0]]></appid>\n<bank_type><![CDATA[CFT]]></bank_type>\n<cash_fee><![CDATA[1]]></cash_fee>\n<fee_type><![CDATA[CNY]]></fee_type>\n<is_subscribe><![CDATA[N]]></is_subscribe>\n<mch_id><![CDATA[1404209602]]></mch_id>\n<nonce_str><![CDATA[cd98f00b204e9800998ecf8427e]]></nonce_str>\n<openid><![CDATA[oAX7ZvrHkh4191HCe4Z4z9rmC9J8]]></openid>\n<out_trade_no><![CDATA[2017061358673]]></out_trade_no>\n<result_code><![CDATA[SUCCESS]]></result_code>\n<return_code><![CDATA[SUCCESS]]>', 1497323752, '2017-06-13 11:15:52', ''),
(95, 1, '2017061362001', '32767', 'appid不匹配', '140.207.54.74', '<xml><appid><![CDATA[wx845515db72c790d0]]></appid>\n<bank_type><![CDATA[CFT]]></bank_type>\n<cash_fee><![CDATA[1]]></cash_fee>\n<fee_type><![CDATA[CNY]]></fee_type>\n<is_subscribe><![CDATA[N]]></is_subscribe>\n<mch_id><![CDATA[1404209602]]></mch_id>\n<nonce_str><![CDATA[cd98f00b204e9800998ecf8427e]]></nonce_str>\n<openid><![CDATA[oAX7ZvrHkh4191HCe4Z4z9rmC9J8]]></openid>\n<out_trade_no><![CDATA[2017061362001]]></out_trade_no>\n<result_code><![CDATA[SUCCESS]]></result_code>\n<return_code><![CDATA[SUCCESS]]>', 1497323855, '2017-06-13 11:17:35', ''),
(96, 2, '', '32767', '支付宝验签失败', '203.209.232.232', 'total_amount=0.01&buyer_id=2088202452296161&trade_no=2017061321001004160293698529&notify_time=2017-06-13+11%3A18%3A14&subject=%E9%BB%91%E7%B2%BE%E5%B9%B4%E8%B4%B9&sign_type=RSA&buyer_logon_id=138****6031&auth_app_id=2017060507424556&charset=utf-8&notify_type=trade_status_sync&invoice_amount=0.01&out_trade_no=2017061314007&trade_status=TRADE_SUCCESS&gmt_payment=2017-06-13+11%3A12%3A34&version=1.0&point_amount=0.00&sign=HiwGbtbETqJX1ap3kZkX5p%2Bv7WIFlFSnA61Y0eXDdDQz2UgL4WW54DQCVSk%2FUUe3fj2ZZ305n9', 1497323895, '2017-06-13 11:18:15', ''),
(97, 2, '', '32767', '支付宝验签失败', '203.209.232.191', 'total_amount=0.01&buyer_id=2088202452296161&trade_no=2017061321001004160293698529&notify_time=2017-06-13+11%3A26%3A22&subject=%E9%BB%91%E7%B2%BE%E5%B9%B4%E8%B4%B9&sign_type=RSA&buyer_logon_id=138****6031&auth_app_id=2017060507424556&charset=utf-8&notify_type=trade_status_sync&invoice_amount=0.01&out_trade_no=2017061314007&trade_status=TRADE_SUCCESS&gmt_payment=2017-06-13+11%3A12%3A34&version=1.0&point_amount=0.00&sign=KgOv04hbYP2AidJGjac303jjLZr9V36S3hucsgvcXIxtbyyoAlCCu2Fk8mkoApAkZegh3Np8CyF8X5', 1497324383, '2017-06-13 11:26:23', ''),
(98, 2, '', '32767', '支付宝验签失败', '203.209.232.251', 'total_amount=0.01&buyer_id=2088202452296161&trade_no=2017061321001004160293698529&notify_time=2017-06-13+11%3A37%3A37&subject=%E9%BB%91%E7%B2%BE%E5%B9%B4%E8%B4%B9&sign_type=RSA&buyer_logon_id=138****6031&auth_app_id=2017060507424556&charset=utf-8&notify_type=trade_status_sync&invoice_amount=0.01&out_trade_no=2017061314007&trade_status=TRADE_SUCCESS&gmt_payment=2017-06-13+11%3A12%3A34&version=1.0&point_amount=0.00&sign=UxmVxDSGUp4EzvEqNNwtTSAvtErTaUE9XcTxjUr%2FBIYfpwUAMB3WwP1n2XM9GNAwWEnqX6U5r6Qu', 1497325057, '2017-06-13 11:37:37', ''),
(99, 1, '2017061358673', '32767', 'appid不匹配', '140.207.54.76', '<xml><appid><![CDATA[wx845515db72c790d0]]></appid>\n<bank_type><![CDATA[CFT]]></bank_type>\n<cash_fee><![CDATA[1]]></cash_fee>\n<fee_type><![CDATA[CNY]]></fee_type>\n<is_subscribe><![CDATA[N]]></is_subscribe>\n<mch_id><![CDATA[1404209602]]></mch_id>\n<nonce_str><![CDATA[cd98f00b204e9800998ecf8427e]]></nonce_str>\n<openid><![CDATA[oAX7ZvrHkh4191HCe4Z4z9rmC9J8]]></openid>\n<out_trade_no><![CDATA[2017061358673]]></out_trade_no>\n<result_code><![CDATA[SUCCESS]]></result_code>\n<return_code><![CDATA[SUCCESS]]>', 1497325553, '2017-06-13 11:45:53', ''),
(100, 1, '2017061362001', '32767', 'appid不匹配', '140.207.54.76', '<xml><appid><![CDATA[wx845515db72c790d0]]></appid>\n<bank_type><![CDATA[CFT]]></bank_type>\n<cash_fee><![CDATA[1]]></cash_fee>\n<fee_type><![CDATA[CNY]]></fee_type>\n<is_subscribe><![CDATA[N]]></is_subscribe>\n<mch_id><![CDATA[1404209602]]></mch_id>\n<nonce_str><![CDATA[cd98f00b204e9800998ecf8427e]]></nonce_str>\n<openid><![CDATA[oAX7ZvrHkh4191HCe4Z4z9rmC9J8]]></openid>\n<out_trade_no><![CDATA[2017061362001]]></out_trade_no>\n<result_code><![CDATA[SUCCESS]]></result_code>\n<return_code><![CDATA[SUCCESS]]>', 1497325656, '2017-06-13 11:47:36', ''),
(101, 1, '2017061358673', '32767', 'appid不匹配', '140.207.54.76', '<xml><appid><![CDATA[wx845515db72c790d0]]></appid>\n<bank_type><![CDATA[CFT]]></bank_type>\n<cash_fee><![CDATA[1]]></cash_fee>\n<fee_type><![CDATA[CNY]]></fee_type>\n<is_subscribe><![CDATA[N]]></is_subscribe>\n<mch_id><![CDATA[1404209602]]></mch_id>\n<nonce_str><![CDATA[cd98f00b204e9800998ecf8427e]]></nonce_str>\n<openid><![CDATA[oAX7ZvrHkh4191HCe4Z4z9rmC9J8]]></openid>\n<out_trade_no><![CDATA[2017061358673]]></out_trade_no>\n<result_code><![CDATA[SUCCESS]]></result_code>\n<return_code><![CDATA[SUCCESS]]>', 1497327355, '2017-06-13 12:15:55', ''),
(102, 1, '2017061362001', '32767', 'appid不匹配', '140.207.54.76', '<xml><appid><![CDATA[wx845515db72c790d0]]></appid>\n<bank_type><![CDATA[CFT]]></bank_type>\n<cash_fee><![CDATA[1]]></cash_fee>\n<fee_type><![CDATA[CNY]]></fee_type>\n<is_subscribe><![CDATA[N]]></is_subscribe>\n<mch_id><![CDATA[1404209602]]></mch_id>\n<nonce_str><![CDATA[cd98f00b204e9800998ecf8427e]]></nonce_str>\n<openid><![CDATA[oAX7ZvrHkh4191HCe4Z4z9rmC9J8]]></openid>\n<out_trade_no><![CDATA[2017061362001]]></out_trade_no>\n<result_code><![CDATA[SUCCESS]]></result_code>\n<return_code><![CDATA[SUCCESS]]>', 1497327459, '2017-06-13 12:17:39', ''),
(103, 2, '', '32767', '支付宝验签失败', '203.209.232.118', 'total_amount=0.01&buyer_id=2088202452296161&trade_no=2017061321001004160293698529&notify_time=2017-06-13+12%3A37%3A08&subject=%E9%BB%91%E7%B2%BE%E5%B9%B4%E8%B4%B9&sign_type=RSA&buyer_logon_id=138****6031&auth_app_id=2017060507424556&charset=utf-8&notify_type=trade_status_sync&invoice_amount=0.01&out_trade_no=2017061314007&trade_status=TRADE_SUCCESS&gmt_payment=2017-06-13+11%3A12%3A34&version=1.0&point_amount=0.00&sign=SIw1Oq194V6wuEZLGkqEmdR4%2BQ7VZm37DiKD9i8B8QFSMlj2E7r7h5HBf7vBOiQDkJg0YChdqK0E', 1497328628, '2017-06-13 12:37:08', ''),
(104, 1, '2017061358673', '32767', 'appid不匹配', '140.207.54.75', '<xml><appid><![CDATA[wx845515db72c790d0]]></appid>\n<bank_type><![CDATA[CFT]]></bank_type>\n<cash_fee><![CDATA[1]]></cash_fee>\n<fee_type><![CDATA[CNY]]></fee_type>\n<is_subscribe><![CDATA[N]]></is_subscribe>\n<mch_id><![CDATA[1404209602]]></mch_id>\n<nonce_str><![CDATA[cd98f00b204e9800998ecf8427e]]></nonce_str>\n<openid><![CDATA[oAX7ZvrHkh4191HCe4Z4z9rmC9J8]]></openid>\n<out_trade_no><![CDATA[2017061358673]]></out_trade_no>\n<result_code><![CDATA[SUCCESS]]></result_code>\n<return_code><![CDATA[SUCCESS]]>', 1497329156, '2017-06-13 12:45:56', ''),
(105, 1, '2017061362001', '32767', 'appid不匹配', '140.207.54.74', '<xml><appid><![CDATA[wx845515db72c790d0]]></appid>\n<bank_type><![CDATA[CFT]]></bank_type>\n<cash_fee><![CDATA[1]]></cash_fee>\n<fee_type><![CDATA[CNY]]></fee_type>\n<is_subscribe><![CDATA[N]]></is_subscribe>\n<mch_id><![CDATA[1404209602]]></mch_id>\n<nonce_str><![CDATA[cd98f00b204e9800998ecf8427e]]></nonce_str>\n<openid><![CDATA[oAX7ZvrHkh4191HCe4Z4z9rmC9J8]]></openid>\n<out_trade_no><![CDATA[2017061362001]]></out_trade_no>\n<result_code><![CDATA[SUCCESS]]></result_code>\n<return_code><![CDATA[SUCCESS]]>', 1497329261, '2017-06-13 12:47:41', ''),
(106, 1, '2017061358673', '32767', 'appid不匹配', '140.207.54.74', '<xml><appid><![CDATA[wx845515db72c790d0]]></appid>\n<bank_type><![CDATA[CFT]]></bank_type>\n<cash_fee><![CDATA[1]]></cash_fee>\n<fee_type><![CDATA[CNY]]></fee_type>\n<is_subscribe><![CDATA[N]]></is_subscribe>\n<mch_id><![CDATA[1404209602]]></mch_id>\n<nonce_str><![CDATA[cd98f00b204e9800998ecf8427e]]></nonce_str>\n<openid><![CDATA[oAX7ZvrHkh4191HCe4Z4z9rmC9J8]]></openid>\n<out_trade_no><![CDATA[2017061358673]]></out_trade_no>\n<result_code><![CDATA[SUCCESS]]></result_code>\n<return_code><![CDATA[SUCCESS]]>', 1497330957, '2017-06-13 13:15:57', ''),
(107, 1, '2017061362001', '32767', 'appid不匹配', '140.207.54.75', '<xml><appid><![CDATA[wx845515db72c790d0]]></appid>\n<bank_type><![CDATA[CFT]]></bank_type>\n<cash_fee><![CDATA[1]]></cash_fee>\n<fee_type><![CDATA[CNY]]></fee_type>\n<is_subscribe><![CDATA[N]]></is_subscribe>\n<mch_id><![CDATA[1404209602]]></mch_id>\n<nonce_str><![CDATA[cd98f00b204e9800998ecf8427e]]></nonce_str>\n<openid><![CDATA[oAX7ZvrHkh4191HCe4Z4z9rmC9J8]]></openid>\n<out_trade_no><![CDATA[2017061362001]]></out_trade_no>\n<result_code><![CDATA[SUCCESS]]></result_code>\n<return_code><![CDATA[SUCCESS]]>', 1497331062, '2017-06-13 13:17:42', ''),
(108, 1, '2017061358673', '32767', 'appid不匹配', '140.207.54.76', '<xml><appid><![CDATA[wx845515db72c790d0]]></appid>\n<bank_type><![CDATA[CFT]]></bank_type>\n<cash_fee><![CDATA[1]]></cash_fee>\n<fee_type><![CDATA[CNY]]></fee_type>\n<is_subscribe><![CDATA[N]]></is_subscribe>\n<mch_id><![CDATA[1404209602]]></mch_id>\n<nonce_str><![CDATA[cd98f00b204e9800998ecf8427e]]></nonce_str>\n<openid><![CDATA[oAX7ZvrHkh4191HCe4Z4z9rmC9J8]]></openid>\n<out_trade_no><![CDATA[2017061358673]]></out_trade_no>\n<result_code><![CDATA[SUCCESS]]></result_code>\n<return_code><![CDATA[SUCCESS]]>', 1497334559, '2017-06-13 14:15:59', ''),
(109, 1, '2017061362001', '32767', 'appid不匹配', '140.207.54.74', '<xml><appid><![CDATA[wx845515db72c790d0]]></appid>\n<bank_type><![CDATA[CFT]]></bank_type>\n<cash_fee><![CDATA[1]]></cash_fee>\n<fee_type><![CDATA[CNY]]></fee_type>\n<is_subscribe><![CDATA[N]]></is_subscribe>\n<mch_id><![CDATA[1404209602]]></mch_id>\n<nonce_str><![CDATA[cd98f00b204e9800998ecf8427e]]></nonce_str>\n<openid><![CDATA[oAX7ZvrHkh4191HCe4Z4z9rmC9J8]]></openid>\n<out_trade_no><![CDATA[2017061362001]]></out_trade_no>\n<result_code><![CDATA[SUCCESS]]></result_code>\n<return_code><![CDATA[SUCCESS]]>', 1497334663, '2017-06-13 14:17:43', ''),
(110, 2, '', '32767', '支付宝验签失败', '203.209.232.188', 'total_amount=0.01&buyer_id=2088202452296161&trade_no=2017061321001004160293698529&notify_time=2017-06-13+14%3A36%3A45&subject=%E9%BB%91%E7%B2%BE%E5%B9%B4%E8%B4%B9&sign_type=RSA&buyer_logon_id=138****6031&auth_app_id=2017060507424556&charset=utf-8&notify_type=trade_status_sync&invoice_amount=0.01&out_trade_no=2017061314007&trade_status=TRADE_SUCCESS&gmt_payment=2017-06-13+11%3A12%3A34&version=1.0&point_amount=0.00&sign=aOo3zC43UAK3cLZ6LhlUtQARJ8zs%2F%2BBIRlM%2BA0Ouso7Jn74q6xkK4CqDERa2owStgxT3ix9u', 1497335805, '2017-06-13 14:36:45', ''),
(111, 2, '', '32767', '支付宝验签失败', '203.209.232.89', 'total_amount=0.01&buyer_id=2088202452296161&trade_no=2017061321001004160293698529&notify_time=2017-06-13+20%3A36%3A31&subject=%E9%BB%91%E7%B2%BE%E5%B9%B4%E8%B4%B9&sign_type=RSA&buyer_logon_id=138****6031&auth_app_id=2017060507424556&charset=utf-8&notify_type=trade_status_sync&invoice_amount=0.01&out_trade_no=2017061314007&trade_status=TRADE_SUCCESS&gmt_payment=2017-06-13+11%3A12%3A34&version=1.0&point_amount=0.00&sign=hzGFRaJfiUXn9W7yVCTSxo07hJlZ95evTg1UZm9uDrhdujk9Fj0jKl7a7eu3DfP%2FjVj9WE6VIcGL', 1497357391, '2017-06-13 20:36:31', ''),
(112, 2, '', '32767', '支付宝验签失败', '110.75.242.179', 'total_amount=0.01&buyer_id=2088002358201508&trade_no=2017061221001004500216960149&notify_time=2017-06-13+22%3A00%3A18&subject=%E9%BB%91%E7%B2%BE%E5%B9%B4%E8%B4%B9&sign_type=RSA&buyer_logon_id=mzn***%40126.com&auth_app_id=2017060507424556&charset=utf-8&notify_type=trade_status_sync&invoice_amount=0.01&out_trade_no=2017061296533&trade_status=TRADE_SUCCESS&gmt_payment=2017-06-12+21%3A33%3A12&version=1.0&point_amount=0.00&sign=RrWYFxBy0juEp8idG0RHd6F1kYfMVbTQpJF%2Fbx%2Ftxv6WKEHPY%2Fu%2FA12nauWSdywTF', 1497362418, '2017-06-13 22:00:18', ''),
(113, 2, '', '32767', '支付宝验签失败', '110.75.242.7', 'total_amount=0.01&buyer_id=2088002358201508&trade_no=2017061221001004500216966051&notify_time=2017-06-13+22%3A05%3A20&subject=%E9%BB%91%E7%B2%BE%E5%B9%B4%E8%B4%B9&sign_type=RSA&buyer_logon_id=mzn***%40126.com&auth_app_id=2017060507424556&charset=utf-8&notify_type=trade_status_sync&invoice_amount=0.01&out_trade_no=2017061290809&trade_status=TRADE_SUCCESS&gmt_payment=2017-06-12+21%3A41%3A33&version=1.0&point_amount=0.00&sign=RvMt2CxZxd1osxZ0eCZZ0JsQ2V0scqbkBXndOVePqYIovQkuD5jazPYgCGa4dPmv9pwgptKB4', 1497362720, '2017-06-13 22:05:20', ''),
(114, 2, '', '32767', '支付宝验签失败', '110.75.242.217', 'total_amount=0.01&buyer_id=2088002358201508&trade_no=2017061221001004500216964292&notify_time=2017-06-13+22%3A09%3A22&subject=%E9%BB%91%E7%B2%BE%E5%B9%B4%E8%B4%B9&sign_type=RSA&buyer_logon_id=mzn***%40126.com&auth_app_id=2017060507424556&charset=utf-8&notify_type=trade_status_sync&invoice_amount=0.01&out_trade_no=2017061203195&trade_status=TRADE_SUCCESS&gmt_payment=2017-06-12+21%3A42%3A21&version=1.0&point_amount=0.00&sign=fczBVegh2r5TcuD4is%2BlO9BoSz711L0uqWdQJ3jMsiwKAJ79SFaRN2MQVMTUTedpQOXRLuU', 1497362962, '2017-06-13 22:09:22', ''),
(115, 2, '', '32767', '支付宝验签失败', '203.209.232.50', 'total_amount=0.01&buyer_id=2088202452296161&trade_no=2017061321001004160293698529&notify_time=2017-06-14+11%3A36%3A22&subject=%E9%BB%91%E7%B2%BE%E5%B9%B4%E8%B4%B9&sign_type=RSA&buyer_logon_id=138****6031&auth_app_id=2017060507424556&charset=utf-8&notify_type=trade_status_sync&invoice_amount=0.01&out_trade_no=2017061314007&trade_status=TRADE_SUCCESS&gmt_payment=2017-06-13+11%3A12%3A34&version=1.0&point_amount=0.00&sign=Jbs9bZlYvMwQKNY5ksTOuQrrYPNy2ymp8AMSrnOWUARqis8hX5PMKVDJRFY%2BH4NwdZKfgEtw%2FN', 1497411383, '2017-06-14 11:36:23', ''),
(116, 1, '2017061528102', '32767', 'appid不匹配', '140.207.54.74', '<xml><appid><![CDATA[wx845515db72c790d0]]></appid>\n<bank_type><![CDATA[CFT]]></bank_type>\n<cash_fee><![CDATA[1]]></cash_fee>\n<fee_type><![CDATA[CNY]]></fee_type>\n<is_subscribe><![CDATA[N]]></is_subscribe>\n<mch_id><![CDATA[1404209602]]></mch_id>\n<nonce_str><![CDATA[cd98f00b204e9800998ecf8427e]]></nonce_str>\n<openid><![CDATA[oAX7ZviSCfRTYP4LaZ32Z6q8qkO4]]></openid>\n<out_trade_no><![CDATA[2017061528102]]></out_trade_no>\n<result_code><![CDATA[SUCCESS]]></result_code>\n<return_code><![CDATA[SUCCESS]]>', 1497492760, '2017-06-15 10:12:40', ''),
(117, 1, '2017061528102', '32767', 'appid不匹配', '140.207.54.76', '<xml><appid><![CDATA[wx845515db72c790d0]]></appid>\n<bank_type><![CDATA[CFT]]></bank_type>\n<cash_fee><![CDATA[1]]></cash_fee>\n<fee_type><![CDATA[CNY]]></fee_type>\n<is_subscribe><![CDATA[N]]></is_subscribe>\n<mch_id><![CDATA[1404209602]]></mch_id>\n<nonce_str><![CDATA[cd98f00b204e9800998ecf8427e]]></nonce_str>\n<openid><![CDATA[oAX7ZviSCfRTYP4LaZ32Z6q8qkO4]]></openid>\n<out_trade_no><![CDATA[2017061528102]]></out_trade_no>\n<result_code><![CDATA[SUCCESS]]></result_code>\n<return_code><![CDATA[SUCCESS]]>', 1497492776, '2017-06-15 10:12:56', ''),
(118, 1, '2017061528102', '32767', 'appid不匹配', '140.207.54.74', '<xml><appid><![CDATA[wx845515db72c790d0]]></appid>\n<bank_type><![CDATA[CFT]]></bank_type>\n<cash_fee><![CDATA[1]]></cash_fee>\n<fee_type><![CDATA[CNY]]></fee_type>\n<is_subscribe><![CDATA[N]]></is_subscribe>\n<mch_id><![CDATA[1404209602]]></mch_id>\n<nonce_str><![CDATA[cd98f00b204e9800998ecf8427e]]></nonce_str>\n<openid><![CDATA[oAX7ZviSCfRTYP4LaZ32Z6q8qkO4]]></openid>\n<out_trade_no><![CDATA[2017061528102]]></out_trade_no>\n<result_code><![CDATA[SUCCESS]]></result_code>\n<return_code><![CDATA[SUCCESS]]>', 1497492794, '2017-06-15 10:13:14', ''),
(119, 1, '2017061528102', '32767', 'appid不匹配', '140.207.54.74', '<xml><appid><![CDATA[wx845515db72c790d0]]></appid>\n<bank_type><![CDATA[CFT]]></bank_type>\n<cash_fee><![CDATA[1]]></cash_fee>\n<fee_type><![CDATA[CNY]]></fee_type>\n<is_subscribe><![CDATA[N]]></is_subscribe>\n<mch_id><![CDATA[1404209602]]></mch_id>\n<nonce_str><![CDATA[cd98f00b204e9800998ecf8427e]]></nonce_str>\n<openid><![CDATA[oAX7ZviSCfRTYP4LaZ32Z6q8qkO4]]></openid>\n<out_trade_no><![CDATA[2017061528102]]></out_trade_no>\n<result_code><![CDATA[SUCCESS]]></result_code>\n<return_code><![CDATA[SUCCESS]]>', 1497492825, '2017-06-15 10:13:45', ''),
(120, 1, '2017061528102', '32767', 'appid不匹配', '140.207.54.76', '<xml><appid><![CDATA[wx845515db72c790d0]]></appid>\n<bank_type><![CDATA[CFT]]></bank_type>\n<cash_fee><![CDATA[1]]></cash_fee>\n<fee_type><![CDATA[CNY]]></fee_type>\n<is_subscribe><![CDATA[N]]></is_subscribe>\n<mch_id><![CDATA[1404209602]]></mch_id>\n<nonce_str><![CDATA[cd98f00b204e9800998ecf8427e]]></nonce_str>\n<openid><![CDATA[oAX7ZviSCfRTYP4LaZ32Z6q8qkO4]]></openid>\n<out_trade_no><![CDATA[2017061528102]]></out_trade_no>\n<result_code><![CDATA[SUCCESS]]></result_code>\n<return_code><![CDATA[SUCCESS]]>', 1497493007, '2017-06-15 10:16:47', ''),
(121, 1, '2017061528102', '32767', 'appid不匹配', '140.207.54.74', '<xml><appid><![CDATA[wx845515db72c790d0]]></appid>\n<bank_type><![CDATA[CFT]]></bank_type>\n<cash_fee><![CDATA[1]]></cash_fee>\n<fee_type><![CDATA[CNY]]></fee_type>\n<is_subscribe><![CDATA[N]]></is_subscribe>\n<mch_id><![CDATA[1404209602]]></mch_id>\n<nonce_str><![CDATA[cd98f00b204e9800998ecf8427e]]></nonce_str>\n<openid><![CDATA[oAX7ZviSCfRTYP4LaZ32Z6q8qkO4]]></openid>\n<out_trade_no><![CDATA[2017061528102]]></out_trade_no>\n<result_code><![CDATA[SUCCESS]]></result_code>\n<return_code><![CDATA[SUCCESS]]>', 1497494809, '2017-06-15 10:46:49', ''),
(122, 1, '2017061528102', '32767', 'appid不匹配', '140.207.54.76', '<xml><appid><![CDATA[wx845515db72c790d0]]></appid>\n<bank_type><![CDATA[CFT]]></bank_type>\n<cash_fee><![CDATA[1]]></cash_fee>\n<fee_type><![CDATA[CNY]]></fee_type>\n<is_subscribe><![CDATA[N]]></is_subscribe>\n<mch_id><![CDATA[1404209602]]></mch_id>\n<nonce_str><![CDATA[cd98f00b204e9800998ecf8427e]]></nonce_str>\n<openid><![CDATA[oAX7ZviSCfRTYP4LaZ32Z6q8qkO4]]></openid>\n<out_trade_no><![CDATA[2017061528102]]></out_trade_no>\n<result_code><![CDATA[SUCCESS]]></result_code>\n<return_code><![CDATA[SUCCESS]]>', 1497496612, '2017-06-15 11:16:52', ''),
(123, 1, '2017061528102', '32767', 'appid不匹配', '140.207.54.74', '<xml><appid><![CDATA[wx845515db72c790d0]]></appid>\n<bank_type><![CDATA[CFT]]></bank_type>\n<cash_fee><![CDATA[1]]></cash_fee>\n<fee_type><![CDATA[CNY]]></fee_type>\n<is_subscribe><![CDATA[N]]></is_subscribe>\n<mch_id><![CDATA[1404209602]]></mch_id>\n<nonce_str><![CDATA[cd98f00b204e9800998ecf8427e]]></nonce_str>\n<openid><![CDATA[oAX7ZviSCfRTYP4LaZ32Z6q8qkO4]]></openid>\n<out_trade_no><![CDATA[2017061528102]]></out_trade_no>\n<result_code><![CDATA[SUCCESS]]></result_code>\n<return_code><![CDATA[SUCCESS]]>', 1497498414, '2017-06-15 11:46:54', ''),
(124, 1, '2017061528102', '32767', 'appid不匹配', '140.207.54.76', '<xml><appid><![CDATA[wx845515db72c790d0]]></appid>\n<bank_type><![CDATA[CFT]]></bank_type>\n<cash_fee><![CDATA[1]]></cash_fee>\n<fee_type><![CDATA[CNY]]></fee_type>\n<is_subscribe><![CDATA[N]]></is_subscribe>\n<mch_id><![CDATA[1404209602]]></mch_id>\n<nonce_str><![CDATA[cd98f00b204e9800998ecf8427e]]></nonce_str>\n<openid><![CDATA[oAX7ZviSCfRTYP4LaZ32Z6q8qkO4]]></openid>\n<out_trade_no><![CDATA[2017061528102]]></out_trade_no>\n<result_code><![CDATA[SUCCESS]]></result_code>\n<return_code><![CDATA[SUCCESS]]>', 1497500215, '2017-06-15 12:16:55', ''),
(125, 1, '2017061528102', '32767', 'appid不匹配', '140.207.54.74', '<xml><appid><![CDATA[wx845515db72c790d0]]></appid>\n<bank_type><![CDATA[CFT]]></bank_type>\n<cash_fee><![CDATA[1]]></cash_fee>\n<fee_type><![CDATA[CNY]]></fee_type>\n<is_subscribe><![CDATA[N]]></is_subscribe>\n<mch_id><![CDATA[1404209602]]></mch_id>\n<nonce_str><![CDATA[cd98f00b204e9800998ecf8427e]]></nonce_str>\n<openid><![CDATA[oAX7ZviSCfRTYP4LaZ32Z6q8qkO4]]></openid>\n<out_trade_no><![CDATA[2017061528102]]></out_trade_no>\n<result_code><![CDATA[SUCCESS]]></result_code>\n<return_code><![CDATA[SUCCESS]]>', 1497503817, '2017-06-15 13:16:57', ''),
(126, 1, '2017061543748', '100003', 'appid不匹配', '140.207.54.76', '<xml><appid><![CDATA[wx845515db72c790d0]]></appid>\n<bank_type><![CDATA[CFT]]></bank_type>\n<cash_fee><![CDATA[1]]></cash_fee>\n<fee_type><![CDATA[CNY]]></fee_type>\n<is_subscribe><![CDATA[N]]></is_subscribe>\n<mch_id><![CDATA[1404209602]]></mch_id>\n<nonce_str><![CDATA[cd98f00b204e9800998ecf8427e]]></nonce_str>\n<openid><![CDATA[oAX7ZvmZqIOmCUEMmQcSGftzHW0Y]]></openid>\n<out_trade_no><![CDATA[2017061543748]]></out_trade_no>\n<result_code><![CDATA[SUCCESS]]></result_code>\n<return_code><![CDATA[SUCCESS]]>', 1497512342, '2017-06-15 15:39:02', ''),
(127, 1, '2017061543748', '100003', 'appid不匹配', '140.207.54.74', '<xml><appid><![CDATA[wx845515db72c790d0]]></appid>\n<bank_type><![CDATA[CFT]]></bank_type>\n<cash_fee><![CDATA[1]]></cash_fee>\n<fee_type><![CDATA[CNY]]></fee_type>\n<is_subscribe><![CDATA[N]]></is_subscribe>\n<mch_id><![CDATA[1404209602]]></mch_id>\n<nonce_str><![CDATA[cd98f00b204e9800998ecf8427e]]></nonce_str>\n<openid><![CDATA[oAX7ZvmZqIOmCUEMmQcSGftzHW0Y]]></openid>\n<out_trade_no><![CDATA[2017061543748]]></out_trade_no>\n<result_code><![CDATA[SUCCESS]]></result_code>\n<return_code><![CDATA[SUCCESS]]>', 1497512357, '2017-06-15 15:39:17', ''),
(128, 1, '2017061543748', '100003', 'appid不匹配', '140.207.54.76', '<xml><appid><![CDATA[wx845515db72c790d0]]></appid>\n<bank_type><![CDATA[CFT]]></bank_type>\n<cash_fee><![CDATA[1]]></cash_fee>\n<fee_type><![CDATA[CNY]]></fee_type>\n<is_subscribe><![CDATA[N]]></is_subscribe>\n<mch_id><![CDATA[1404209602]]></mch_id>\n<nonce_str><![CDATA[cd98f00b204e9800998ecf8427e]]></nonce_str>\n<openid><![CDATA[oAX7ZvmZqIOmCUEMmQcSGftzHW0Y]]></openid>\n<out_trade_no><![CDATA[2017061543748]]></out_trade_no>\n<result_code><![CDATA[SUCCESS]]></result_code>\n<return_code><![CDATA[SUCCESS]]>', 1497512375, '2017-06-15 15:39:35', ''),
(129, 1, '2017061543748', '100003', 'appid不匹配', '140.207.54.74', '<xml><appid><![CDATA[wx845515db72c790d0]]></appid>\n<bank_type><![CDATA[CFT]]></bank_type>\n<cash_fee><![CDATA[1]]></cash_fee>\n<fee_type><![CDATA[CNY]]></fee_type>\n<is_subscribe><![CDATA[N]]></is_subscribe>\n<mch_id><![CDATA[1404209602]]></mch_id>\n<nonce_str><![CDATA[cd98f00b204e9800998ecf8427e]]></nonce_str>\n<openid><![CDATA[oAX7ZvmZqIOmCUEMmQcSGftzHW0Y]]></openid>\n<out_trade_no><![CDATA[2017061543748]]></out_trade_no>\n<result_code><![CDATA[SUCCESS]]></result_code>\n<return_code><![CDATA[SUCCESS]]>', 1497512408, '2017-06-15 15:40:08', ''),
(130, 1, '2017061543748', '100003', 'appid不匹配', '140.207.54.74', '<xml><appid><![CDATA[wx845515db72c790d0]]></appid>\n<bank_type><![CDATA[CFT]]></bank_type>\n<cash_fee><![CDATA[1]]></cash_fee>\n<fee_type><![CDATA[CNY]]></fee_type>\n<is_subscribe><![CDATA[N]]></is_subscribe>\n<mch_id><![CDATA[1404209602]]></mch_id>\n<nonce_str><![CDATA[cd98f00b204e9800998ecf8427e]]></nonce_str>\n<openid><![CDATA[oAX7ZvmZqIOmCUEMmQcSGftzHW0Y]]></openid>\n<out_trade_no><![CDATA[2017061543748]]></out_trade_no>\n<result_code><![CDATA[SUCCESS]]></result_code>\n<return_code><![CDATA[SUCCESS]]>', 1497512590, '2017-06-15 15:43:10', ''),
(131, 1, '2017061504145', '100003', 'appid不匹配', '140.207.54.74', '<xml><appid><![CDATA[wx845515db72c790d0]]></appid>\n<bank_type><![CDATA[CFT]]></bank_type>\n<cash_fee><![CDATA[1]]></cash_fee>\n<fee_type><![CDATA[CNY]]></fee_type>\n<is_subscribe><![CDATA[N]]></is_subscribe>\n<mch_id><![CDATA[1404209602]]></mch_id>\n<nonce_str><![CDATA[cd98f00b204e9800998ecf8427e]]></nonce_str>\n<openid><![CDATA[oAX7ZvmZqIOmCUEMmQcSGftzHW0Y]]></openid>\n<out_trade_no><![CDATA[2017061504145]]></out_trade_no>\n<result_code><![CDATA[SUCCESS]]></result_code>\n<return_code><![CDATA[SUCCESS]]>', 1497512880, '2017-06-15 15:48:00', ''),
(132, 1, '2017061504145', '100003', 'appid不匹配', '140.207.54.76', '<xml><appid><![CDATA[wx845515db72c790d0]]></appid>\n<bank_type><![CDATA[CFT]]></bank_type>\n<cash_fee><![CDATA[1]]></cash_fee>\n<fee_type><![CDATA[CNY]]></fee_type>\n<is_subscribe><![CDATA[N]]></is_subscribe>\n<mch_id><![CDATA[1404209602]]></mch_id>\n<nonce_str><![CDATA[cd98f00b204e9800998ecf8427e]]></nonce_str>\n<openid><![CDATA[oAX7ZvmZqIOmCUEMmQcSGftzHW0Y]]></openid>\n<out_trade_no><![CDATA[2017061504145]]></out_trade_no>\n<result_code><![CDATA[SUCCESS]]></result_code>\n<return_code><![CDATA[SUCCESS]]>', 1497512892, '2017-06-15 15:48:12', ''),
(133, 1, '2017061504145', '100003', 'appid不匹配', '140.207.54.74', '<xml><appid><![CDATA[wx845515db72c790d0]]></appid>\n<bank_type><![CDATA[CFT]]></bank_type>\n<cash_fee><![CDATA[1]]></cash_fee>\n<fee_type><![CDATA[CNY]]></fee_type>\n<is_subscribe><![CDATA[N]]></is_subscribe>\n<mch_id><![CDATA[1404209602]]></mch_id>\n<nonce_str><![CDATA[cd98f00b204e9800998ecf8427e]]></nonce_str>\n<openid><![CDATA[oAX7ZvmZqIOmCUEMmQcSGftzHW0Y]]></openid>\n<out_trade_no><![CDATA[2017061504145]]></out_trade_no>\n<result_code><![CDATA[SUCCESS]]></result_code>\n<return_code><![CDATA[SUCCESS]]>', 1497512909, '2017-06-15 15:48:29', ''),
(134, 1, '2017061504145', '100007', '微信验签失败', '140.207.54.76', '<xml><appid><![CDATA[wx845515db72c790d0]]></appid>\n<bank_type><![CDATA[CFT]]></bank_type>\n<cash_fee><![CDATA[1]]></cash_fee>\n<fee_type><![CDATA[CNY]]></fee_type>\n<is_subscribe><![CDATA[N]]></is_subscribe>\n<mch_id><![CDATA[1404209602]]></mch_id>\n<nonce_str><![CDATA[cd98f00b204e9800998ecf8427e]]></nonce_str>\n<openid><![CDATA[oAX7ZvmZqIOmCUEMmQcSGftzHW0Y]]></openid>\n<out_trade_no><![CDATA[2017061504145]]></out_trade_no>\n<result_code><![CDATA[SUCCESS]]></result_code>\n<return_code><![CDATA[SUCCESS]]>', 1497512940, '2017-06-15 15:49:00', ''),
(135, 1, '2017061509753', '100007', '微信验签失败', '140.207.54.76', '<xml><appid><![CDATA[wx845515db72c790d0]]></appid>\n<bank_type><![CDATA[CFT]]></bank_type>\n<cash_fee><![CDATA[1]]></cash_fee>\n<fee_type><![CDATA[CNY]]></fee_type>\n<is_subscribe><![CDATA[N]]></is_subscribe>\n<mch_id><![CDATA[1404209602]]></mch_id>\n<nonce_str><![CDATA[cd98f00b204e9800998ecf8427e]]></nonce_str>\n<openid><![CDATA[oAX7ZvmZqIOmCUEMmQcSGftzHW0Y]]></openid>\n<out_trade_no><![CDATA[2017061509753]]></out_trade_no>\n<result_code><![CDATA[SUCCESS]]></result_code>\n<return_code><![CDATA[SUCCESS]]>', 1497512975, '2017-06-15 15:49:35', ''),
(136, 1, '2017061509753', '100007', '微信验签失败', '140.207.54.76', '<xml><appid><![CDATA[wx845515db72c790d0]]></appid>\n<bank_type><![CDATA[CFT]]></bank_type>\n<cash_fee><![CDATA[1]]></cash_fee>\n<fee_type><![CDATA[CNY]]></fee_type>\n<is_subscribe><![CDATA[N]]></is_subscribe>\n<mch_id><![CDATA[1404209602]]></mch_id>\n<nonce_str><![CDATA[cd98f00b204e9800998ecf8427e]]></nonce_str>\n<openid><![CDATA[oAX7ZvmZqIOmCUEMmQcSGftzHW0Y]]></openid>\n<out_trade_no><![CDATA[2017061509753]]></out_trade_no>\n<result_code><![CDATA[SUCCESS]]></result_code>\n<return_code><![CDATA[SUCCESS]]>', 1497512988, '2017-06-15 15:49:48', ''),
(137, 1, '2017061509753', '100007', '微信验签失败', '140.207.54.76', '<xml><appid><![CDATA[wx845515db72c790d0]]></appid>\n<bank_type><![CDATA[CFT]]></bank_type>\n<cash_fee><![CDATA[1]]></cash_fee>\n<fee_type><![CDATA[CNY]]></fee_type>\n<is_subscribe><![CDATA[N]]></is_subscribe>\n<mch_id><![CDATA[1404209602]]></mch_id>\n<nonce_str><![CDATA[cd98f00b204e9800998ecf8427e]]></nonce_str>\n<openid><![CDATA[oAX7ZvmZqIOmCUEMmQcSGftzHW0Y]]></openid>\n<out_trade_no><![CDATA[2017061509753]]></out_trade_no>\n<result_code><![CDATA[SUCCESS]]></result_code>\n<return_code><![CDATA[SUCCESS]]>', 1497513004, '2017-06-15 15:50:04', ''),
(138, 1, '2017061509753', '100007', '微信验签失败', '140.207.54.74', '<xml><appid><![CDATA[wx845515db72c790d0]]></appid>\n<bank_type><![CDATA[CFT]]></bank_type>\n<cash_fee><![CDATA[1]]></cash_fee>\n<fee_type><![CDATA[CNY]]></fee_type>\n<is_subscribe><![CDATA[N]]></is_subscribe>\n<mch_id><![CDATA[1404209602]]></mch_id>\n<nonce_str><![CDATA[cd98f00b204e9800998ecf8427e]]></nonce_str>\n<openid><![CDATA[oAX7ZvmZqIOmCUEMmQcSGftzHW0Y]]></openid>\n<out_trade_no><![CDATA[2017061509753]]></out_trade_no>\n<result_code><![CDATA[SUCCESS]]></result_code>\n<return_code><![CDATA[SUCCESS]]>', 1497513037, '2017-06-15 15:50:37', ''),
(139, 1, '2017061504145', '100007', '微信验签失败', '140.207.54.74', '<xml><appid><![CDATA[wx845515db72c790d0]]></appid>\n<bank_type><![CDATA[CFT]]></bank_type>\n<cash_fee><![CDATA[1]]></cash_fee>\n<fee_type><![CDATA[CNY]]></fee_type>\n<is_subscribe><![CDATA[N]]></is_subscribe>\n<mch_id><![CDATA[1404209602]]></mch_id>\n<nonce_str><![CDATA[cd98f00b204e9800998ecf8427e]]></nonce_str>\n<openid><![CDATA[oAX7ZvmZqIOmCUEMmQcSGftzHW0Y]]></openid>\n<out_trade_no><![CDATA[2017061504145]]></out_trade_no>\n<result_code><![CDATA[SUCCESS]]></result_code>\n<return_code><![CDATA[SUCCESS]]>', 1497513123, '2017-06-15 15:52:03', ''),
(140, 1, '2017061509753', '100007', '微信验签失败', '140.207.54.74', '<xml><appid><![CDATA[wx845515db72c790d0]]></appid>\n<bank_type><![CDATA[CFT]]></bank_type>\n<cash_fee><![CDATA[1]]></cash_fee>\n<fee_type><![CDATA[CNY]]></fee_type>\n<is_subscribe><![CDATA[N]]></is_subscribe>\n<mch_id><![CDATA[1404209602]]></mch_id>\n<nonce_str><![CDATA[cd98f00b204e9800998ecf8427e]]></nonce_str>\n<openid><![CDATA[oAX7ZvmZqIOmCUEMmQcSGftzHW0Y]]></openid>\n<out_trade_no><![CDATA[2017061509753]]></out_trade_no>\n<result_code><![CDATA[SUCCESS]]></result_code>\n<return_code><![CDATA[SUCCESS]]>', 1497513221, '2017-06-15 15:53:41', ''),
(141, 1, '2017061543748', '100007', '微信验签失败', '140.207.54.76', '<xml><appid><![CDATA[wx845515db72c790d0]]></appid>\n<bank_type><![CDATA[CFT]]></bank_type>\n<cash_fee><![CDATA[1]]></cash_fee>\n<fee_type><![CDATA[CNY]]></fee_type>\n<is_subscribe><![CDATA[N]]></is_subscribe>\n<mch_id><![CDATA[1404209602]]></mch_id>\n<nonce_str><![CDATA[cd98f00b204e9800998ecf8427e]]></nonce_str>\n<openid><![CDATA[oAX7ZvmZqIOmCUEMmQcSGftzHW0Y]]></openid>\n<out_trade_no><![CDATA[2017061543748]]></out_trade_no>\n<result_code><![CDATA[SUCCESS]]></result_code>\n<return_code><![CDATA[SUCCESS]]>', 1497514392, '2017-06-15 16:13:12', ''),
(142, 1, '2017061504145', '100007', '微信验签失败', '140.207.54.75', '<xml><appid><![CDATA[wx845515db72c790d0]]></appid>\n<bank_type><![CDATA[CFT]]></bank_type>\n<cash_fee><![CDATA[1]]></cash_fee>\n<fee_type><![CDATA[CNY]]></fee_type>\n<is_subscribe><![CDATA[N]]></is_subscribe>\n<mch_id><![CDATA[1404209602]]></mch_id>\n<nonce_str><![CDATA[cd98f00b204e9800998ecf8427e]]></nonce_str>\n<openid><![CDATA[oAX7ZvmZqIOmCUEMmQcSGftzHW0Y]]></openid>\n<out_trade_no><![CDATA[2017061504145]]></out_trade_no>\n<result_code><![CDATA[SUCCESS]]></result_code>\n<return_code><![CDATA[SUCCESS]]>', 1497514925, '2017-06-15 16:22:05', ''),
(143, 1, '2017061509753', '100007', '微信验签失败', '140.207.54.76', '<xml><appid><![CDATA[wx845515db72c790d0]]></appid>\n<bank_type><![CDATA[CFT]]></bank_type>\n<cash_fee><![CDATA[1]]></cash_fee>\n<fee_type><![CDATA[CNY]]></fee_type>\n<is_subscribe><![CDATA[N]]></is_subscribe>\n<mch_id><![CDATA[1404209602]]></mch_id>\n<nonce_str><![CDATA[cd98f00b204e9800998ecf8427e]]></nonce_str>\n<openid><![CDATA[oAX7ZvmZqIOmCUEMmQcSGftzHW0Y]]></openid>\n<out_trade_no><![CDATA[2017061509753]]></out_trade_no>\n<result_code><![CDATA[SUCCESS]]></result_code>\n<return_code><![CDATA[SUCCESS]]>', 1497515022, '2017-06-15 16:23:42', ''),
(144, 1, '2017061543748', '100007', '微信验签失败', '140.207.54.74', '<xml><appid><![CDATA[wx845515db72c790d0]]></appid>\n<bank_type><![CDATA[CFT]]></bank_type>\n<cash_fee><![CDATA[1]]></cash_fee>\n<fee_type><![CDATA[CNY]]></fee_type>\n<is_subscribe><![CDATA[N]]></is_subscribe>\n<mch_id><![CDATA[1404209602]]></mch_id>\n<nonce_str><![CDATA[cd98f00b204e9800998ecf8427e]]></nonce_str>\n<openid><![CDATA[oAX7ZvmZqIOmCUEMmQcSGftzHW0Y]]></openid>\n<out_trade_no><![CDATA[2017061543748]]></out_trade_no>\n<result_code><![CDATA[SUCCESS]]></result_code>\n<return_code><![CDATA[SUCCESS]]>', 1497516193, '2017-06-15 16:43:13', ''),
(145, 2, '', '100005', '支付宝验签失败', '110.75.248.16', 'total_amount=0.01&buyer_id=2088202240983688&trade_no=2017061521001004680271999499&notify_time=2017-06-15+16%3A47%3A59&subject=%E9%BB%91%E7%B2%BE%E5%B9%B4%E8%B4%B9&sign_type=RSA&buyer_logon_id=lyc***%40163.com&auth_app_id=2017060507424556&charset=utf-8&notify_type=trade_status_sync&invoice_amount=0.01&out_trade_no=2017061599197&trade_status=TRADE_SUCCESS&gmt_payment=2017-06-15+16%3A47%3A59&version=1.0&point_amount=0.00&sign=ImzTWd0K0hXw6mmsdX2MK60tL4O0wM9T8w1rB41YTPDGTOaFFTx6FGtmJ7HiVEKtnkey%2F5N', 1497516480, '2017-06-15 16:48:00', ''),
(146, 1, '2017061504145', '100007', '微信验签失败', '140.207.54.74', '<xml><appid><![CDATA[wx845515db72c790d0]]></appid>\n<bank_type><![CDATA[CFT]]></bank_type>\n<cash_fee><![CDATA[1]]></cash_fee>\n<fee_type><![CDATA[CNY]]></fee_type>\n<is_subscribe><![CDATA[N]]></is_subscribe>\n<mch_id><![CDATA[1404209602]]></mch_id>\n<nonce_str><![CDATA[cd98f00b204e9800998ecf8427e]]></nonce_str>\n<openid><![CDATA[oAX7ZvmZqIOmCUEMmQcSGftzHW0Y]]></openid>\n<out_trade_no><![CDATA[2017061504145]]></out_trade_no>\n<result_code><![CDATA[SUCCESS]]></result_code>\n<return_code><![CDATA[SUCCESS]]>', 1497516727, '2017-06-15 16:52:07', ''),
(147, 2, '', '100005', '支付宝验签失败', '110.75.248.222', 'total_amount=0.01&buyer_id=2088202240983688&trade_no=2017061521001004680271999499&notify_time=2017-06-15+16%3A53%3A05&subject=%E9%BB%91%E7%B2%BE%E5%B9%B4%E8%B4%B9&sign_type=RSA&buyer_logon_id=lyc***%40163.com&auth_app_id=2017060507424556&charset=utf-8&notify_type=trade_status_sync&invoice_amount=0.01&out_trade_no=2017061599197&trade_status=TRADE_SUCCESS&gmt_payment=2017-06-15+16%3A47%3A59&version=1.0&point_amount=0.00&sign=YEPUKy8%2FTnuJKQbFizmGmbxLN06bhy3DtKIT1v%2BGJqx%2B3LfT1PVzkrSd%2FoR9DUSS3', 1497516785, '2017-06-15 16:53:05', ''),
(148, 1, '2017061509753', '100007', '微信验签失败', '140.207.54.74', '<xml><appid><![CDATA[wx845515db72c790d0]]></appid>\n<bank_type><![CDATA[CFT]]></bank_type>\n<cash_fee><![CDATA[1]]></cash_fee>\n<fee_type><![CDATA[CNY]]></fee_type>\n<is_subscribe><![CDATA[N]]></is_subscribe>\n<mch_id><![CDATA[1404209602]]></mch_id>\n<nonce_str><![CDATA[cd98f00b204e9800998ecf8427e]]></nonce_str>\n<openid><![CDATA[oAX7ZvmZqIOmCUEMmQcSGftzHW0Y]]></openid>\n<out_trade_no><![CDATA[2017061509753]]></out_trade_no>\n<result_code><![CDATA[SUCCESS]]></result_code>\n<return_code><![CDATA[SUCCESS]]>', 1497516824, '2017-06-15 16:53:44', ''),
(149, 2, '', '100005', '支付宝验签失败', '110.75.248.162', 'total_amount=0.01&buyer_id=2088202240983688&trade_no=2017061521001004680271999499&notify_time=2017-06-15+17%3A02%3A29&subject=%E9%BB%91%E7%B2%BE%E5%B9%B4%E8%B4%B9&sign_type=RSA&buyer_logon_id=lyc***%40163.com&auth_app_id=2017060507424556&charset=utf-8&notify_type=trade_status_sync&invoice_amount=0.01&out_trade_no=2017061599197&trade_status=TRADE_SUCCESS&gmt_payment=2017-06-15+16%3A47%3A59&version=1.0&point_amount=0.00&sign=GAvpfPjAP%2FWOpvMAFQk9bV%2BiI0wQf96%2FrGbSk8wwzRQMrIwb3GRI9wMNtyCL8GhOlOh', 1497517349, '2017-06-15 17:02:29', ''),
(150, 2, '', '100005', '支付宝验签失败', '110.75.248.179', 'total_amount=0.01&buyer_id=2088202240983688&trade_no=2017061521001004680271999499&notify_time=2017-06-15+17%3A11%3A18&subject=%E9%BB%91%E7%B2%BE%E5%B9%B4%E8%B4%B9&sign_type=RSA&buyer_logon_id=lyc***%40163.com&auth_app_id=2017060507424556&charset=utf-8&notify_type=trade_status_sync&invoice_amount=0.01&out_trade_no=2017061599197&trade_status=TRADE_SUCCESS&gmt_payment=2017-06-15+16%3A47%3A59&version=1.0&point_amount=0.00&sign=Hm0gyvh1qwqAcp8CJU99R%2Fe9rRm3K8QZ3JE0HMSZGQvIRduqx9QrKxOKgM2yRlCSPFORwdM', 1497517878, '2017-06-15 17:11:18', ''),
(151, 1, '2017061543748', '100007', '微信验签失败', '140.207.54.76', '<xml><appid><![CDATA[wx845515db72c790d0]]></appid>\n<bank_type><![CDATA[CFT]]></bank_type>\n<cash_fee><![CDATA[1]]></cash_fee>\n<fee_type><![CDATA[CNY]]></fee_type>\n<is_subscribe><![CDATA[N]]></is_subscribe>\n<mch_id><![CDATA[1404209602]]></mch_id>\n<nonce_str><![CDATA[cd98f00b204e9800998ecf8427e]]></nonce_str>\n<openid><![CDATA[oAX7ZvmZqIOmCUEMmQcSGftzHW0Y]]></openid>\n<out_trade_no><![CDATA[2017061543748]]></out_trade_no>\n<result_code><![CDATA[SUCCESS]]></result_code>\n<return_code><![CDATA[SUCCESS]]>', 1497517994, '2017-06-15 17:13:14', ''),
(152, 1, '2017061504145', '100007', '微信验签失败', '140.207.54.76', '<xml><appid><![CDATA[wx845515db72c790d0]]></appid>\n<bank_type><![CDATA[CFT]]></bank_type>\n<cash_fee><![CDATA[1]]></cash_fee>\n<fee_type><![CDATA[CNY]]></fee_type>\n<is_subscribe><![CDATA[N]]></is_subscribe>\n<mch_id><![CDATA[1404209602]]></mch_id>\n<nonce_str><![CDATA[cd98f00b204e9800998ecf8427e]]></nonce_str>\n<openid><![CDATA[oAX7ZvmZqIOmCUEMmQcSGftzHW0Y]]></openid>\n<out_trade_no><![CDATA[2017061504145]]></out_trade_no>\n<result_code><![CDATA[SUCCESS]]></result_code>\n<return_code><![CDATA[SUCCESS]]>', 1497518529, '2017-06-15 17:22:09', ''),
(153, 1, '2017061509753', '100007', '微信验签失败', '140.207.54.76', '<xml><appid><![CDATA[wx845515db72c790d0]]></appid>\n<bank_type><![CDATA[CFT]]></bank_type>\n<cash_fee><![CDATA[1]]></cash_fee>\n<fee_type><![CDATA[CNY]]></fee_type>\n<is_subscribe><![CDATA[N]]></is_subscribe>\n<mch_id><![CDATA[1404209602]]></mch_id>\n<nonce_str><![CDATA[cd98f00b204e9800998ecf8427e]]></nonce_str>\n<openid><![CDATA[oAX7ZvmZqIOmCUEMmQcSGftzHW0Y]]></openid>\n<out_trade_no><![CDATA[2017061509753]]></out_trade_no>\n<result_code><![CDATA[SUCCESS]]></result_code>\n<return_code><![CDATA[SUCCESS]]>', 1497518625, '2017-06-15 17:23:45', ''),
(154, 1, '2017061543748', '100007', '微信验签失败', '140.207.54.74', '<xml><appid><![CDATA[wx845515db72c790d0]]></appid>\n<bank_type><![CDATA[CFT]]></bank_type>\n<cash_fee><![CDATA[1]]></cash_fee>\n<fee_type><![CDATA[CNY]]></fee_type>\n<is_subscribe><![CDATA[N]]></is_subscribe>\n<mch_id><![CDATA[1404209602]]></mch_id>\n<nonce_str><![CDATA[cd98f00b204e9800998ecf8427e]]></nonce_str>\n<openid><![CDATA[oAX7ZvmZqIOmCUEMmQcSGftzHW0Y]]></openid>\n<out_trade_no><![CDATA[2017061543748]]></out_trade_no>\n<result_code><![CDATA[SUCCESS]]></result_code>\n<return_code><![CDATA[SUCCESS]]>', 1497519796, '2017-06-15 17:43:16', ''),
(155, 1, '2017061504145', '100007', '微信验签失败', '140.207.54.76', '<xml><appid><![CDATA[wx845515db72c790d0]]></appid>\n<bank_type><![CDATA[CFT]]></bank_type>\n<cash_fee><![CDATA[1]]></cash_fee>\n<fee_type><![CDATA[CNY]]></fee_type>\n<is_subscribe><![CDATA[N]]></is_subscribe>\n<mch_id><![CDATA[1404209602]]></mch_id>\n<nonce_str><![CDATA[cd98f00b204e9800998ecf8427e]]></nonce_str>\n<openid><![CDATA[oAX7ZvmZqIOmCUEMmQcSGftzHW0Y]]></openid>\n<out_trade_no><![CDATA[2017061504145]]></out_trade_no>\n<result_code><![CDATA[SUCCESS]]></result_code>\n<return_code><![CDATA[SUCCESS]]>', 1497520331, '2017-06-15 17:52:11', ''),
(156, 1, '2017061509753', '100007', '微信验签失败', '140.207.54.76', '<xml><appid><![CDATA[wx845515db72c790d0]]></appid>\n<bank_type><![CDATA[CFT]]></bank_type>\n<cash_fee><![CDATA[1]]></cash_fee>\n<fee_type><![CDATA[CNY]]></fee_type>\n<is_subscribe><![CDATA[N]]></is_subscribe>\n<mch_id><![CDATA[1404209602]]></mch_id>\n<nonce_str><![CDATA[cd98f00b204e9800998ecf8427e]]></nonce_str>\n<openid><![CDATA[oAX7ZvmZqIOmCUEMmQcSGftzHW0Y]]></openid>\n<out_trade_no><![CDATA[2017061509753]]></out_trade_no>\n<result_code><![CDATA[SUCCESS]]></result_code>\n<return_code><![CDATA[SUCCESS]]>', 1497520426, '2017-06-15 17:53:46', ''),
(157, 2, '', '100005', '支付宝验签失败', '110.75.248.101', 'total_amount=0.01&buyer_id=2088202240983688&trade_no=2017061521001004680271999499&notify_time=2017-06-15+18%3A13%3A05&subject=%E9%BB%91%E7%B2%BE%E5%B9%B4%E8%B4%B9&sign_type=RSA&buyer_logon_id=lyc***%40163.com&auth_app_id=2017060507424556&charset=utf-8&notify_type=trade_status_sync&invoice_amount=0.01&out_trade_no=2017061599197&trade_status=TRADE_SUCCESS&gmt_payment=2017-06-15+16%3A47%3A59&version=1.0&point_amount=0.00&sign=W%2BB%2Fx6fkpFtsxh6HZO3QCcx4w8%2BDIi2OMiabVLaX%2BkCfOWZdY9yHbRx5fQksteauw', 1497521585, '2017-06-15 18:13:05', ''),
(158, 1, '2017061543748', '100007', '微信验签失败', '140.207.54.76', '<xml><appid><![CDATA[wx845515db72c790d0]]></appid>\n<bank_type><![CDATA[CFT]]></bank_type>\n<cash_fee><![CDATA[1]]></cash_fee>\n<fee_type><![CDATA[CNY]]></fee_type>\n<is_subscribe><![CDATA[N]]></is_subscribe>\n<mch_id><![CDATA[1404209602]]></mch_id>\n<nonce_str><![CDATA[cd98f00b204e9800998ecf8427e]]></nonce_str>\n<openid><![CDATA[oAX7ZvmZqIOmCUEMmQcSGftzHW0Y]]></openid>\n<out_trade_no><![CDATA[2017061543748]]></out_trade_no>\n<result_code><![CDATA[SUCCESS]]></result_code>\n<return_code><![CDATA[SUCCESS]]>', 1497523398, '2017-06-15 18:43:18', ''),
(159, 1, '2017061504145', '100007', '微信验签失败', '140.207.54.74', '<xml><appid><![CDATA[wx845515db72c790d0]]></appid>\n<bank_type><![CDATA[CFT]]></bank_type>\n<cash_fee><![CDATA[1]]></cash_fee>\n<fee_type><![CDATA[CNY]]></fee_type>\n<is_subscribe><![CDATA[N]]></is_subscribe>\n<mch_id><![CDATA[1404209602]]></mch_id>\n<nonce_str><![CDATA[cd98f00b204e9800998ecf8427e]]></nonce_str>\n<openid><![CDATA[oAX7ZvmZqIOmCUEMmQcSGftzHW0Y]]></openid>\n<out_trade_no><![CDATA[2017061504145]]></out_trade_no>\n<result_code><![CDATA[SUCCESS]]></result_code>\n<return_code><![CDATA[SUCCESS]]>', 1497523933, '2017-06-15 18:52:13', ''),
(160, 1, '2017061509753', '100007', '微信验签失败', '140.207.54.76', '<xml><appid><![CDATA[wx845515db72c790d0]]></appid>\n<bank_type><![CDATA[CFT]]></bank_type>\n<cash_fee><![CDATA[1]]></cash_fee>\n<fee_type><![CDATA[CNY]]></fee_type>\n<is_subscribe><![CDATA[N]]></is_subscribe>\n<mch_id><![CDATA[1404209602]]></mch_id>\n<nonce_str><![CDATA[cd98f00b204e9800998ecf8427e]]></nonce_str>\n<openid><![CDATA[oAX7ZvmZqIOmCUEMmQcSGftzHW0Y]]></openid>\n<out_trade_no><![CDATA[2017061509753]]></out_trade_no>\n<result_code><![CDATA[SUCCESS]]></result_code>\n<return_code><![CDATA[SUCCESS]]>', 1497524028, '2017-06-15 18:53:48', ''),
(161, 2, '', '100005', '支付宝验签失败', '110.75.248.110', 'total_amount=0.01&buyer_id=2088202240983688&trade_no=2017061521001004680271999499&notify_time=2017-06-15+20%3A11%3A52&subject=%E9%BB%91%E7%B2%BE%E5%B9%B4%E8%B4%B9&sign_type=RSA&buyer_logon_id=lyc***%40163.com&auth_app_id=2017060507424556&charset=utf-8&notify_type=trade_status_sync&invoice_amount=0.01&out_trade_no=2017061599197&trade_status=TRADE_SUCCESS&gmt_payment=2017-06-15+16%3A47%3A59&version=1.0&point_amount=0.00&sign=UPUToIdszmFgFo8tcnO1qyhviZz28LyJ2iwNpZfip5r0%2BF9f8ZGDpp%2FXNMpG00yrYZhaJ', 1497528712, '2017-06-15 20:11:52', ''),
(162, 2, '', '100005', '支付宝验签失败', '110.75.248.76', 'gmt_create=2017-06-15+16%3A47%3A59&charset=utf-8&seller_email=3427694907%40qq.com&subject=%E9%BB%91%E7%B2%BE%E5%B9%B4%E8%B4%B9&sign=WnPsyOO9YuWtBEzLf2dKtydLdXwwBgaX3j7xfSvChmV6OQ4FAxaV3Z07vthsvnb%2BUEPUoxisCNh03PgdbIK8cuPuzS6ASswdX5mCNh6iYlaDaPlpN9CL90dG7thwBPNQ9%2F1Qo7%2BTQODR3qGUZjh3okkRnfYXN3%2B5Eqvm9L%2FTGto%3D&buyer_id=2088202240983688&invoice_amount=0.01&notify_id=cdc51911a4a17b52d40eae4a3de9907l8y&fund_bill_list=%5B%7B%22amount%22%3A%220.01%22%2C%22fundChannel%22%3A%22ALIPAYACCOUNT%22%7D%', 1497550284, '2017-06-16 02:11:24', ''),
(163, 1, '2017061668160', '100003', 'appid不匹配', '140.207.54.74', '<xml><appid><![CDATA[wxe68634b5fee6bae2]]></appid>\n<bank_type><![CDATA[CFT]]></bank_type>\n<cash_fee><![CDATA[1]]></cash_fee>\n<fee_type><![CDATA[CNY]]></fee_type>\n<is_subscribe><![CDATA[N]]></is_subscribe>\n<mch_id><![CDATA[1404209602]]></mch_id>\n<nonce_str><![CDATA[cd98f00b204e9800998ecf8427e]]></nonce_str>\n<openid><![CDATA[oUegI0ehx4hl6zS2a_JBDa35h1NY]]></openid>\n<out_trade_no><![CDATA[2017061668160]]></out_trade_no>\n<result_code><![CDATA[SUCCESS]]></result_code>\n<return_code><![CDATA[SUCCESS]]>', 1497579358, '2017-06-16 10:15:58', '');
INSERT INTO `jydp_order_error_log` (`id`, `channel`, `ordersn`, `errcode`, `errmsg`, `ip`, `data`, `add_time`, `add_time_format`, `memo`) VALUES
(164, 1, '2017061668160', '100003', 'appid不匹配', '140.207.54.75', '<xml><appid><![CDATA[wxe68634b5fee6bae2]]></appid>\n<bank_type><![CDATA[CFT]]></bank_type>\n<cash_fee><![CDATA[1]]></cash_fee>\n<fee_type><![CDATA[CNY]]></fee_type>\n<is_subscribe><![CDATA[N]]></is_subscribe>\n<mch_id><![CDATA[1404209602]]></mch_id>\n<nonce_str><![CDATA[cd98f00b204e9800998ecf8427e]]></nonce_str>\n<openid><![CDATA[oUegI0ehx4hl6zS2a_JBDa35h1NY]]></openid>\n<out_trade_no><![CDATA[2017061668160]]></out_trade_no>\n<result_code><![CDATA[SUCCESS]]></result_code>\n<return_code><![CDATA[SUCCESS]]>', 1497579372, '2017-06-16 10:16:12', ''),
(165, 1, '2017061668160', '100003', 'appid不匹配', '140.207.54.76', '<xml><appid><![CDATA[wxe68634b5fee6bae2]]></appid>\n<bank_type><![CDATA[CFT]]></bank_type>\n<cash_fee><![CDATA[1]]></cash_fee>\n<fee_type><![CDATA[CNY]]></fee_type>\n<is_subscribe><![CDATA[N]]></is_subscribe>\n<mch_id><![CDATA[1404209602]]></mch_id>\n<nonce_str><![CDATA[cd98f00b204e9800998ecf8427e]]></nonce_str>\n<openid><![CDATA[oUegI0ehx4hl6zS2a_JBDa35h1NY]]></openid>\n<out_trade_no><![CDATA[2017061668160]]></out_trade_no>\n<result_code><![CDATA[SUCCESS]]></result_code>\n<return_code><![CDATA[SUCCESS]]>', 1497579389, '2017-06-16 10:16:29', ''),
(166, 1, '2017061668160', '100003', 'appid不匹配', '140.207.54.74', '<xml><appid><![CDATA[wxe68634b5fee6bae2]]></appid>\n<bank_type><![CDATA[CFT]]></bank_type>\n<cash_fee><![CDATA[1]]></cash_fee>\n<fee_type><![CDATA[CNY]]></fee_type>\n<is_subscribe><![CDATA[N]]></is_subscribe>\n<mch_id><![CDATA[1404209602]]></mch_id>\n<nonce_str><![CDATA[cd98f00b204e9800998ecf8427e]]></nonce_str>\n<openid><![CDATA[oUegI0ehx4hl6zS2a_JBDa35h1NY]]></openid>\n<out_trade_no><![CDATA[2017061668160]]></out_trade_no>\n<result_code><![CDATA[SUCCESS]]></result_code>\n<return_code><![CDATA[SUCCESS]]>', 1497579422, '2017-06-16 10:17:02', ''),
(167, 1, '2017061668160', '100003', 'appid不匹配', '140.207.54.74', '<xml><appid><![CDATA[wxe68634b5fee6bae2]]></appid>\n<bank_type><![CDATA[CFT]]></bank_type>\n<cash_fee><![CDATA[1]]></cash_fee>\n<fee_type><![CDATA[CNY]]></fee_type>\n<is_subscribe><![CDATA[N]]></is_subscribe>\n<mch_id><![CDATA[1404209602]]></mch_id>\n<nonce_str><![CDATA[cd98f00b204e9800998ecf8427e]]></nonce_str>\n<openid><![CDATA[oUegI0ehx4hl6zS2a_JBDa35h1NY]]></openid>\n<out_trade_no><![CDATA[2017061668160]]></out_trade_no>\n<result_code><![CDATA[SUCCESS]]></result_code>\n<return_code><![CDATA[SUCCESS]]>', 1497579603, '2017-06-16 10:20:03', ''),
(168, 3, '2017061657282', '100007', '微信验签失败', '140.207.54.76', '<xml><appid><![CDATA[wxe68634b5fee6bae2]]></appid>\n<bank_type><![CDATA[CFT]]></bank_type>\n<cash_fee><![CDATA[1]]></cash_fee>\n<fee_type><![CDATA[CNY]]></fee_type>\n<is_subscribe><![CDATA[N]]></is_subscribe>\n<mch_id><![CDATA[1404209602]]></mch_id>\n<nonce_str><![CDATA[cd98f00b204e9800998ecf8427e]]></nonce_str>\n<openid><![CDATA[oUegI0ehx4hl6zS2a_JBDa35h1NY]]></openid>\n<out_trade_no><![CDATA[2017061657282]]></out_trade_no>\n<result_code><![CDATA[SUCCESS]]></result_code>\n<return_code><![CDATA[SUCCESS]]>', 1497580895, '2017-06-16 10:41:35', ''),
(169, 3, '2017061657282', '100007', '微信验签失败', '140.207.54.76', '<xml><appid><![CDATA[wxe68634b5fee6bae2]]></appid>\n<bank_type><![CDATA[CFT]]></bank_type>\n<cash_fee><![CDATA[1]]></cash_fee>\n<fee_type><![CDATA[CNY]]></fee_type>\n<is_subscribe><![CDATA[N]]></is_subscribe>\n<mch_id><![CDATA[1404209602]]></mch_id>\n<nonce_str><![CDATA[cd98f00b204e9800998ecf8427e]]></nonce_str>\n<openid><![CDATA[oUegI0ehx4hl6zS2a_JBDa35h1NY]]></openid>\n<out_trade_no><![CDATA[2017061657282]]></out_trade_no>\n<result_code><![CDATA[SUCCESS]]></result_code>\n<return_code><![CDATA[SUCCESS]]>', 1497580908, '2017-06-16 10:41:48', ''),
(170, 3, '2017061657282', '100007', '微信验签失败', '140.207.54.74', '<xml><appid><![CDATA[wxe68634b5fee6bae2]]></appid>\n<bank_type><![CDATA[CFT]]></bank_type>\n<cash_fee><![CDATA[1]]></cash_fee>\n<fee_type><![CDATA[CNY]]></fee_type>\n<is_subscribe><![CDATA[N]]></is_subscribe>\n<mch_id><![CDATA[1404209602]]></mch_id>\n<nonce_str><![CDATA[cd98f00b204e9800998ecf8427e]]></nonce_str>\n<openid><![CDATA[oUegI0ehx4hl6zS2a_JBDa35h1NY]]></openid>\n<out_trade_no><![CDATA[2017061657282]]></out_trade_no>\n<result_code><![CDATA[SUCCESS]]></result_code>\n<return_code><![CDATA[SUCCESS]]>', 1497580925, '2017-06-16 10:42:05', ''),
(171, 3, '2017061657282', '100007', '微信验签失败', '140.207.54.76', '<xml><appid><![CDATA[wxe68634b5fee6bae2]]></appid>\n<bank_type><![CDATA[CFT]]></bank_type>\n<cash_fee><![CDATA[1]]></cash_fee>\n<fee_type><![CDATA[CNY]]></fee_type>\n<is_subscribe><![CDATA[N]]></is_subscribe>\n<mch_id><![CDATA[1404209602]]></mch_id>\n<nonce_str><![CDATA[cd98f00b204e9800998ecf8427e]]></nonce_str>\n<openid><![CDATA[oUegI0ehx4hl6zS2a_JBDa35h1NY]]></openid>\n<out_trade_no><![CDATA[2017061657282]]></out_trade_no>\n<result_code><![CDATA[SUCCESS]]></result_code>\n<return_code><![CDATA[SUCCESS]]>', 1497580958, '2017-06-16 10:42:38', ''),
(172, 3, '2017061657282', '100007', '微信验签失败', '140.207.54.76', '<xml><appid><![CDATA[wxe68634b5fee6bae2]]></appid>\n<bank_type><![CDATA[CFT]]></bank_type>\n<cash_fee><![CDATA[1]]></cash_fee>\n<fee_type><![CDATA[CNY]]></fee_type>\n<is_subscribe><![CDATA[N]]></is_subscribe>\n<mch_id><![CDATA[1404209602]]></mch_id>\n<nonce_str><![CDATA[cd98f00b204e9800998ecf8427e]]></nonce_str>\n<openid><![CDATA[oUegI0ehx4hl6zS2a_JBDa35h1NY]]></openid>\n<out_trade_no><![CDATA[2017061657282]]></out_trade_no>\n<result_code><![CDATA[SUCCESS]]></result_code>\n<return_code><![CDATA[SUCCESS]]>', 1497581141, '2017-06-16 10:45:41', ''),
(173, 1, '2017061668160', '100003', 'appid不匹配', '140.207.54.74', '<xml><appid><![CDATA[wxe68634b5fee6bae2]]></appid>\n<bank_type><![CDATA[CFT]]></bank_type>\n<cash_fee><![CDATA[1]]></cash_fee>\n<fee_type><![CDATA[CNY]]></fee_type>\n<is_subscribe><![CDATA[N]]></is_subscribe>\n<mch_id><![CDATA[1404209602]]></mch_id>\n<nonce_str><![CDATA[cd98f00b204e9800998ecf8427e]]></nonce_str>\n<openid><![CDATA[oUegI0ehx4hl6zS2a_JBDa35h1NY]]></openid>\n<out_trade_no><![CDATA[2017061668160]]></out_trade_no>\n<result_code><![CDATA[SUCCESS]]></result_code>\n<return_code><![CDATA[SUCCESS]]>', 1497581405, '2017-06-16 10:50:05', ''),
(174, 3, '2017061657282', '100007', '微信验签失败', '140.207.54.74', '<xml><appid><![CDATA[wxe68634b5fee6bae2]]></appid>\n<bank_type><![CDATA[CFT]]></bank_type>\n<cash_fee><![CDATA[1]]></cash_fee>\n<fee_type><![CDATA[CNY]]></fee_type>\n<is_subscribe><![CDATA[N]]></is_subscribe>\n<mch_id><![CDATA[1404209602]]></mch_id>\n<nonce_str><![CDATA[cd98f00b204e9800998ecf8427e]]></nonce_str>\n<openid><![CDATA[oUegI0ehx4hl6zS2a_JBDa35h1NY]]></openid>\n<out_trade_no><![CDATA[2017061657282]]></out_trade_no>\n<result_code><![CDATA[SUCCESS]]></result_code>\n<return_code><![CDATA[SUCCESS]]>', 1497582942, '2017-06-16 11:15:42', ''),
(175, 1, '2017061668160', '100003', 'appid不匹配', '140.207.54.75', '<xml><appid><![CDATA[wxe68634b5fee6bae2]]></appid>\n<bank_type><![CDATA[CFT]]></bank_type>\n<cash_fee><![CDATA[1]]></cash_fee>\n<fee_type><![CDATA[CNY]]></fee_type>\n<is_subscribe><![CDATA[N]]></is_subscribe>\n<mch_id><![CDATA[1404209602]]></mch_id>\n<nonce_str><![CDATA[cd98f00b204e9800998ecf8427e]]></nonce_str>\n<openid><![CDATA[oUegI0ehx4hl6zS2a_JBDa35h1NY]]></openid>\n<out_trade_no><![CDATA[2017061668160]]></out_trade_no>\n<result_code><![CDATA[SUCCESS]]></result_code>\n<return_code><![CDATA[SUCCESS]]>', 1497583206, '2017-06-16 11:20:06', ''),
(176, 3, '2017061604397', '100007', '微信验签失败', '140.207.54.75', '<xml><appid><![CDATA[wxe68634b5fee6bae2]]></appid>\n<bank_type><![CDATA[CFT]]></bank_type>\n<cash_fee><![CDATA[1]]></cash_fee>\n<fee_type><![CDATA[CNY]]></fee_type>\n<is_subscribe><![CDATA[N]]></is_subscribe>\n<mch_id><![CDATA[1404209602]]></mch_id>\n<nonce_str><![CDATA[cd98f00b204e9800998ecf8427e]]></nonce_str>\n<openid><![CDATA[oUegI0ehx4hl6zS2a_JBDa35h1NY]]></openid>\n<out_trade_no><![CDATA[2017061604397]]></out_trade_no>\n<result_code><![CDATA[SUCCESS]]></result_code>\n<return_code><![CDATA[SUCCESS]]>', 1497583419, '2017-06-16 11:23:39', ''),
(177, 3, '2017061604397', '100007', '微信验签失败', '140.207.54.76', '<xml><appid><![CDATA[wxe68634b5fee6bae2]]></appid>\n<bank_type><![CDATA[CFT]]></bank_type>\n<cash_fee><![CDATA[1]]></cash_fee>\n<fee_type><![CDATA[CNY]]></fee_type>\n<is_subscribe><![CDATA[N]]></is_subscribe>\n<mch_id><![CDATA[1404209602]]></mch_id>\n<nonce_str><![CDATA[cd98f00b204e9800998ecf8427e]]></nonce_str>\n<openid><![CDATA[oUegI0ehx4hl6zS2a_JBDa35h1NY]]></openid>\n<out_trade_no><![CDATA[2017061604397]]></out_trade_no>\n<result_code><![CDATA[SUCCESS]]></result_code>\n<return_code><![CDATA[SUCCESS]]>', 1497583429, '2017-06-16 11:23:49', ''),
(178, 3, '2017061604397', '100007', '微信验签失败', '140.207.54.76', '<xml><appid><![CDATA[wxe68634b5fee6bae2]]></appid>\n<bank_type><![CDATA[CFT]]></bank_type>\n<cash_fee><![CDATA[1]]></cash_fee>\n<fee_type><![CDATA[CNY]]></fee_type>\n<is_subscribe><![CDATA[N]]></is_subscribe>\n<mch_id><![CDATA[1404209602]]></mch_id>\n<nonce_str><![CDATA[cd98f00b204e9800998ecf8427e]]></nonce_str>\n<openid><![CDATA[oUegI0ehx4hl6zS2a_JBDa35h1NY]]></openid>\n<out_trade_no><![CDATA[2017061604397]]></out_trade_no>\n<result_code><![CDATA[SUCCESS]]></result_code>\n<return_code><![CDATA[SUCCESS]]>', 1497583446, '2017-06-16 11:24:06', ''),
(179, 3, '2017061604397', '100007', '微信验签失败', '101.226.103.70', '<xml><appid><![CDATA[wxe68634b5fee6bae2]]></appid>\n<bank_type><![CDATA[CFT]]></bank_type>\n<cash_fee><![CDATA[1]]></cash_fee>\n<fee_type><![CDATA[CNY]]></fee_type>\n<is_subscribe><![CDATA[N]]></is_subscribe>\n<mch_id><![CDATA[1404209602]]></mch_id>\n<nonce_str><![CDATA[cd98f00b204e9800998ecf8427e]]></nonce_str>\n<openid><![CDATA[oUegI0ehx4hl6zS2a_JBDa35h1NY]]></openid>\n<out_trade_no><![CDATA[2017061604397]]></out_trade_no>\n<result_code><![CDATA[SUCCESS]]></result_code>\n<return_code><![CDATA[SUCCESS]]>', 1497583477, '2017-06-16 11:24:37', ''),
(180, 3, '2017061604397', '100007', '微信验签失败', '140.207.54.74', '<xml><appid><![CDATA[wxe68634b5fee6bae2]]></appid>\n<bank_type><![CDATA[CFT]]></bank_type>\n<cash_fee><![CDATA[1]]></cash_fee>\n<fee_type><![CDATA[CNY]]></fee_type>\n<is_subscribe><![CDATA[N]]></is_subscribe>\n<mch_id><![CDATA[1404209602]]></mch_id>\n<nonce_str><![CDATA[cd98f00b204e9800998ecf8427e]]></nonce_str>\n<openid><![CDATA[oUegI0ehx4hl6zS2a_JBDa35h1NY]]></openid>\n<out_trade_no><![CDATA[2017061604397]]></out_trade_no>\n<result_code><![CDATA[SUCCESS]]></result_code>\n<return_code><![CDATA[SUCCESS]]>', 1497583660, '2017-06-16 11:27:40', ''),
(181, 1, '2017061668160', '100003', 'appid不匹配', '140.207.54.76', '<xml><appid><![CDATA[wxe68634b5fee6bae2]]></appid>\n<bank_type><![CDATA[CFT]]></bank_type>\n<cash_fee><![CDATA[1]]></cash_fee>\n<fee_type><![CDATA[CNY]]></fee_type>\n<is_subscribe><![CDATA[N]]></is_subscribe>\n<mch_id><![CDATA[1404209602]]></mch_id>\n<nonce_str><![CDATA[cd98f00b204e9800998ecf8427e]]></nonce_str>\n<openid><![CDATA[oUegI0ehx4hl6zS2a_JBDa35h1NY]]></openid>\n<out_trade_no><![CDATA[2017061668160]]></out_trade_no>\n<result_code><![CDATA[SUCCESS]]></result_code>\n<return_code><![CDATA[SUCCESS]]>', 1497585007, '2017-06-16 11:50:07', ''),
(182, 1, '2017061668160', '100003', 'appid不匹配', '140.207.54.74', '<xml><appid><![CDATA[wxe68634b5fee6bae2]]></appid>\n<bank_type><![CDATA[CFT]]></bank_type>\n<cash_fee><![CDATA[1]]></cash_fee>\n<fee_type><![CDATA[CNY]]></fee_type>\n<is_subscribe><![CDATA[N]]></is_subscribe>\n<mch_id><![CDATA[1404209602]]></mch_id>\n<nonce_str><![CDATA[cd98f00b204e9800998ecf8427e]]></nonce_str>\n<openid><![CDATA[oUegI0ehx4hl6zS2a_JBDa35h1NY]]></openid>\n<out_trade_no><![CDATA[2017061668160]]></out_trade_no>\n<result_code><![CDATA[SUCCESS]]></result_code>\n<return_code><![CDATA[SUCCESS]]>', 1497586810, '2017-06-16 12:20:10', ''),
(183, 1, '2017061668160', '100003', 'appid不匹配', '140.207.54.76', '<xml><appid><![CDATA[wxe68634b5fee6bae2]]></appid>\n<bank_type><![CDATA[CFT]]></bank_type>\n<cash_fee><![CDATA[1]]></cash_fee>\n<fee_type><![CDATA[CNY]]></fee_type>\n<is_subscribe><![CDATA[N]]></is_subscribe>\n<mch_id><![CDATA[1404209602]]></mch_id>\n<nonce_str><![CDATA[cd98f00b204e9800998ecf8427e]]></nonce_str>\n<openid><![CDATA[oUegI0ehx4hl6zS2a_JBDa35h1NY]]></openid>\n<out_trade_no><![CDATA[2017061668160]]></out_trade_no>\n<result_code><![CDATA[SUCCESS]]></result_code>\n<return_code><![CDATA[SUCCESS]]>', 1497590411, '2017-06-16 13:20:11', ''),
(184, 2, '', '100005', '支付宝验签失败', '110.75.248.198', 'gmt_create=2017-06-16+14%3A02%3A29&charset=utf-8&seller_email=3427694907%40qq.com&subject=%E9%BB%91%E7%B2%BE%E5%B9%B4%E8%B4%B9&sign=VcIsmJ%2Fv0GDEODtrJMpVl7FRbL9eYg%2BBK1SA0OSPaGuMWRkUtFFJeiw2zPNafiJ7yUUe5DSxlRWLQPwDrJREZZOtPjG%2Fh0yyBYnzEorSxmw2uwMhgAGLnSeb3Dt7jjI93LJ14Sxy7t7IwYORzhHCC4%2B6Pafqj%2B5oQskykjgBpWc%3D&buyer_id=2088202240983688&invoice_amount=0.01&notify_id=4aa5f9c6bc3e40410a5dbaca4128388l8y&fund_bill_list=%5B%7B%22amount%22%3A%220.01%22%2C%22fundChannel%22%3A%22ALIPAYACCOUNT%22%7D%', 1497592950, '2017-06-16 14:02:30', ''),
(185, 2, '', '100005', '支付宝验签失败', '110.75.248.234', 'total_amount=0.01&buyer_id=2088202240983688&trade_no=2017061621001004680273489521&notify_time=2017-06-16+14%3A08%3A25&subject=%E9%BB%91%E7%B2%BE%E5%B9%B4%E8%B4%B9&sign_type=RSA&buyer_logon_id=lyc***%40163.com&auth_app_id=2017060507424556&charset=utf-8&notify_type=trade_status_sync&invoice_amount=0.01&out_trade_no=2017061696338&trade_status=TRADE_SUCCESS&gmt_payment=2017-06-16+14%3A02%3A29&version=1.0&point_amount=0.00&sign=QTIB4xUolIDMPC3vxqYMcH4lsRRGVwKnE4nCc0sVczPfoFWCHKiJ%2FJ0pspki8k8gbb%2BC0', 1497593305, '2017-06-16 14:08:25', ''),
(186, 2, '', '100005', '支付宝验签失败', '110.75.248.167', 'total_amount=0.01&buyer_id=2088202240983688&trade_no=2017061621001004680273489521&notify_time=2017-06-16+14%3A18%3A09&subject=%E9%BB%91%E7%B2%BE%E5%B9%B4%E8%B4%B9&sign_type=RSA&buyer_logon_id=lyc***%40163.com&auth_app_id=2017060507424556&charset=utf-8&notify_type=trade_status_sync&invoice_amount=0.01&out_trade_no=2017061696338&trade_status=TRADE_SUCCESS&gmt_payment=2017-06-16+14%3A02%3A29&version=1.0&point_amount=0.00&sign=HxoaCoeeiv6c3gPyzihpn7BscJ6aIKP33sXo1AazlpY%2BZ5u1219A7kID89jI2V0tyRhaosi', 1497593889, '2017-06-16 14:18:09', ''),
(187, 2, '', '100005', '支付宝验签失败', '110.75.248.17', 'total_amount=0.01&buyer_id=2088202240983688&trade_no=2017061621001004680273489521&notify_time=2017-06-16+14%3A27%3A55&subject=%E9%BB%91%E7%B2%BE%E5%B9%B4%E8%B4%B9&sign_type=RSA&buyer_logon_id=lyc***%40163.com&auth_app_id=2017060507424556&charset=utf-8&notify_type=trade_status_sync&invoice_amount=0.01&out_trade_no=2017061696338&trade_status=TRADE_SUCCESS&gmt_payment=2017-06-16+14%3A02%3A29&version=1.0&point_amount=0.00&sign=cx1e7pgeNC0c2uYHG4StmI4fAGum6Fc4R9FrImkbAXN5ho%2FHZdxcXOPdAX3h3lEbMyz8ZKO', 1497594475, '2017-06-16 14:27:55', ''),
(188, 2, '', '100005', '支付宝验签失败', '110.75.248.198', 'gmt_create=2017-06-16+14%3A02%3A29&charset=utf-8&seller_email=3427694907%40qq.com&subject=%E9%BB%91%E7%B2%BE%E5%B9%B4%E8%B4%B9&sign=XDOPg5qu8av%2FG%2B2fO%2B76J%2FObp2G4I8PjmvdeTsh1D2mTr6jQGnp2r0GAMdyZWy1U92MGucTBDAEaiFmgbvZV1KSB9UTGMmIeu%2FcQ4Hkd8fpipcEpDZkZQP5c9p3PzvIo%2BheEmxUNEjv0rYvuDmtyViq0znhMVeK4mZ%2Bav4J2CPs%3D&buyer_id=2088202240983688&invoice_amount=0.01&notify_id=4aa5f9c6bc3e40410a5dbaca4128388l8y&fund_bill_list=%5B%7B%22amount%22%3A%220.01%22%2C%22fundChannel%22%3A%22ALIPAYACCOUNT%22', 1497597983, '2017-06-16 15:26:23', ''),
(189, 2, '', '100005', '支付宝验签失败', '110.75.248.56', 'total_amount=0.01&buyer_id=2088202240983688&trade_no=2017061521001004680271999499&notify_time=2017-06-16+17%3A13%3A22&subject=%E9%BB%91%E7%B2%BE%E5%B9%B4%E8%B4%B9&sign_type=RSA&buyer_logon_id=lyc***%40163.com&auth_app_id=2017060507424556&charset=utf-8&notify_type=trade_status_sync&invoice_amount=0.01&out_trade_no=2017061599197&trade_status=TRADE_SUCCESS&gmt_payment=2017-06-15+16%3A47%3A59&version=1.0&point_amount=0.00&sign=jufaId1kJhwxSTbXRPmKpj1kNXpXWXK%2FJJNcIVPtSpUNKQAYP0Zr2gLm7AeXLfyVAeni4Sq', 1497604402, '2017-06-16 17:13:22', ''),
(190, 2, '', '100005', '支付宝验签失败', '110.75.248.123', 'total_amount=0.01&buyer_id=2088202240983688&trade_no=2017061621001004680273489521&notify_time=2017-06-16+17%3A29%3A10&subject=%E9%BB%91%E7%B2%BE%E5%B9%B4%E8%B4%B9&sign_type=RSA&buyer_logon_id=lyc***%40163.com&auth_app_id=2017060507424556&charset=utf-8&notify_type=trade_status_sync&invoice_amount=0.01&out_trade_no=2017061696338&trade_status=TRADE_SUCCESS&gmt_payment=2017-06-16+14%3A02%3A29&version=1.0&point_amount=0.00&sign=LZsdaN1sftLJJcGmic1TiMPr4XbGDfGU9bVZWU89SucaXHRaa%2BOWK7O125AwS8lZQ3vzgqh', 1497605350, '2017-06-16 17:29:10', ''),
(191, 2, '', '100005', '支付宝验签失败', '110.75.248.222', 'total_amount=0.01&buyer_id=2088202240983688&trade_no=2017061621001004680273489521&notify_time=2017-06-16+23%3A28%3A28&subject=%E9%BB%91%E7%B2%BE%E5%B9%B4%E8%B4%B9&sign_type=RSA&buyer_logon_id=lyc***%40163.com&auth_app_id=2017060507424556&charset=utf-8&notify_type=trade_status_sync&invoice_amount=0.01&out_trade_no=2017061696338&trade_status=TRADE_SUCCESS&gmt_payment=2017-06-16+14%3A02%3A29&version=1.0&point_amount=0.00&sign=YuaCWxcS8q7V7fsXxC%2FArD4C2H6pjImo%2BvJ5zIsNNglXcpv47ycO6ocbgMGpufrSDn9bz', 1497626908, '2017-06-16 23:28:28', ''),
(192, 2, '', '100005', '支付宝验签失败', '110.75.248.152', 'total_amount=0.01&buyer_id=2088202240983688&trade_no=2017061621001004680273489521&notify_time=2017-06-17+14%3A28%3A53&subject=%E9%BB%91%E7%B2%BE%E5%B9%B4%E8%B4%B9&sign_type=RSA&buyer_logon_id=lyc***%40163.com&auth_app_id=2017060507424556&charset=utf-8&notify_type=trade_status_sync&invoice_amount=0.01&out_trade_no=2017061696338&trade_status=TRADE_SUCCESS&gmt_payment=2017-06-16+14%3A02%3A29&version=1.0&point_amount=0.00&sign=rZvsdZZyLVowp2%2BUjV5tedX17bwYKBefmaJDSxdyPqmz1JBsV3iiCMgkgzLsROjM41iLIyr', 1497680933, '2017-06-17 14:28:53', ''),
(193, 2, '', '100005', '支付宝验签失败', '110.75.248.57', 'total_amount=0.01&buyer_id=2088202240983688&trade_no=2017061721001004680275802758&notify_time=2017-06-17+19%3A17%3A49&subject=%E9%BB%91%E7%B2%BE%E5%B9%B4%E8%B4%B9&sign_type=RSA&buyer_logon_id=lyc***%40163.com&auth_app_id=2017060507424556&charset=utf-8&notify_type=trade_status_sync&invoice_amount=0.01&out_trade_no=2017061704243&trade_status=TRADE_SUCCESS&gmt_payment=2017-06-17+19%3A17%3A48&version=1.0&point_amount=0.00&sign=nr9pQRLaG7PFz0rndlJaw5UlihOROdMmcmUinU8BOrVYQnqaoOeaOBGbvmCiSYhNgbrkPMBDN', 1497698270, '2017-06-17 19:17:50', ''),
(194, 2, '', '100005', '支付宝验签失败', '110.75.248.183', 'total_amount=0.01&buyer_id=2088202240983688&trade_no=2017061721001004680275802758&notify_time=2017-06-17+19%3A23%3A29&subject=%E9%BB%91%E7%B2%BE%E5%B9%B4%E8%B4%B9&sign_type=RSA&buyer_logon_id=lyc***%40163.com&auth_app_id=2017060507424556&charset=utf-8&notify_type=trade_status_sync&invoice_amount=0.01&out_trade_no=2017061704243&trade_status=TRADE_SUCCESS&gmt_payment=2017-06-17+19%3A17%3A48&version=1.0&point_amount=0.00&sign=L7YmTRstINKehLnaTdUSk6IiW3TQQUwuXnWxmIeXpNxfD0cIrms7LN2fhJxtyS54rXHT6hHLG', 1497698610, '2017-06-17 19:23:30', ''),
(195, 2, '', '100005', '支付宝验签失败', '110.75.248.176', 'total_amount=0.01&buyer_id=2088202240983688&trade_no=2017061721001004680275802758&notify_time=2017-06-17+19%3A33%3A26&subject=%E9%BB%91%E7%B2%BE%E5%B9%B4%E8%B4%B9&sign_type=RSA&buyer_logon_id=lyc***%40163.com&auth_app_id=2017060507424556&charset=utf-8&notify_type=trade_status_sync&invoice_amount=0.01&out_trade_no=2017061704243&trade_status=TRADE_SUCCESS&gmt_payment=2017-06-17+19%3A17%3A48&version=1.0&point_amount=0.00&sign=GfGcUQrN2%2FgPW4Z0zw4MXqg6WvocOdyNb32KnMU4KFA%2B0QzRagNDJIYE03CluXL1zdlFX', 1497699206, '2017-06-17 19:33:26', ''),
(196, 2, '', '100005', '支付宝验签失败', '110.75.248.22', 'total_amount=0.01&buyer_id=2088202240983688&trade_no=2017061721001004680275802758&notify_time=2017-06-17+19%3A43%3A34&subject=%E9%BB%91%E7%B2%BE%E5%B9%B4%E8%B4%B9&sign_type=RSA&buyer_logon_id=lyc***%40163.com&auth_app_id=2017060507424556&charset=utf-8&notify_type=trade_status_sync&invoice_amount=0.01&out_trade_no=2017061704243&trade_status=TRADE_SUCCESS&gmt_payment=2017-06-17+19%3A17%3A48&version=1.0&point_amount=0.00&sign=bCpySci5To0A4cV10PhppIt1%2Fnd4jM9HLx6zlZy711qrW3kkYm6dqmIqCHE0YRbitntndhK', 1497699815, '2017-06-17 19:43:35', ''),
(197, 2, '', '100005', '支付宝验签失败', '110.75.248.52', 'total_amount=0.01&buyer_id=2088202240983688&trade_no=2017061721001004680275802758&notify_time=2017-06-17+20%3A41%3A44&subject=%E9%BB%91%E7%B2%BE%E5%B9%B4%E8%B4%B9&sign_type=RSA&buyer_logon_id=lyc***%40163.com&auth_app_id=2017060507424556&charset=utf-8&notify_type=trade_status_sync&invoice_amount=0.01&out_trade_no=2017061704243&trade_status=TRADE_SUCCESS&gmt_payment=2017-06-17+19%3A17%3A48&version=1.0&point_amount=0.00&sign=QkslGLQWwU%2FyOHja%2FCuJQi149Oz5vKY0mDb84lTXZv8%2F1IoWcTtxpPB6PIn1Aln%2BM', 1497703304, '2017-06-17 20:41:44', ''),
(198, 2, '', '100005', '支付宝验签失败', '110.75.248.162', 'total_amount=0.01&buyer_id=2088202240983688&trade_no=2017061721001004680275802758&notify_time=2017-06-17+22%3A44%3A11&subject=%E9%BB%91%E7%B2%BE%E5%B9%B4%E8%B4%B9&sign_type=RSA&buyer_logon_id=lyc***%40163.com&auth_app_id=2017060507424556&charset=utf-8&notify_type=trade_status_sync&invoice_amount=0.01&out_trade_no=2017061704243&trade_status=TRADE_SUCCESS&gmt_payment=2017-06-17+19%3A17%3A48&version=1.0&point_amount=0.00&sign=dEIJGoGhlYolo0bxasxUDnIJGO0l9oaa38C8aQvL8z9MozLDnGdlHqxSnuQ3sgeF7fqIpxzZX', 1497710651, '2017-06-17 22:44:11', ''),
(199, 2, '', '100005', '支付宝验签失败', '110.75.248.96', 'total_amount=0.01&buyer_id=2088202240983688&trade_no=2017061721001004680275802758&notify_time=2017-06-18+04%3A42%3A44&subject=%E9%BB%91%E7%B2%BE%E5%B9%B4%E8%B4%B9&sign_type=RSA&buyer_logon_id=lyc***%40163.com&auth_app_id=2017060507424556&charset=utf-8&notify_type=trade_status_sync&invoice_amount=0.01&out_trade_no=2017061704243&trade_status=TRADE_SUCCESS&gmt_payment=2017-06-17+19%3A17%3A48&version=1.0&point_amount=0.00&sign=CN6r3boj0yDsXmOtpbQbIaGI1eF4mVEg2YZZReuuI7%2Bo9IwaDOWxMgQtHmsCiKxl%2BhOA8', 1497732164, '2017-06-18 04:42:44', ''),
(200, 2, '', '100005', '支付宝验签失败', '110.75.248.218', 'total_amount=0.01&buyer_id=2088202240983688&trade_no=2017061721001004680275802758&notify_time=2017-06-18+19%3A44%3A08&subject=%E9%BB%91%E7%B2%BE%E5%B9%B4%E8%B4%B9&sign_type=RSA&buyer_logon_id=lyc***%40163.com&auth_app_id=2017060507424556&charset=utf-8&notify_type=trade_status_sync&invoice_amount=0.01&out_trade_no=2017061704243&trade_status=TRADE_SUCCESS&gmt_payment=2017-06-17+19%3A17%3A48&version=1.0&point_amount=0.00&sign=ChgR%2BYOtvpGWJsekh6IjSOppRCH1wRvGmisVrSfIEKI4z%2BeGAWl7fU%2Bli1nnI7WtAcQ', 1497786248, '2017-06-18 19:44:08', ''),
(201, 1, '2017061941699', '100007', '微信验签失败', '140.207.54.76', '<xml><appid><![CDATA[wx845515db72c790d0]]></appid>\n<bank_type><![CDATA[CFT]]></bank_type>\n<cash_fee><![CDATA[1]]></cash_fee>\n<fee_type><![CDATA[CNY]]></fee_type>\n<is_subscribe><![CDATA[N]]></is_subscribe>\n<mch_id><![CDATA[1404209602]]></mch_id>\n<nonce_str><![CDATA[cd98f00b204e9800998ecf8427e]]></nonce_str>\n<openid><![CDATA[oAX7ZvlhnMphg1MRoSiHXkKEfbdY]]></openid>\n<out_trade_no><![CDATA[2017061941699]]></out_trade_no>\n<result_code><![CDATA[SUCCESS]]></result_code>\n<return_code><![CDATA[SUCCESS]]>', 1497839957, '2017-06-19 10:39:17', ''),
(202, 1, '2017061941699', '100007', '微信验签失败', '140.207.54.76', '<xml><appid><![CDATA[wx845515db72c790d0]]></appid>\n<bank_type><![CDATA[CFT]]></bank_type>\n<cash_fee><![CDATA[1]]></cash_fee>\n<fee_type><![CDATA[CNY]]></fee_type>\n<is_subscribe><![CDATA[N]]></is_subscribe>\n<mch_id><![CDATA[1404209602]]></mch_id>\n<nonce_str><![CDATA[cd98f00b204e9800998ecf8427e]]></nonce_str>\n<openid><![CDATA[oAX7ZvlhnMphg1MRoSiHXkKEfbdY]]></openid>\n<out_trade_no><![CDATA[2017061941699]]></out_trade_no>\n<result_code><![CDATA[SUCCESS]]></result_code>\n<return_code><![CDATA[SUCCESS]]>', 1497839968, '2017-06-19 10:39:28', ''),
(203, 1, '2017061941699', '100007', '微信验签失败', '140.207.54.76', '<xml><appid><![CDATA[wx845515db72c790d0]]></appid>\n<bank_type><![CDATA[CFT]]></bank_type>\n<cash_fee><![CDATA[1]]></cash_fee>\n<fee_type><![CDATA[CNY]]></fee_type>\n<is_subscribe><![CDATA[N]]></is_subscribe>\n<mch_id><![CDATA[1404209602]]></mch_id>\n<nonce_str><![CDATA[cd98f00b204e9800998ecf8427e]]></nonce_str>\n<openid><![CDATA[oAX7ZvlhnMphg1MRoSiHXkKEfbdY]]></openid>\n<out_trade_no><![CDATA[2017061941699]]></out_trade_no>\n<result_code><![CDATA[SUCCESS]]></result_code>\n<return_code><![CDATA[SUCCESS]]>', 1497839985, '2017-06-19 10:39:45', ''),
(204, 1, '2017061941699', '100007', '微信验签失败', '140.207.54.74', '<xml><appid><![CDATA[wx845515db72c790d0]]></appid>\n<bank_type><![CDATA[CFT]]></bank_type>\n<cash_fee><![CDATA[1]]></cash_fee>\n<fee_type><![CDATA[CNY]]></fee_type>\n<is_subscribe><![CDATA[N]]></is_subscribe>\n<mch_id><![CDATA[1404209602]]></mch_id>\n<nonce_str><![CDATA[cd98f00b204e9800998ecf8427e]]></nonce_str>\n<openid><![CDATA[oAX7ZvlhnMphg1MRoSiHXkKEfbdY]]></openid>\n<out_trade_no><![CDATA[2017061941699]]></out_trade_no>\n<result_code><![CDATA[SUCCESS]]></result_code>\n<return_code><![CDATA[SUCCESS]]>', 1497840016, '2017-06-19 10:40:16', ''),
(205, 1, '2017061941699', '100007', '微信验签失败', '140.207.54.76', '<xml><appid><![CDATA[wx845515db72c790d0]]></appid>\n<bank_type><![CDATA[CFT]]></bank_type>\n<cash_fee><![CDATA[1]]></cash_fee>\n<fee_type><![CDATA[CNY]]></fee_type>\n<is_subscribe><![CDATA[N]]></is_subscribe>\n<mch_id><![CDATA[1404209602]]></mch_id>\n<nonce_str><![CDATA[cd98f00b204e9800998ecf8427e]]></nonce_str>\n<openid><![CDATA[oAX7ZvlhnMphg1MRoSiHXkKEfbdY]]></openid>\n<out_trade_no><![CDATA[2017061941699]]></out_trade_no>\n<result_code><![CDATA[SUCCESS]]></result_code>\n<return_code><![CDATA[SUCCESS]]>', 1497840197, '2017-06-19 10:43:17', ''),
(206, 1, '2017061931666', '100007', '微信验签失败', '140.207.54.76', '<xml><appid><![CDATA[wx845515db72c790d0]]></appid>\n<bank_type><![CDATA[CFT]]></bank_type>\n<cash_fee><![CDATA[1]]></cash_fee>\n<fee_type><![CDATA[CNY]]></fee_type>\n<is_subscribe><![CDATA[N]]></is_subscribe>\n<mch_id><![CDATA[1404209602]]></mch_id>\n<nonce_str><![CDATA[cd98f00b204e9800998ecf8427e]]></nonce_str>\n<openid><![CDATA[oAX7ZvlhnMphg1MRoSiHXkKEfbdY]]></openid>\n<out_trade_no><![CDATA[2017061931666]]></out_trade_no>\n<result_code><![CDATA[SUCCESS]]></result_code>\n<return_code><![CDATA[SUCCESS]]>', 1497841618, '2017-06-19 11:06:58', ''),
(207, 1, '2017061931666', '100007', '微信验签失败', '140.207.54.74', '<xml><appid><![CDATA[wx845515db72c790d0]]></appid>\n<bank_type><![CDATA[CFT]]></bank_type>\n<cash_fee><![CDATA[1]]></cash_fee>\n<fee_type><![CDATA[CNY]]></fee_type>\n<is_subscribe><![CDATA[N]]></is_subscribe>\n<mch_id><![CDATA[1404209602]]></mch_id>\n<nonce_str><![CDATA[cd98f00b204e9800998ecf8427e]]></nonce_str>\n<openid><![CDATA[oAX7ZvlhnMphg1MRoSiHXkKEfbdY]]></openid>\n<out_trade_no><![CDATA[2017061931666]]></out_trade_no>\n<result_code><![CDATA[SUCCESS]]></result_code>\n<return_code><![CDATA[SUCCESS]]>', 1497841633, '2017-06-19 11:07:13', ''),
(208, 1, '2017061931666', '100007', '微信验签失败', '140.207.54.75', '<xml><appid><![CDATA[wx845515db72c790d0]]></appid>\n<bank_type><![CDATA[CFT]]></bank_type>\n<cash_fee><![CDATA[1]]></cash_fee>\n<fee_type><![CDATA[CNY]]></fee_type>\n<is_subscribe><![CDATA[N]]></is_subscribe>\n<mch_id><![CDATA[1404209602]]></mch_id>\n<nonce_str><![CDATA[cd98f00b204e9800998ecf8427e]]></nonce_str>\n<openid><![CDATA[oAX7ZvlhnMphg1MRoSiHXkKEfbdY]]></openid>\n<out_trade_no><![CDATA[2017061931666]]></out_trade_no>\n<result_code><![CDATA[SUCCESS]]></result_code>\n<return_code><![CDATA[SUCCESS]]>', 1497841650, '2017-06-19 11:07:30', ''),
(209, 1, '2017061931666', '100007', '微信验签失败', '140.207.54.74', '<xml><appid><![CDATA[wx845515db72c790d0]]></appid>\n<bank_type><![CDATA[CFT]]></bank_type>\n<cash_fee><![CDATA[1]]></cash_fee>\n<fee_type><![CDATA[CNY]]></fee_type>\n<is_subscribe><![CDATA[N]]></is_subscribe>\n<mch_id><![CDATA[1404209602]]></mch_id>\n<nonce_str><![CDATA[cd98f00b204e9800998ecf8427e]]></nonce_str>\n<openid><![CDATA[oAX7ZvlhnMphg1MRoSiHXkKEfbdY]]></openid>\n<out_trade_no><![CDATA[2017061931666]]></out_trade_no>\n<result_code><![CDATA[SUCCESS]]></result_code>\n<return_code><![CDATA[SUCCESS]]>', 1497841682, '2017-06-19 11:08:02', ''),
(210, 1, '2017061931666', '100007', '微信验签失败', '140.207.54.76', '<xml><appid><![CDATA[wx845515db72c790d0]]></appid>\n<bank_type><![CDATA[CFT]]></bank_type>\n<cash_fee><![CDATA[1]]></cash_fee>\n<fee_type><![CDATA[CNY]]></fee_type>\n<is_subscribe><![CDATA[N]]></is_subscribe>\n<mch_id><![CDATA[1404209602]]></mch_id>\n<nonce_str><![CDATA[cd98f00b204e9800998ecf8427e]]></nonce_str>\n<openid><![CDATA[oAX7ZvlhnMphg1MRoSiHXkKEfbdY]]></openid>\n<out_trade_no><![CDATA[2017061931666]]></out_trade_no>\n<result_code><![CDATA[SUCCESS]]></result_code>\n<return_code><![CDATA[SUCCESS]]>', 1497841864, '2017-06-19 11:11:04', ''),
(211, 1, '2017061941699', '100007', '微信验签失败', '140.207.54.74', '<xml><appid><![CDATA[wx845515db72c790d0]]></appid>\n<bank_type><![CDATA[CFT]]></bank_type>\n<cash_fee><![CDATA[1]]></cash_fee>\n<fee_type><![CDATA[CNY]]></fee_type>\n<is_subscribe><![CDATA[N]]></is_subscribe>\n<mch_id><![CDATA[1404209602]]></mch_id>\n<nonce_str><![CDATA[cd98f00b204e9800998ecf8427e]]></nonce_str>\n<openid><![CDATA[oAX7ZvlhnMphg1MRoSiHXkKEfbdY]]></openid>\n<out_trade_no><![CDATA[2017061941699]]></out_trade_no>\n<result_code><![CDATA[SUCCESS]]></result_code>\n<return_code><![CDATA[SUCCESS]]>', 1497841999, '2017-06-19 11:13:19', ''),
(212, 1, '2017061913833', '100007', '微信验签失败', '140.207.54.75', '<xml><appid><![CDATA[wx845515db72c790d0]]></appid>\n<bank_type><![CDATA[CFT]]></bank_type>\n<cash_fee><![CDATA[1]]></cash_fee>\n<fee_type><![CDATA[CNY]]></fee_type>\n<is_subscribe><![CDATA[N]]></is_subscribe>\n<mch_id><![CDATA[1404209602]]></mch_id>\n<nonce_str><![CDATA[cd98f00b204e9800998ecf8427e]]></nonce_str>\n<openid><![CDATA[oAX7ZvlhnMphg1MRoSiHXkKEfbdY]]></openid>\n<out_trade_no><![CDATA[2017061913833]]></out_trade_no>\n<result_code><![CDATA[SUCCESS]]></result_code>\n<return_code><![CDATA[SUCCESS]]>', 1497842362, '2017-06-19 11:19:22', ''),
(213, 1, '2017061913833', '100007', '微信验签失败', '140.207.54.76', '<xml><appid><![CDATA[wx845515db72c790d0]]></appid>\n<bank_type><![CDATA[CFT]]></bank_type>\n<cash_fee><![CDATA[1]]></cash_fee>\n<fee_type><![CDATA[CNY]]></fee_type>\n<is_subscribe><![CDATA[N]]></is_subscribe>\n<mch_id><![CDATA[1404209602]]></mch_id>\n<nonce_str><![CDATA[cd98f00b204e9800998ecf8427e]]></nonce_str>\n<openid><![CDATA[oAX7ZvlhnMphg1MRoSiHXkKEfbdY]]></openid>\n<out_trade_no><![CDATA[2017061913833]]></out_trade_no>\n<result_code><![CDATA[SUCCESS]]></result_code>\n<return_code><![CDATA[SUCCESS]]>', 1497842377, '2017-06-19 11:19:37', ''),
(214, 1, '2017061913833', '100007', '微信验签失败', '140.207.54.76', '<xml><appid><![CDATA[wx845515db72c790d0]]></appid>\n<bank_type><![CDATA[CFT]]></bank_type>\n<cash_fee><![CDATA[1]]></cash_fee>\n<fee_type><![CDATA[CNY]]></fee_type>\n<is_subscribe><![CDATA[N]]></is_subscribe>\n<mch_id><![CDATA[1404209602]]></mch_id>\n<nonce_str><![CDATA[cd98f00b204e9800998ecf8427e]]></nonce_str>\n<openid><![CDATA[oAX7ZvlhnMphg1MRoSiHXkKEfbdY]]></openid>\n<out_trade_no><![CDATA[2017061913833]]></out_trade_no>\n<result_code><![CDATA[SUCCESS]]></result_code>\n<return_code><![CDATA[SUCCESS]]>', 1497842393, '2017-06-19 11:19:53', ''),
(215, 1, '2017061913833', '100007', '微信验签失败', '140.207.54.76', '<xml><appid><![CDATA[wx845515db72c790d0]]></appid>\n<bank_type><![CDATA[CFT]]></bank_type>\n<cash_fee><![CDATA[1]]></cash_fee>\n<fee_type><![CDATA[CNY]]></fee_type>\n<is_subscribe><![CDATA[N]]></is_subscribe>\n<mch_id><![CDATA[1404209602]]></mch_id>\n<nonce_str><![CDATA[cd98f00b204e9800998ecf8427e]]></nonce_str>\n<openid><![CDATA[oAX7ZvlhnMphg1MRoSiHXkKEfbdY]]></openid>\n<out_trade_no><![CDATA[2017061913833]]></out_trade_no>\n<result_code><![CDATA[SUCCESS]]></result_code>\n<return_code><![CDATA[SUCCESS]]>', 1497842424, '2017-06-19 11:20:24', ''),
(216, 1, '2017061913833', '100007', '微信验签失败', '140.207.54.75', '<xml><appid><![CDATA[wx845515db72c790d0]]></appid>\n<bank_type><![CDATA[CFT]]></bank_type>\n<cash_fee><![CDATA[1]]></cash_fee>\n<fee_type><![CDATA[CNY]]></fee_type>\n<is_subscribe><![CDATA[N]]></is_subscribe>\n<mch_id><![CDATA[1404209602]]></mch_id>\n<nonce_str><![CDATA[cd98f00b204e9800998ecf8427e]]></nonce_str>\n<openid><![CDATA[oAX7ZvlhnMphg1MRoSiHXkKEfbdY]]></openid>\n<out_trade_no><![CDATA[2017061913833]]></out_trade_no>\n<result_code><![CDATA[SUCCESS]]></result_code>\n<return_code><![CDATA[SUCCESS]]>', 1497842605, '2017-06-19 11:23:25', ''),
(217, 1, '2017061931666', '100007', '微信验签失败', '140.207.54.75', '<xml><appid><![CDATA[wx845515db72c790d0]]></appid>\n<bank_type><![CDATA[CFT]]></bank_type>\n<cash_fee><![CDATA[1]]></cash_fee>\n<fee_type><![CDATA[CNY]]></fee_type>\n<is_subscribe><![CDATA[N]]></is_subscribe>\n<mch_id><![CDATA[1404209602]]></mch_id>\n<nonce_str><![CDATA[cd98f00b204e9800998ecf8427e]]></nonce_str>\n<openid><![CDATA[oAX7ZvlhnMphg1MRoSiHXkKEfbdY]]></openid>\n<out_trade_no><![CDATA[2017061931666]]></out_trade_no>\n<result_code><![CDATA[SUCCESS]]></result_code>\n<return_code><![CDATA[SUCCESS]]>', 1497843666, '2017-06-19 11:41:06', ''),
(218, 1, '2017061941699', '100007', '微信验签失败', '140.207.54.74', '<xml><appid><![CDATA[wx845515db72c790d0]]></appid>\n<bank_type><![CDATA[CFT]]></bank_type>\n<cash_fee><![CDATA[1]]></cash_fee>\n<fee_type><![CDATA[CNY]]></fee_type>\n<is_subscribe><![CDATA[N]]></is_subscribe>\n<mch_id><![CDATA[1404209602]]></mch_id>\n<nonce_str><![CDATA[cd98f00b204e9800998ecf8427e]]></nonce_str>\n<openid><![CDATA[oAX7ZvlhnMphg1MRoSiHXkKEfbdY]]></openid>\n<out_trade_no><![CDATA[2017061941699]]></out_trade_no>\n<result_code><![CDATA[SUCCESS]]></result_code>\n<return_code><![CDATA[SUCCESS]]>', 1497843801, '2017-06-19 11:43:21', ''),
(219, 1, '2017061913833', '100007', '微信验签失败', '140.207.54.76', '<xml><appid><![CDATA[wx845515db72c790d0]]></appid>\n<bank_type><![CDATA[CFT]]></bank_type>\n<cash_fee><![CDATA[1]]></cash_fee>\n<fee_type><![CDATA[CNY]]></fee_type>\n<is_subscribe><![CDATA[N]]></is_subscribe>\n<mch_id><![CDATA[1404209602]]></mch_id>\n<nonce_str><![CDATA[cd98f00b204e9800998ecf8427e]]></nonce_str>\n<openid><![CDATA[oAX7ZvlhnMphg1MRoSiHXkKEfbdY]]></openid>\n<out_trade_no><![CDATA[2017061913833]]></out_trade_no>\n<result_code><![CDATA[SUCCESS]]></result_code>\n<return_code><![CDATA[SUCCESS]]>', 1497844407, '2017-06-19 11:53:27', ''),
(220, 2, '', '100005', '支付宝验签失败', '110.75.242.20', 'total_amount=0.01&buyer_id=2088702587667404&trade_no=2017061921001004400208754189&notify_time=2017-06-19+11%3A55%3A49&subject=%E9%BB%91%E7%B2%BE%E5%B9%B4%E8%B4%B9&sign_type=RSA&buyer_logon_id=182****5319&auth_app_id=2017060507424556&charset=utf-8&notify_type=trade_status_sync&invoice_amount=0.01&out_trade_no=2017061906990&trade_status=TRADE_SUCCESS&gmt_payment=2017-06-19+11%3A55%3A49&version=1.0&point_amount=0.00&sign=k4XH2Bi5%2Bn0J1dbOWu7FzU4woYpM%2FGEDBuXCsckiZu3VKfAEPSFUo2PCBeahhkXivk%2FqBoBP', 1497844549, '2017-06-19 11:55:49', ''),
(221, 2, '', '100005', '支付宝验签失败', '110.75.242.194', 'total_amount=0.01&buyer_id=2088702587667404&trade_no=2017061921001004400208754189&notify_time=2017-06-19+12%3A01%3A07&subject=%E9%BB%91%E7%B2%BE%E5%B9%B4%E8%B4%B9&sign_type=RSA&buyer_logon_id=182****5319&auth_app_id=2017060507424556&charset=utf-8&notify_type=trade_status_sync&invoice_amount=0.01&out_trade_no=2017061906990&trade_status=TRADE_SUCCESS&gmt_payment=2017-06-19+11%3A55%3A49&version=1.0&point_amount=0.00&sign=u1qFhMIknnT4vaJGk34bNFIC1eC9vgxCknxiLIypcY5omKKDCIF%2BWwJkUQu0R5vWyc%2BmtrweE3', 1497844867, '2017-06-19 12:01:07', ''),
(222, 1, '2017061931666', '100007', '微信验签失败', '140.207.54.76', '<xml><appid><![CDATA[wx845515db72c790d0]]></appid>\n<bank_type><![CDATA[CFT]]></bank_type>\n<cash_fee><![CDATA[1]]></cash_fee>\n<fee_type><![CDATA[CNY]]></fee_type>\n<is_subscribe><![CDATA[N]]></is_subscribe>\n<mch_id><![CDATA[1404209602]]></mch_id>\n<nonce_str><![CDATA[cd98f00b204e9800998ecf8427e]]></nonce_str>\n<openid><![CDATA[oAX7ZvlhnMphg1MRoSiHXkKEfbdY]]></openid>\n<out_trade_no><![CDATA[2017061931666]]></out_trade_no>\n<result_code><![CDATA[SUCCESS]]></result_code>\n<return_code><![CDATA[SUCCESS]]>', 1497845467, '2017-06-19 12:11:07', ''),
(223, 2, '', '100005', '支付宝验签失败', '110.75.242.31', 'total_amount=0.01&buyer_id=2088702587667404&trade_no=2017061921001004400208754189&notify_time=2017-06-19+12%3A11%3A53&subject=%E9%BB%91%E7%B2%BE%E5%B9%B4%E8%B4%B9&sign_type=RSA&buyer_logon_id=182****5319&auth_app_id=2017060507424556&charset=utf-8&notify_type=trade_status_sync&invoice_amount=0.01&out_trade_no=2017061906990&trade_status=TRADE_SUCCESS&gmt_payment=2017-06-19+11%3A55%3A49&version=1.0&point_amount=0.00&sign=e3O8LT0PYbUobsmkB1dJ%2F4Koe1HbeV4Ln%2FClMsU1cWVfker0tHHgJrHUfvthi8D%2Bx85MJf8P', 1497845514, '2017-06-19 12:11:54', ''),
(224, 1, '2017061941699', '100007', '微信验签失败', '140.207.54.74', '<xml><appid><![CDATA[wx845515db72c790d0]]></appid>\n<bank_type><![CDATA[CFT]]></bank_type>\n<cash_fee><![CDATA[1]]></cash_fee>\n<fee_type><![CDATA[CNY]]></fee_type>\n<is_subscribe><![CDATA[N]]></is_subscribe>\n<mch_id><![CDATA[1404209602]]></mch_id>\n<nonce_str><![CDATA[cd98f00b204e9800998ecf8427e]]></nonce_str>\n<openid><![CDATA[oAX7ZvlhnMphg1MRoSiHXkKEfbdY]]></openid>\n<out_trade_no><![CDATA[2017061941699]]></out_trade_no>\n<result_code><![CDATA[SUCCESS]]></result_code>\n<return_code><![CDATA[SUCCESS]]>', 1497845603, '2017-06-19 12:13:23', ''),
(225, 2, '', '100005', '支付宝验签失败', '110.75.242.142', 'total_amount=0.01&buyer_id=2088702587667404&trade_no=2017061921001004400208754189&notify_time=2017-06-19+12%3A21%3A20&subject=%E9%BB%91%E7%B2%BE%E5%B9%B4%E8%B4%B9&sign_type=RSA&buyer_logon_id=182****5319&auth_app_id=2017060507424556&charset=utf-8&notify_type=trade_status_sync&invoice_amount=0.01&out_trade_no=2017061906990&trade_status=TRADE_SUCCESS&gmt_payment=2017-06-19+11%3A55%3A49&version=1.0&point_amount=0.00&sign=FeOaQhii846XAimCPuM8z%2F7z9K%2FVxZBQg1Mg25KPqMrN3T8PLfpbLycPPJ8L87MebtLvaBRIiU', 1497846081, '2017-06-19 12:21:21', ''),
(226, 1, '2017061913833', '100007', '微信验签失败', '140.207.54.75', '<xml><appid><![CDATA[wx845515db72c790d0]]></appid>\n<bank_type><![CDATA[CFT]]></bank_type>\n<cash_fee><![CDATA[1]]></cash_fee>\n<fee_type><![CDATA[CNY]]></fee_type>\n<is_subscribe><![CDATA[N]]></is_subscribe>\n<mch_id><![CDATA[1404209602]]></mch_id>\n<nonce_str><![CDATA[cd98f00b204e9800998ecf8427e]]></nonce_str>\n<openid><![CDATA[oAX7ZvlhnMphg1MRoSiHXkKEfbdY]]></openid>\n<out_trade_no><![CDATA[2017061913833]]></out_trade_no>\n<result_code><![CDATA[SUCCESS]]></result_code>\n<return_code><![CDATA[SUCCESS]]>', 1497846209, '2017-06-19 12:23:29', ''),
(227, 1, '2017061931666', '100007', '微信验签失败', '140.207.54.75', '<xml><appid><![CDATA[wx845515db72c790d0]]></appid>\n<bank_type><![CDATA[CFT]]></bank_type>\n<cash_fee><![CDATA[1]]></cash_fee>\n<fee_type><![CDATA[CNY]]></fee_type>\n<is_subscribe><![CDATA[N]]></is_subscribe>\n<mch_id><![CDATA[1404209602]]></mch_id>\n<nonce_str><![CDATA[cd98f00b204e9800998ecf8427e]]></nonce_str>\n<openid><![CDATA[oAX7ZvlhnMphg1MRoSiHXkKEfbdY]]></openid>\n<out_trade_no><![CDATA[2017061931666]]></out_trade_no>\n<result_code><![CDATA[SUCCESS]]></result_code>\n<return_code><![CDATA[SUCCESS]]>', 1497847269, '2017-06-19 12:41:09', ''),
(228, 1, '2017061941699', '100007', '微信验签失败', '140.207.54.76', '<xml><appid><![CDATA[wx845515db72c790d0]]></appid>\n<bank_type><![CDATA[CFT]]></bank_type>\n<cash_fee><![CDATA[1]]></cash_fee>\n<fee_type><![CDATA[CNY]]></fee_type>\n<is_subscribe><![CDATA[N]]></is_subscribe>\n<mch_id><![CDATA[1404209602]]></mch_id>\n<nonce_str><![CDATA[cd98f00b204e9800998ecf8427e]]></nonce_str>\n<openid><![CDATA[oAX7ZvlhnMphg1MRoSiHXkKEfbdY]]></openid>\n<out_trade_no><![CDATA[2017061941699]]></out_trade_no>\n<result_code><![CDATA[SUCCESS]]></result_code>\n<return_code><![CDATA[SUCCESS]]>', 1497847404, '2017-06-19 12:43:24', ''),
(229, 1, '2017061913833', '100007', '微信验签失败', '140.207.54.75', '<xml><appid><![CDATA[wx845515db72c790d0]]></appid>\n<bank_type><![CDATA[CFT]]></bank_type>\n<cash_fee><![CDATA[1]]></cash_fee>\n<fee_type><![CDATA[CNY]]></fee_type>\n<is_subscribe><![CDATA[N]]></is_subscribe>\n<mch_id><![CDATA[1404209602]]></mch_id>\n<nonce_str><![CDATA[cd98f00b204e9800998ecf8427e]]></nonce_str>\n<openid><![CDATA[oAX7ZvlhnMphg1MRoSiHXkKEfbdY]]></openid>\n<out_trade_no><![CDATA[2017061913833]]></out_trade_no>\n<result_code><![CDATA[SUCCESS]]></result_code>\n<return_code><![CDATA[SUCCESS]]>', 1497848010, '2017-06-19 12:53:30', ''),
(230, 1, '2017061931666', '100007', '微信验签失败', '140.207.54.75', '<xml><appid><![CDATA[wx845515db72c790d0]]></appid>\n<bank_type><![CDATA[CFT]]></bank_type>\n<cash_fee><![CDATA[1]]></cash_fee>\n<fee_type><![CDATA[CNY]]></fee_type>\n<is_subscribe><![CDATA[N]]></is_subscribe>\n<mch_id><![CDATA[1404209602]]></mch_id>\n<nonce_str><![CDATA[cd98f00b204e9800998ecf8427e]]></nonce_str>\n<openid><![CDATA[oAX7ZvlhnMphg1MRoSiHXkKEfbdY]]></openid>\n<out_trade_no><![CDATA[2017061931666]]></out_trade_no>\n<result_code><![CDATA[SUCCESS]]></result_code>\n<return_code><![CDATA[SUCCESS]]>', 1497849072, '2017-06-19 13:11:12', ''),
(231, 2, '', '100005', '支付宝验签失败', '110.75.242.39', 'total_amount=0.01&buyer_id=2088702587667404&trade_no=2017061921001004400208754189&notify_time=2017-06-19+13%3A19%3A39&subject=%E9%BB%91%E7%B2%BE%E5%B9%B4%E8%B4%B9&sign_type=RSA&buyer_logon_id=182****5319&auth_app_id=2017060507424556&charset=utf-8&notify_type=trade_status_sync&invoice_amount=0.01&out_trade_no=2017061906990&trade_status=TRADE_SUCCESS&gmt_payment=2017-06-19+11%3A55%3A49&version=1.0&point_amount=0.00&sign=auUXV0jmYPJUyfM0IIY%2F2Hew5zNrTI87ANtxc9jziIQfNKxTJ503C%2BSQAlZpqy6ixw0Kw3uaSj', 1497849579, '2017-06-19 13:19:39', ''),
(232, 1, '2017061913833', '100007', '微信验签失败', '140.207.54.75', '<xml><appid><![CDATA[wx845515db72c790d0]]></appid>\n<bank_type><![CDATA[CFT]]></bank_type>\n<cash_fee><![CDATA[1]]></cash_fee>\n<fee_type><![CDATA[CNY]]></fee_type>\n<is_subscribe><![CDATA[N]]></is_subscribe>\n<mch_id><![CDATA[1404209602]]></mch_id>\n<nonce_str><![CDATA[cd98f00b204e9800998ecf8427e]]></nonce_str>\n<openid><![CDATA[oAX7ZvlhnMphg1MRoSiHXkKEfbdY]]></openid>\n<out_trade_no><![CDATA[2017061913833]]></out_trade_no>\n<result_code><![CDATA[SUCCESS]]></result_code>\n<return_code><![CDATA[SUCCESS]]>', 1497849812, '2017-06-19 13:23:32', ''),
(233, 2, '', '100005', '支付宝验签失败', '110.75.242.98', 'gmt_create=2017-06-19+13%3A30%3A58&charset=utf-8&seller_email=3427694907%40qq.com&subject=%E9%BB%91%E7%B2%BE%E5%B9%B4%E8%B4%B9&sign=UhYmFOOF5kcbKm2OP7xUATw1YrekTOTG8tgJ14CX0DeS2fPOmd5UtGki3U8v8q6V7XJB5OhQZ4lVEVbM20EYQ1vzCpw0K5OT8ZB%2BwX57TGBX18v1Xt2xq4XO9SZIEMAIHPmPowN0Bv7UC9%2BxJizO1NscR3PPF39UdfjSA0Vm9B0%3D&buyer_id=2088702587667404&invoice_amount=0.01&notify_id=5f5c46fa9caec10c4b28493ebb33387j36&fund_bill_list=%5B%7B%22amount%22%3A%220.01%22%2C%22fundChannel%22%3A%22ALIPAYACCOUNT%22%7D%5D&not', 1497850259, '2017-06-19 13:30:59', ''),
(234, 2, '', '100005', '支付宝验签失败', '110.75.242.33', 'total_amount=0.01&buyer_id=2088702587667404&trade_no=2017061921001004400208967184&notify_time=2017-06-19+13%3A35%3A57&subject=%E9%BB%91%E7%B2%BE%E5%B9%B4%E8%B4%B9&sign_type=RSA&buyer_logon_id=182****5319&auth_app_id=2017060507424556&charset=utf-8&notify_type=trade_status_sync&invoice_amount=0.01&out_trade_no=2017061902360&trade_status=TRADE_SUCCESS&gmt_payment=2017-06-19+13%3A35%3A57&version=1.0&point_amount=0.00&sign=LMcTuTcF%2FzK00ThOcfbzikpbUX534ll7m%2FiX4PfbJbyqQpzGCWFqsxSlAXhPeBRAjj3vYyh4nr', 1497850557, '2017-06-19 13:35:57', ''),
(235, 2, '', '100005', '支付宝验签失败', '110.75.242.29', 'total_amount=0.01&buyer_id=2088702587667404&trade_no=2017061921001004400208942219&notify_time=2017-06-19+13%3A36%3A51&subject=%E9%BB%91%E7%B2%BE%E5%B9%B4%E8%B4%B9&sign_type=RSA&buyer_logon_id=182****5319&auth_app_id=2017060507424556&charset=utf-8&notify_type=trade_status_sync&invoice_amount=0.01&out_trade_no=2017061988817&trade_status=TRADE_SUCCESS&gmt_payment=2017-06-19+13%3A30%3A59&version=1.0&point_amount=0.00&sign=ptf9QXfXRYiZOFByQYnf7dabKA4LPb8BUMe2kfBWRPIlhTizHf%2FtZ%2BW0t0qPmdB72AX0ymf5zk', 1497850611, '2017-06-19 13:36:51', ''),
(236, 2, '', '100005', '支付宝验签失败', '110.75.242.132', 'total_amount=0.01&buyer_id=2088702587667404&trade_no=2017061921001004400208963396&notify_time=2017-06-19+13%3A38%3A50&subject=%E9%BB%91%E7%B2%BE%E5%B9%B4%E8%B4%B9&sign_type=RSA&buyer_logon_id=182****5319&auth_app_id=2017060507424556&charset=utf-8&notify_type=trade_status_sync&invoice_amount=0.01&out_trade_no=2017061970392&trade_status=TRADE_SUCCESS&gmt_payment=2017-06-19+13%3A38%3A50&version=1.0&point_amount=0.00&sign=Rv5ZcwJjA%2B2Vb1QOcop8bhf90WmWQl5Plf92Uvcm80YlHMmOsdpTn3Ent9N2h3nVPiBjONBa%2FS', 1497850731, '2017-06-19 13:38:51', ''),
(237, 2, '', '100005', '支付宝验签失败', '110.75.242.218', 'total_amount=0.01&buyer_id=2088702587667404&trade_no=2017061921001004400208967184&notify_time=2017-06-19+13%3A41%3A39&subject=%E9%BB%91%E7%B2%BE%E5%B9%B4%E8%B4%B9&sign_type=RSA&buyer_logon_id=182****5319&auth_app_id=2017060507424556&charset=utf-8&notify_type=trade_status_sync&invoice_amount=0.01&out_trade_no=2017061902360&trade_status=TRADE_SUCCESS&gmt_payment=2017-06-19+13%3A35%3A57&version=1.0&point_amount=0.00&sign=tfp0oVuETwKHxdbfXB%2FhjWeZ%2FdisdmNAGD0s7Nc%2BJ7l2FWs4yuOPO30zC3C6WANv8mFGnyS6', 1497850900, '2017-06-19 13:41:40', ''),
(238, 1, '2017061941699', '100007', '微信验签失败', '140.207.54.74', '<xml><appid><![CDATA[wx845515db72c790d0]]></appid>\n<bank_type><![CDATA[CFT]]></bank_type>\n<cash_fee><![CDATA[1]]></cash_fee>\n<fee_type><![CDATA[CNY]]></fee_type>\n<is_subscribe><![CDATA[N]]></is_subscribe>\n<mch_id><![CDATA[1404209602]]></mch_id>\n<nonce_str><![CDATA[cd98f00b204e9800998ecf8427e]]></nonce_str>\n<openid><![CDATA[oAX7ZvlhnMphg1MRoSiHXkKEfbdY]]></openid>\n<out_trade_no><![CDATA[2017061941699]]></out_trade_no>\n<result_code><![CDATA[SUCCESS]]></result_code>\n<return_code><![CDATA[SUCCESS]]>', 1497851006, '2017-06-19 13:43:26', ''),
(239, 2, '', '100005', '支付宝验签失败', '110.75.242.207', 'total_amount=0.01&buyer_id=2088702587667404&trade_no=2017061921001004400208963396&notify_time=2017-06-19+13%3A44%3A30&subject=%E9%BB%91%E7%B2%BE%E5%B9%B4%E8%B4%B9&sign_type=RSA&buyer_logon_id=182****5319&auth_app_id=2017060507424556&charset=utf-8&notify_type=trade_status_sync&invoice_amount=0.01&out_trade_no=2017061970392&trade_status=TRADE_SUCCESS&gmt_payment=2017-06-19+13%3A38%3A50&version=1.0&point_amount=0.00&sign=rKPfbJxsWoDW4tYqgeYxjT5TjeOAQ2DpYLPTMAtzB%2FNOw4YmRPWpsumoyuiHP5AgDU45hz48MmPm', 1497851070, '2017-06-19 13:44:30', ''),
(240, 2, '', '100005', '支付宝验签失败', '110.75.242.236', 'total_amount=0.01&buyer_id=2088702587667404&trade_no=2017061921001004400208942219&notify_time=2017-06-19+13%3A46%3A52&subject=%E9%BB%91%E7%B2%BE%E5%B9%B4%E8%B4%B9&sign_type=RSA&buyer_logon_id=182****5319&auth_app_id=2017060507424556&charset=utf-8&notify_type=trade_status_sync&invoice_amount=0.01&out_trade_no=2017061988817&trade_status=TRADE_SUCCESS&gmt_payment=2017-06-19+13%3A30%3A59&version=1.0&point_amount=0.00&sign=wZEaPiVgaHZ7OmLBTk9Ys7XdzF7Q3Ingu82uhfQxQfw2y%2B%2BLaIAFkwh2fMsrxlwerW1T0HVJc%', 1497851213, '2017-06-19 13:46:53', ''),
(241, 2, '', '100005', '支付宝验签失败', '110.75.242.92', 'total_amount=0.01&buyer_id=2088702587667404&trade_no=2017061921001004400208967184&notify_time=2017-06-19+13%3A51%3A28&subject=%E9%BB%91%E7%B2%BE%E5%B9%B4%E8%B4%B9&sign_type=RSA&buyer_logon_id=182****5319&auth_app_id=2017060507424556&charset=utf-8&notify_type=trade_status_sync&invoice_amount=0.01&out_trade_no=2017061902360&trade_status=TRADE_SUCCESS&gmt_payment=2017-06-19+13%3A35%3A57&version=1.0&point_amount=0.00&sign=bRQOkTQwAtib7WK5oawRgkWwCgTRB65zImiv7EJTwEIVRLKDGDskve1WGC6j7IdRiGeKV%2FDAyl5E', 1497851488, '2017-06-19 13:51:28', ''),
(242, 2, '', '100005', '支付宝验签失败', '110.75.242.179', 'total_amount=0.01&buyer_id=2088702587667404&trade_no=2017061921001004400208963396&notify_time=2017-06-19+13%3A54%3A43&subject=%E9%BB%91%E7%B2%BE%E5%B9%B4%E8%B4%B9&sign_type=RSA&buyer_logon_id=182****5319&auth_app_id=2017060507424556&charset=utf-8&notify_type=trade_status_sync&invoice_amount=0.01&out_trade_no=2017061970392&trade_status=TRADE_SUCCESS&gmt_payment=2017-06-19+13%3A38%3A50&version=1.0&point_amount=0.00&sign=H97N%2B%2Bu2U%2FK9uC3IZ9L28mOapmSOAIhAes4fbCpiDTWCY%2FAx%2FIk0uf%2FvbCoJ8VLUzM', 1497851683, '2017-06-19 13:54:43', ''),
(243, 2, '', '100005', '支付宝验签失败', '110.75.242.173', 'gmt_create=2017-06-19+13%3A30%3A58&charset=utf-8&seller_email=3427694907%40qq.com&subject=%E9%BB%91%E7%B2%BE%E5%B9%B4%E8%B4%B9&sign=HuIjJIeCh5FbcMGXx2UxSE23Fy8j7brWXnKl7t6oDsNNIYi5QM7sZPGoe2lgfUCgJ0xUuCIZPcRssvy0kIcJ6%2FnwEuFbAXOcekv3HoVQE1Uaa%2BqLBp8u%2BhiTGF3nArOkOjkHeIqp9BYFUOldZFyWMbuL11zSdBTa8DjvFYdpfBY%3D&buyer_id=2088702587667404&invoice_amount=0.01&notify_id=5f5c46fa9caec10c4b28493ebb33387j36&fund_bill_list=%5B%7B%22amount%22%3A%220.01%22%2C%22fundChannel%22%3A%22ALIPAYACCOUNT%22%7D%5D&n', 1497851710, '2017-06-19 13:55:10', '');
INSERT INTO `jydp_order_error_log` (`id`, `channel`, `ordersn`, `errcode`, `errmsg`, `ip`, `data`, `add_time`, `add_time_format`, `memo`) VALUES
(244, 2, '', '100005', '支付宝验签失败', '110.75.242.188', 'total_amount=0.01&buyer_id=2088702587667404&trade_no=2017061921001004400208967184&notify_time=2017-06-19+14%3A00%3A31&subject=%E9%BB%91%E7%B2%BE%E5%B9%B4%E8%B4%B9&sign_type=RSA&buyer_logon_id=182****5319&auth_app_id=2017060507424556&charset=utf-8&notify_type=trade_status_sync&invoice_amount=0.01&out_trade_no=2017061902360&trade_status=TRADE_SUCCESS&gmt_payment=2017-06-19+13%3A35%3A57&version=1.0&point_amount=0.00&sign=hDRuO94SUjeSA6swiuV2ZjLOEmoyJ9DNCECGChhPb%2FZXLsRmVh3Ir9enp8LeOJA5iMtJsGL1LOQS', 1497852031, '2017-06-19 14:00:31', ''),
(245, 2, '', '100005', '支付宝验签失败', '110.75.242.61', 'gmt_create=2017-06-19+13%3A38%3A49&charset=utf-8&seller_email=3427694907%40qq.com&subject=%E9%BB%91%E7%B2%BE%E5%B9%B4%E8%B4%B9&sign=reSAL54uXEG2bcB6WePLjOMwcwxISbrYeDZI086Zcx%2FjmAygGotXDFbZuLaJ8Uxbe0fbXnzcsXT4TJK9N66yLxO39UA7KB4aJb6OAY9%2Br%2Bw9QgUxr%2BcBbYv36YfedgUOjZN266UtIOyWuGdxvUEyQSVCjhBJ9W%2FGRavNsIvCT%2Fw%3D&buyer_id=2088702587667404&invoice_amount=0.01&notify_id=489621e26e86abdb8e6045e5fd00f71j36&fund_bill_list=%5B%7B%22amount%22%3A%220.01%22%2C%22fundChannel%22%3A%22ALIPAYACCOUNT%22%7', 1497852230, '2017-06-19 14:03:50', ''),
(246, 1, '2017061931666', '100007', '微信验签失败', '140.207.54.76', '<xml><appid><![CDATA[wx845515db72c790d0]]></appid>\n<bank_type><![CDATA[CFT]]></bank_type>\n<cash_fee><![CDATA[1]]></cash_fee>\n<fee_type><![CDATA[CNY]]></fee_type>\n<is_subscribe><![CDATA[N]]></is_subscribe>\n<mch_id><![CDATA[1404209602]]></mch_id>\n<nonce_str><![CDATA[cd98f00b204e9800998ecf8427e]]></nonce_str>\n<openid><![CDATA[oAX7ZvlhnMphg1MRoSiHXkKEfbdY]]></openid>\n<out_trade_no><![CDATA[2017061931666]]></out_trade_no>\n<result_code><![CDATA[SUCCESS]]></result_code>\n<return_code><![CDATA[SUCCESS]]>', 1497852674, '2017-06-19 14:11:14', ''),
(247, 1, '2017061913833', '100007', '微信验签失败', '140.207.54.76', '<xml><appid><![CDATA[wx845515db72c790d0]]></appid>\n<bank_type><![CDATA[CFT]]></bank_type>\n<cash_fee><![CDATA[1]]></cash_fee>\n<fee_type><![CDATA[CNY]]></fee_type>\n<is_subscribe><![CDATA[N]]></is_subscribe>\n<mch_id><![CDATA[1404209602]]></mch_id>\n<nonce_str><![CDATA[cd98f00b204e9800998ecf8427e]]></nonce_str>\n<openid><![CDATA[oAX7ZvlhnMphg1MRoSiHXkKEfbdY]]></openid>\n<out_trade_no><![CDATA[2017061913833]]></out_trade_no>\n<result_code><![CDATA[SUCCESS]]></result_code>\n<return_code><![CDATA[SUCCESS]]>', 1497853415, '2017-06-19 14:23:35', ''),
(248, 2, '', '100005', '支付宝验签失败', '110.75.242.97', 'total_amount=0.01&buyer_id=2088702587667404&trade_no=2017061921001004400208942219&notify_time=2017-06-19+14%3A56%3A24&subject=%E9%BB%91%E7%B2%BE%E5%B9%B4%E8%B4%B9&sign_type=RSA&buyer_logon_id=182****5319&auth_app_id=2017060507424556&charset=utf-8&notify_type=trade_status_sync&invoice_amount=0.01&out_trade_no=2017061988817&trade_status=TRADE_SUCCESS&gmt_payment=2017-06-19+13%3A30%3A59&version=1.0&point_amount=0.00&sign=lw3N7%2BDo3CdVUhu%2FTYpWGkAO4PfBu4wAjPxpf3fIUHLBXP9nscLuL6V%2Fk3bp6NOjUaj0LEAF', 1497855384, '2017-06-19 14:56:24', ''),
(249, 2, '', '100005', '支付宝验签失败', '110.75.242.182', 'gmt_create=2017-06-19+13%3A35%3A56&charset=utf-8&seller_email=3427694907%40qq.com&subject=%E9%BB%91%E7%B2%BE%E5%B9%B4%E8%B4%B9&sign=dzu8ppfvLXRzXaMjzW8WFvolAR%2FHvwv%2FZb2koSkbZiSuJOsAbrsFrV4SqSe%2B3U28Z7w4s0OEmuv7klO%2Fz3TTQkRxqsEV0XRvlbHLG2RBJug36HeiRTqK1%2FZ3K7DrxHzLxvXjtHWjFGx7imYzyVYexksfsfVnwwKKWgea%2FrulpZM%3D&buyer_id=2088702587667404&invoice_amount=0.01&notify_id=6348a07676cd3b16b48c05ffaa9c53cj36&fund_bill_list=%5B%7B%22amount%22%3A%220.01%22%2C%22fundChannel%22%3A%22ALIPAYACCOUNT%22%7', 1497855699, '2017-06-19 15:01:39', ''),
(250, 2, '', '100005', '支付宝验签失败', '110.75.242.143', 'total_amount=0.01&buyer_id=2088702587667404&trade_no=2017061921001004400208963396&notify_time=2017-06-19+15%3A04%3A39&subject=%E9%BB%91%E7%B2%BE%E5%B9%B4%E8%B4%B9&sign_type=RSA&buyer_logon_id=182****5319&auth_app_id=2017060507424556&charset=utf-8&notify_type=trade_status_sync&invoice_amount=0.01&out_trade_no=2017061970392&trade_status=TRADE_SUCCESS&gmt_payment=2017-06-19+13%3A38%3A50&version=1.0&point_amount=0.00&sign=Bf2Xcqcv2tDQCnei%2BeTujGre71d%2FgipyXGogl2N5Oa6RNsZOmfv8CSULzGmfx6dj%2FTDiLg4M', 1497855879, '2017-06-19 15:04:39', ''),
(251, 2, '', '100005', '支付宝验签失败', '110.75.242.204', 'gmt_create=2017-06-19+11%3A55%3A48&charset=utf-8&seller_email=3427694907%40qq.com&subject=%E9%BB%91%E7%B2%BE%E5%B9%B4%E8%B4%B9&sign=BORHPBcLJJvGtD00VMX47JeXmiQcOVNDlVfGExP%2FHNJlgaOnxkwi1i36LH9ux8veh0KF%2FSKn4uZVGZUjkN4A%2BgpGyiSD%2B%2Fn7Fv9GEabQNgxH2C8%2BE%2BoboIpkZI9MHRwE8oxidBL6AhskcMKqUpDyBW9KVgngD3z0N01Rmw3rvF8%3D&buyer_id=2088702587667404&invoice_amount=0.01&notify_id=fa95d9b9c178bcd75321177442c1964j36&fund_bill_list=%5B%7B%22amount%22%3A%220.01%22%2C%22fundChannel%22%3A%22ALIPAYACCOUNT%22', 1497856810, '2017-06-19 15:20:10', ''),
(252, 2, '', '100005', '支付宝验签失败', '110.75.242.78', 'gmt_create=2017-06-19+13%3A30%3A58&charset=utf-8&seller_email=3427694907%40qq.com&subject=%E9%BB%91%E7%B2%BE%E5%B9%B4%E8%B4%B9&sign=gC9euJkaeFIl2zvasG2cyqLpk9%2F6mOqlTWMHfJbF3POb4ch9TYLoLx9pzjFA6B7VeqIbj%2BWGC6T9t3DwEfAsP8Z4k9B6gLY8V2anDpmLqk7JURKj5aMRL0uBxfAfS4DN7K%2FFjOU%2BEfIsQML%2BRQta4yOjGG%2BBTiG4biSvFEIM9a8%3D&buyer_id=2088702587667404&invoice_amount=0.01&notify_id=5f5c46fa9caec10c4b28493ebb33387j36&fund_bill_list=%5B%7B%22amount%22%3A%220.01%22%2C%22fundChannel%22%3A%22ALIPAYACCOUNT%22%7', 1497862597, '2017-06-19 16:56:37', ''),
(253, 2, '', '100005', '支付宝验签失败', '203.209.232.1', 'gmt_create=2017-06-19+17%3A00%3A35&charset=utf-8&seller_email=3427694907%40qq.com&subject=%E9%BB%91%E7%B2%BE%E5%B9%B4%E8%B4%B9&sign=h6ajH76%2B9W6STNymCiRO1o8UJr1UScfJAYG4GoO7w47tZfPCtzTMqZ4wPOl8w0G2N25cqmSjEbAey65nBkTQxdJJG6HbOLKhoa1fVRZS%2BL%2FH4%2BI1HN%2BVOQ5zZUsHNdQxW7W1u7CDB4jr0aSsp2j8XrDtsYI%2BhD1ry3UUIsI%2B0XM%3D&buyer_id=2088202452296161&invoice_amount=0.01&notify_id=452e9ce620b8460416fc1a420164430h8i&fund_bill_list=%5B%7B%22amount%22%3A%220.01%22%2C%22fundChannel%22%3A%22ALIPAYACCOUNT%22', 1497862836, '2017-06-19 17:00:36', ''),
(254, 2, '', '100005', '支付宝验签失败', '110.75.242.220', 'total_amount=0.01&buyer_id=2088702587667404&trade_no=2017061921001004400208967184&notify_time=2017-06-19+17%3A01%3A44&subject=%E9%BB%91%E7%B2%BE%E5%B9%B4%E8%B4%B9&sign_type=RSA&buyer_logon_id=182****5319&auth_app_id=2017060507424556&charset=utf-8&notify_type=trade_status_sync&invoice_amount=0.01&out_trade_no=2017061902360&trade_status=TRADE_SUCCESS&gmt_payment=2017-06-19+13%3A35%3A57&version=1.0&point_amount=0.00&sign=KHXLqkZFhr5iir8h%2BAF%2BlvylERSdPdbPuj88T5XOgiZ5LMQVe4QNnc6AawhMHUEBWh0aOUMm%2', 1497862905, '2017-06-19 17:01:45', ''),
(255, 2, '', '100005', '支付宝验签失败', '110.75.242.99', 'gmt_create=2017-06-19+13%3A38%3A49&charset=utf-8&seller_email=3427694907%40qq.com&subject=%E9%BB%91%E7%B2%BE%E5%B9%B4%E8%B4%B9&sign=X9%2B%2FZpBD5TTyBSB1VzhArMOf63VnhXtRg06%2FyU%2Baoa4od3Zs9XyOebk%2BYTCX6T%2FPZrRyJ5LprBfZYj01QvWGfkXF%2BJYT%2BzwHqtggGxkH%2FkrFfD5rkZwXkCPC3H%2FGo2h0ga8sPEUbW%2FePzU9A4O8%2FtNGsjouMcRgrUMNHLTtwU3Y%3D&buyer_id=2088702587667404&invoice_amount=0.01&notify_id=489621e26e86abdb8e6045e5fd00f71j36&fund_bill_list=%5B%7B%22amount%22%3A%220.01%22%2C%22fundChannel%22%3A%22ALIPAY', 1497863059, '2017-06-19 17:04:19', ''),
(256, 2, '', '100005', '支付宝验签失败', '203.209.232.85', 'total_amount=0.01&buyer_id=2088202452296161&trade_no=2017061921001004160207075864&notify_time=2017-06-19+17%3A06%3A50&subject=%E9%BB%91%E7%B2%BE%E5%B9%B4%E8%B4%B9&sign_type=RSA&buyer_logon_id=138****6031&auth_app_id=2017060507424556&charset=utf-8&notify_type=trade_status_sync&invoice_amount=0.01&out_trade_no=2017061923632&trade_status=TRADE_SUCCESS&gmt_payment=2017-06-19+17%3A00%3A35&version=1.0&point_amount=0.00&sign=SQ0DEgWjnCmQ0VnoV8Xy9wwC3h1fTu9tItZFmGqKKeUiUeenzQsBEbY%2FkPe%2BT%2BWivYo25OrT', 1497863210, '2017-06-19 17:06:50', ''),
(257, 2, '', '100005', '支付宝验签失败', '203.209.232.196', 'gmt_create=2017-06-19+17%3A00%3A35&charset=utf-8&seller_email=3427694907%40qq.com&subject=%E9%BB%91%E7%B2%BE%E5%B9%B4%E8%B4%B9&sign=wSo9yAuky2H%2Fseyvt1aOl%2FWP9FYKIaNFbwiBXfkl8jmuSbkJkHEwIHoD9Ay3Tk%2ForRwYPrt2zW%2BrnECiDlOBxzeijp3ga2yiq3KSbcOrwKpSD4C4FkVWwznydasJXdYdg6b13t7EA4XQ0cGLbDV0HJ17xtbg9s99BIChr2ntysI%3D&buyer_id=2088202452296161&invoice_amount=0.01&notify_id=452e9ce620b8460416fc1a420164430h8i&fund_bill_list=%5B%7B%22amount%22%3A%220.01%22%2C%22fundChannel%22%3A%22ALIPAYACCOUNT%22%7D%5D', 1497863742, '2017-06-19 17:15:42', ''),
(258, 2, '', '100005', '支付宝验签失败', '203.209.232.115', 'gmt_create=2017-06-19+17%3A00%3A35&charset=utf-8&seller_email=3427694907%40qq.com&subject=%E9%BB%91%E7%B2%BE%E5%B9%B4%E8%B4%B9&sign=c4Gi4KrmBtNxNU4FQv4TNZRNjdnZtnE%2BADQgrpKRJLtpa8Eu%2FhDx%2FsJep%2FHjpHo5I%2FU1VQ2tjL6ODDEmX5lngUobJAufMQX5upyAwBJLVFqwI4ie3Z4IuMSlbRVTNBWwwNYT6KrDqNti%2BVd4w7%2BvVYDuLyefuFxR%2FvbBuyyr2yQ%3D&buyer_id=2088202452296161&invoice_amount=0.01&notify_id=452e9ce620b8460416fc1a420164430h8i&fund_bill_list=%5B%7B%22amount%22%3A%220.01%22%2C%22fundChannel%22%3A%22ALIPAYACCOUNT%', 1497864311, '2017-06-19 17:25:11', ''),
(259, 2, '', '100005', '支付宝验签失败', '203.209.232.107', 'gmt_create=2017-06-19+17%3A00%3A35&charset=utf-8&seller_email=3427694907%40qq.com&subject=%E9%BB%91%E7%B2%BE%E5%B9%B4%E8%B4%B9&sign=OVqK6gtatDwbUdw1OOG6iAEPAnIyOvdApFiTKL2rjFd9%2Fpj4qMFRvrGlfLhkT%2F%2Fr6WmG0pdg8DWxIebPm6L0GVUwlbx4chGNY81SwvKrHORled66Y3g%2BaPnTOfZmoatBeqDhvTX5w6OLRH4ZHUoSEQLWOG3iFDWl2KYY9vekA%2B4%3D&buyer_id=2088202452296161&invoice_amount=0.01&notify_id=452e9ce620b8460416fc1a420164430h8i&fund_bill_list=%5B%7B%22amount%22%3A%220.01%22%2C%22fundChannel%22%3A%22ALIPAYACCOUNT%22%7D%', 1497867965, '2017-06-19 18:26:05', ''),
(260, 2, '', '100005', '支付宝验签失败', '203.209.232.167', 'total_amount=0.01&buyer_id=2088202452296161&trade_no=2017061921001004160207075864&notify_time=2017-06-19+20%3A27%3A35&subject=%E9%BB%91%E7%B2%BE%E5%B9%B4%E8%B4%B9&sign_type=RSA&buyer_logon_id=138****6031&auth_app_id=2017060507424556&charset=utf-8&notify_type=trade_status_sync&invoice_amount=0.01&out_trade_no=2017061923632&trade_status=TRADE_SUCCESS&gmt_payment=2017-06-19+17%3A00%3A35&version=1.0&point_amount=0.00&sign=co2Ktq94hnbdnfUmpzgkmQG6cHcComzXTCRK3j%2BJQJlhqkvHVOAy%2FPJZq6YAE7pRMnn0gGfWT5', 1497875255, '2017-06-19 20:27:35', ''),
(261, 2, '', '100005', '支付宝验签失败', '110.75.242.232', 'gmt_create=2017-06-19+11%3A55%3A48&charset=utf-8&seller_email=3427694907%40qq.com&subject=%E9%BB%91%E7%B2%BE%E5%B9%B4%E8%B4%B9&sign=JQjHHvsNJvuLamGSdyb8%2FLtt9slvcntpd4ilQtMT8yw9cf5Kodf%2FloCrSeQ5MO9cnSrg5rpNr2wLZiRy2CQZy7wGrtjxpfDcOJSsgBReiwMzKS4k0NtcUzQMy4o8w9C%2FQazIrkI6QB0hE7GSkJI53CYKIU4wJ8KMvlCp%2F5fXzPc%3D&buyer_id=2088702587667404&invoice_amount=0.01&notify_id=fa95d9b9c178bcd75321177442c1964j36&fund_bill_list=%5B%7B%22amount%22%3A%220.01%22%2C%22fundChannel%22%3A%22ALIPAYACCOUNT%22%7D%5D', 1497878497, '2017-06-19 21:21:37', ''),
(262, 2, '', '100005', '支付宝验签失败', '110.75.242.88', 'gmt_create=2017-06-19+13%3A30%3A58&charset=utf-8&seller_email=3427694907%40qq.com&subject=%E9%BB%91%E7%B2%BE%E5%B9%B4%E8%B4%B9&sign=XrdWjnvF%2B2Ia0h9KL%2FHQZ8ClXSxw2iEo9Qdoswojx0LysUXGmJ%2F4PmsqmNVGy%2FnWRbLhECWYKQKEgeAdZoYXB%2Fyx%2BKvm2kcmI4PgOnscaRuvkWIhN9236xGsvgZhP1GfS0MQHOzCdKZtzQM9xQ%2BuDk%2BY%2F9Y9SGpF%2BLdb5Xi9N8g%3D&buyer_id=2088702587667404&invoice_amount=0.01&notify_id=5f5c46fa9caec10c4b28493ebb33387j36&fund_bill_list=%5B%7B%22amount%22%3A%220.01%22%2C%22fundChannel%22%3A%22ALIPAYACCO', 1497884210, '2017-06-19 22:56:50', ''),
(263, 2, '', '100005', '支付宝验签失败', '110.75.242.211', 'gmt_create=2017-06-19+13%3A35%3A56&charset=utf-8&seller_email=3427694907%40qq.com&subject=%E9%BB%91%E7%B2%BE%E5%B9%B4%E8%B4%B9&sign=LpaLpEZ5fqDl5%2BFJCmOOtrHwFqKdpwUeIcP3w8oCrDW5zWsK9LDPDng5qowyj917lDi8ZK7JSiU%2F1l%2BPSHbSQG25AuW00y6rgmKVIdm0a7dzhcpX8bx5X0FQixqPBYXWs5EK8MN1JacLp%2FEtUxKjT4oudcuCsYepes6UQ2PN0MA%3D&buyer_id=2088702587667404&invoice_amount=0.01&notify_id=6348a07676cd3b16b48c05ffaa9c53cj36&fund_bill_list=%5B%7B%22amount%22%3A%220.01%22%2C%22fundChannel%22%3A%22ALIPAYACCOUNT%22%7D%5D', 1497884452, '2017-06-19 23:00:52', ''),
(264, 2, '', '100005', '支付宝验签失败', '110.75.242.187', 'gmt_create=2017-06-19+13%3A38%3A49&charset=utf-8&seller_email=3427694907%40qq.com&subject=%E9%BB%91%E7%B2%BE%E5%B9%B4%E8%B4%B9&sign=QCekA9ZyoDHFFtLRmv23lSly7UOrJfP21%2Bu8kWH9dIe3jxha2GFFQhM2Kkeom1AWGy%2FfbDs2Iwl4NReQc5TPzcfGg15V0XBXLo2uG3C2IiEmzMzxHP1lFi8JIUyaywGZhh%2FkSEh2Tlec7mf2xXR9w33bn6DYb1h6FI1UBQt%2BKbc%3D&buyer_id=2088702587667404&invoice_amount=0.01&notify_id=489621e26e86abdb8e6045e5fd00f71j36&fund_bill_list=%5B%7B%22amount%22%3A%220.01%22%2C%22fundChannel%22%3A%22ALIPAYACCOUNT%22%7D%5D', 1497884590, '2017-06-19 23:03:10', ''),
(265, 2, '', '100005', '支付宝验签失败', '203.209.232.171', 'gmt_create=2017-06-19+17%3A00%3A35&charset=utf-8&seller_email=3427694907%40qq.com&subject=%E9%BB%91%E7%B2%BE%E5%B9%B4%E8%B4%B9&sign=IBMRhoyBJLcHfXwnqplqgbG9EMO2sb2i5bekTpxOZ2uFDCB5wlvP5nuKp4kKE20NB0Z9DjZpkAeodb7r%2F%2FmsT6bse8mNBUyyG1kpBq96qUfAvAFV337UJTb%2F3qQYJUmbsyFafW1rX8rpKov9z%2FG3CJmI75s4JPFjpIvsCF3fxBc%3D&buyer_id=2088202452296161&invoice_amount=0.01&notify_id=452e9ce620b8460416fc1a420164430h8i&fund_bill_list=%5B%7B%22amount%22%3A%220.01%22%2C%22fundChannel%22%3A%22ALIPAYACCOUNT%22%7D%5D', 1497896740, '2017-06-20 02:25:40', ''),
(266, 2, '', '100005', '支付宝验签失败', '203.209.232.223', 'gmt_create=2017-06-20+11%3A47%3A09&charset=utf-8&seller_email=3427694907%40qq.com&subject=%E9%BB%91%E7%B2%BE%E5%B9%B4%E8%B4%B9&sign=OIVujLkxclbkwFmv6%2F3EUmkegshGjWsW2KHGinA26oj%2Ft822P%2BgKD3BQXCKccpI%2BY%2BuNzBAybBGmMwFPLrB4ZZ6LMwveJzmoiUvFQzYuAgv7sHLwYozFSdPHRT%2F8koR4I9ZEab6U%2B2Xa%2B6kYX8ZpqqkRO2qPNcfSACLHNewCuFA%3D&buyer_id=2088202452296161&invoice_amount=0.01&notify_id=52ef4b8f971179fb7bb3e15f69ea7e2h8i&fund_bill_list=%5B%7B%22amount%22%3A%220.01%22%2C%22fundChannel%22%3A%22ALIPAYACCOUNT%', 1497930430, '2017-06-20 11:47:10', ''),
(267, 2, '', '100005', '支付宝验签失败', '203.209.232.197', 'gmt_create=2017-06-20+11%3A47%3A09&charset=utf-8&seller_email=3427694907%40qq.com&subject=%E9%BB%91%E7%B2%BE%E5%B9%B4%E8%B4%B9&sign=v7OyF0DmF2O2MYE7Nrv9KHywKXMiQddM2TP4iYhWZ%2FGa%2FwDXFeQSAL6NFrk3OR%2BrqPUhsfeDkMlH8aC19unhfaWwlpzclwXxUSrY%2BvbaY%2Fjz6SyWKRX5kEJZKgGJ5v81E32sYk3r5oOf9ZNac%2B1%2BdE10JEU2o1LPnRwTbwvBWgM%3D&buyer_id=2088202452296161&invoice_amount=0.01&notify_id=52ef4b8f971179fb7bb3e15f69ea7e2h8i&fund_bill_list=%5B%7B%22amount%22%3A%220.01%22%2C%22fundChannel%22%3A%22ALIPAYACCOUNT%22', 1497930766, '2017-06-20 11:52:46', ''),
(268, 2, '', '100005', '支付宝验签失败', '203.209.232.113', 'gmt_create=2017-06-20+11%3A47%3A09&charset=utf-8&seller_email=3427694907%40qq.com&subject=%E9%BB%91%E7%B2%BE%E5%B9%B4%E8%B4%B9&sign=sXmPa4AT%2FoQkVFsas%2Bo%2B4wHgrzJvUdp0WXBx9mHLmURhFs%2FXXub%2FUQDMldunqVh9B%2FLADJ5u9hrxZzqLD9pa1h%2FuM3UQ2MdEIsNh8qVrHlMBiCqUK%2B1bxRjiIRZwJjRdLge7JB38bhWqvXhCvWffBTZ%2BEeRLMwPWgdQFGRgMk%2FE%3D&buyer_id=2088202452296161&invoice_amount=0.01&notify_id=52ef4b8f971179fb7bb3e15f69ea7e2h8i&fund_bill_list=%5B%7B%22amount%22%3A%220.01%22%2C%22fundChannel%22%3A%22ALIPAYACCO', 1497931354, '2017-06-20 12:02:34', ''),
(269, 2, '', '100005', '支付宝验签失败', '203.209.232.143', 'gmt_create=2017-06-20+11%3A47%3A09&charset=utf-8&seller_email=3427694907%40qq.com&subject=%E9%BB%91%E7%B2%BE%E5%B9%B4%E8%B4%B9&sign=D6w7jPS18XPpjkLJHdcmm5L4DLy3JPlKsTAmG%2FC4jQ%2F%2B3h2tMcuXhOjl40gHWFAiOYkdF%2FOQD5rvyCOXJDZXhHYL0516XaB2HSym4mpbxHOvEZwerx4znRvOW2TeTv2TOPP8iGV%2FiGv3aH7PavA0YsUZ5xFuXS0WNibw%2BOfGWPA%3D&buyer_id=2088202452296161&invoice_amount=0.01&notify_id=52ef4b8f971179fb7bb3e15f69ea7e2h8i&fund_bill_list=%5B%7B%22amount%22%3A%220.01%22%2C%22fundChannel%22%3A%22ALIPAYACCOUNT%22%7', 1497931886, '2017-06-20 12:11:26', ''),
(270, 2, '', '100005', '支付宝验签失败', '110.75.242.13', 'gmt_create=2017-06-19+11%3A55%3A48&charset=utf-8&seller_email=3427694907%40qq.com&subject=%E9%BB%91%E7%B2%BE%E5%B9%B4%E8%B4%B9&sign=ZpnSZofN1b8pTjE3tpHqOrWC62fKBMPYseBMLaOZXmDSBd2vo2P6zRj%2B%2FClMP3fKlkZog%2Fo8%2BEsV8Rsjo77Xxn4TiNmHr5il%2BOAlU38jbmKUkCNEM0%2BNArEyLiHYhJQ3ej8l3%2BAnd02GyCy5OH7rnfeiBRBj8sqVh%2FDUjI0K640%3D&buyer_id=2088702587667404&invoice_amount=0.01&notify_id=fa95d9b9c178bcd75321177442c1964j36&fund_bill_list=%5B%7B%22amount%22%3A%220.01%22%2C%22fundChannel%22%3A%22ALIPAYACCOUNT%', 1497932374, '2017-06-20 12:19:34', ''),
(271, 2, '', '100005', '支付宝验签失败', '203.209.232.150', 'gmt_create=2017-06-20+11%3A47%3A09&charset=utf-8&seller_email=3427694907%40qq.com&subject=%E9%BB%91%E7%B2%BE%E5%B9%B4%E8%B4%B9&sign=l6XHLsBRNjyr0fHd2wZqr%2F83d5Ymh3Gg3utgBCyFPTPr5vQiCgDV4twxzxb3In3CoIeQusGPEx%2FzjndH8%2BIAO4FI3H6%2B4lw2GSj8%2Bu%2BwlKqqB7fxTKLEwiFdQhtVBRJrdPqeF7LlpfBaLbpjew0E6W6DCXHpJLnz1apGRAeoaXo%3D&buyer_id=2088202452296161&invoice_amount=0.01&notify_id=52ef4b8f971179fb7bb3e15f69ea7e2h8i&fund_bill_list=%5B%7B%22amount%22%3A%220.01%22%2C%22fundChannel%22%3A%22ALIPAYACCOUNT%22%7', 1497935541, '2017-06-20 13:12:21', ''),
(272, 2, '', '100005', '支付宝验签失败', '110.75.242.136', 'gmt_create=2017-06-19+13%3A30%3A58&charset=utf-8&seller_email=3427694907%40qq.com&subject=%E9%BB%91%E7%B2%BE%E5%B9%B4%E8%B4%B9&sign=sx9w0KwyBq0yM6xAuBRyNW46liha%2FSHSictus%2BkKKnt1yneogxy8GHEgq7EOMmup%2B9D8ev5jeBjvR%2FT7eZsBq5xxVCHl6TvvOrOUzo0QZR%2BpwPcsG%2BebptAw2jKW2P%2FehJkiSNmDFnDmNjuY2JzEFRmStl3Hwe0OQyl57utsRtw%3D&buyer_id=2088702587667404&invoice_amount=0.01&notify_id=5f5c46fa9caec10c4b28493ebb33387j36&fund_bill_list=%5B%7B%22amount%22%3A%220.01%22%2C%22fundChannel%22%3A%22ALIPAYACCOUNT%22', 1497938054, '2017-06-20 13:54:14', ''),
(273, 2, '', '100005', '支付宝验签失败', '110.75.242.68', 'gmt_create=2017-06-19+13%3A35%3A56&charset=utf-8&seller_email=3427694907%40qq.com&subject=%E9%BB%91%E7%B2%BE%E5%B9%B4%E8%B4%B9&sign=wKq0vFmogUHo4OwR8rsaIFWKWwbCSjq0jsC7eBPEEP8%2FYYz7%2BzaCmxKypbUtaMXPDXikI4oOQ8D2d2Ykq%2BGlTe9U4lgTuk%2BcqEQX%2Fx3lxLyhPmNCHW%2FJDZav63%2FUUbdilrnfdsFephLQhVUw2uDeVb7lqr2b4GQ76Wqb6%2F8KrBU%3D&buyer_id=2088702587667404&invoice_amount=0.01&notify_id=6348a07676cd3b16b48c05ffaa9c53cj36&fund_bill_list=%5B%7B%22amount%22%3A%220.01%22%2C%22fundChannel%22%3A%22ALIPAYACCOUNT%', 1497938377, '2017-06-20 13:59:37', ''),
(274, 2, '', '100005', '支付宝验签失败', '110.75.242.46', 'gmt_create=2017-06-19+13%3A38%3A49&charset=utf-8&seller_email=3427694907%40qq.com&subject=%E9%BB%91%E7%B2%BE%E5%B9%B4%E8%B4%B9&sign=D3FM8PtdVKZTNpD%2BywA7ZsooOM8YWmCv1z0OfWvbE3YL%2BF92rTsW4JCL6kjt2Xq%2Bgr32jW9YBKLcWrycqH5JdV6btfs44PDfKeqgP1vYIV5hH4bf5DBqYxdEgyfs51B854FXOJ8NaCnt3f9ens9jx6xvce0n3KeAIgic8dwGVCc%3D&buyer_id=2088702587667404&invoice_amount=0.01&notify_id=489621e26e86abdb8e6045e5fd00f71j36&fund_bill_list=%5B%7B%22amount%22%3A%220.01%22%2C%22fundChannel%22%3A%22ALIPAYACCOUNT%22%7D%5D&n', 1497938537, '2017-06-20 14:02:17', ''),
(275, 2, '', '100005', '支付宝验签失败', '203.209.232.55', 'gmt_create=2017-06-20+11%3A47%3A09&charset=utf-8&seller_email=3427694907%40qq.com&subject=%E9%BB%91%E7%B2%BE%E5%B9%B4%E8%B4%B9&sign=EmTpr6kDTzJ%2FyrjvilN%2BvFvCHrZxWrh3vE2N00JcloJevtCohACB6K9WJZaLpHOIODB%2B6%2FZf%2FTMBA%2BZ%2FcX895sKPS8ITwcl2DSRhshE3Gr7x44DwKYnWfmG6qk8kmk0yEwqVkzGffgzOERyQ539OofNzEpOIwBsUiG6NZlT3Maw%3D&buyer_id=2088202452296161&invoice_amount=0.01&notify_id=52ef4b8f971179fb7bb3e15f69ea7e2h8i&fund_bill_list=%5B%7B%22amount%22%3A%220.01%22%2C%22fundChannel%22%3A%22ALIPAYACCOUNT%22', 1497942879, '2017-06-20 15:14:39', ''),
(276, 1, '2017062001258', '100007', '微信验签失败', '140.207.54.76', '<xml><appid><![CDATA[wx845515db72c790d0]]></appid>\n<bank_type><![CDATA[CFT]]></bank_type>\n<cash_fee><![CDATA[1]]></cash_fee>\n<fee_type><![CDATA[CNY]]></fee_type>\n<is_subscribe><![CDATA[N]]></is_subscribe>\n<mch_id><![CDATA[1404209602]]></mch_id>\n<nonce_str><![CDATA[cd98f00b204e9800998ecf8427e]]></nonce_str>\n<openid><![CDATA[oAX7ZviP1q7LtCBYX6P8_zYjGngo]]></openid>\n<out_trade_no><![CDATA[2017062001258]]></out_trade_no>\n<result_code><![CDATA[SUCCESS]]></result_code>\n<return_code><![CDATA[SUCCESS]]>', 1497943564, '2017-06-20 15:26:04', ''),
(277, 1, '2017062001258', '100007', '微信验签失败', '140.207.54.76', '<xml><appid><![CDATA[wx845515db72c790d0]]></appid>\n<bank_type><![CDATA[CFT]]></bank_type>\n<cash_fee><![CDATA[1]]></cash_fee>\n<fee_type><![CDATA[CNY]]></fee_type>\n<is_subscribe><![CDATA[N]]></is_subscribe>\n<mch_id><![CDATA[1404209602]]></mch_id>\n<nonce_str><![CDATA[cd98f00b204e9800998ecf8427e]]></nonce_str>\n<openid><![CDATA[oAX7ZviP1q7LtCBYX6P8_zYjGngo]]></openid>\n<out_trade_no><![CDATA[2017062001258]]></out_trade_no>\n<result_code><![CDATA[SUCCESS]]></result_code>\n<return_code><![CDATA[SUCCESS]]>', 1497943573, '2017-06-20 15:26:13', ''),
(278, 1, '2017062001258', '100007', '微信验签失败', '140.207.54.74', '<xml><appid><![CDATA[wx845515db72c790d0]]></appid>\n<bank_type><![CDATA[CFT]]></bank_type>\n<cash_fee><![CDATA[1]]></cash_fee>\n<fee_type><![CDATA[CNY]]></fee_type>\n<is_subscribe><![CDATA[N]]></is_subscribe>\n<mch_id><![CDATA[1404209602]]></mch_id>\n<nonce_str><![CDATA[cd98f00b204e9800998ecf8427e]]></nonce_str>\n<openid><![CDATA[oAX7ZviP1q7LtCBYX6P8_zYjGngo]]></openid>\n<out_trade_no><![CDATA[2017062001258]]></out_trade_no>\n<result_code><![CDATA[SUCCESS]]></result_code>\n<return_code><![CDATA[SUCCESS]]>', 1497943590, '2017-06-20 15:26:30', ''),
(279, 1, '2017062001258', '100007', '微信验签失败', '140.207.54.76', '<xml><appid><![CDATA[wx845515db72c790d0]]></appid>\n<bank_type><![CDATA[CFT]]></bank_type>\n<cash_fee><![CDATA[1]]></cash_fee>\n<fee_type><![CDATA[CNY]]></fee_type>\n<is_subscribe><![CDATA[N]]></is_subscribe>\n<mch_id><![CDATA[1404209602]]></mch_id>\n<nonce_str><![CDATA[cd98f00b204e9800998ecf8427e]]></nonce_str>\n<openid><![CDATA[oAX7ZviP1q7LtCBYX6P8_zYjGngo]]></openid>\n<out_trade_no><![CDATA[2017062001258]]></out_trade_no>\n<result_code><![CDATA[SUCCESS]]></result_code>\n<return_code><![CDATA[SUCCESS]]>', 1497943621, '2017-06-20 15:27:01', ''),
(280, 1, '2017062001258', '100007', '微信验签失败', '140.207.54.76', '<xml><appid><![CDATA[wx845515db72c790d0]]></appid>\n<bank_type><![CDATA[CFT]]></bank_type>\n<cash_fee><![CDATA[1]]></cash_fee>\n<fee_type><![CDATA[CNY]]></fee_type>\n<is_subscribe><![CDATA[N]]></is_subscribe>\n<mch_id><![CDATA[1404209602]]></mch_id>\n<nonce_str><![CDATA[cd98f00b204e9800998ecf8427e]]></nonce_str>\n<openid><![CDATA[oAX7ZviP1q7LtCBYX6P8_zYjGngo]]></openid>\n<out_trade_no><![CDATA[2017062001258]]></out_trade_no>\n<result_code><![CDATA[SUCCESS]]></result_code>\n<return_code><![CDATA[SUCCESS]]>', 1497943804, '2017-06-20 15:30:04', ''),
(281, 1, '2017062001258', '100007', '微信验签失败', '140.207.54.76', '<xml><appid><![CDATA[wx845515db72c790d0]]></appid>\n<bank_type><![CDATA[CFT]]></bank_type>\n<cash_fee><![CDATA[1]]></cash_fee>\n<fee_type><![CDATA[CNY]]></fee_type>\n<is_subscribe><![CDATA[N]]></is_subscribe>\n<mch_id><![CDATA[1404209602]]></mch_id>\n<nonce_str><![CDATA[cd98f00b204e9800998ecf8427e]]></nonce_str>\n<openid><![CDATA[oAX7ZviP1q7LtCBYX6P8_zYjGngo]]></openid>\n<out_trade_no><![CDATA[2017062001258]]></out_trade_no>\n<result_code><![CDATA[SUCCESS]]></result_code>\n<return_code><![CDATA[SUCCESS]]>', 1497945607, '2017-06-20 16:00:07', ''),
(282, 1, '2017062001258', '100007', '微信验签失败', '140.207.54.74', '<xml><appid><![CDATA[wx845515db72c790d0]]></appid>\n<bank_type><![CDATA[CFT]]></bank_type>\n<cash_fee><![CDATA[1]]></cash_fee>\n<fee_type><![CDATA[CNY]]></fee_type>\n<is_subscribe><![CDATA[N]]></is_subscribe>\n<mch_id><![CDATA[1404209602]]></mch_id>\n<nonce_str><![CDATA[cd98f00b204e9800998ecf8427e]]></nonce_str>\n<openid><![CDATA[oAX7ZviP1q7LtCBYX6P8_zYjGngo]]></openid>\n<out_trade_no><![CDATA[2017062001258]]></out_trade_no>\n<result_code><![CDATA[SUCCESS]]></result_code>\n<return_code><![CDATA[SUCCESS]]>', 1497947409, '2017-06-20 16:30:09', ''),
(283, 1, '2017062001258', '100007', '微信验签失败', '140.207.54.74', '<xml><appid><![CDATA[wx845515db72c790d0]]></appid>\n<bank_type><![CDATA[CFT]]></bank_type>\n<cash_fee><![CDATA[1]]></cash_fee>\n<fee_type><![CDATA[CNY]]></fee_type>\n<is_subscribe><![CDATA[N]]></is_subscribe>\n<mch_id><![CDATA[1404209602]]></mch_id>\n<nonce_str><![CDATA[cd98f00b204e9800998ecf8427e]]></nonce_str>\n<openid><![CDATA[oAX7ZviP1q7LtCBYX6P8_zYjGngo]]></openid>\n<out_trade_no><![CDATA[2017062001258]]></out_trade_no>\n<result_code><![CDATA[SUCCESS]]></result_code>\n<return_code><![CDATA[SUCCESS]]>', 1497949211, '2017-06-20 17:00:11', ''),
(284, 2, '', '100005', '支付宝验签失败', '203.209.232.216', 'gmt_create=2017-06-19+17%3A00%3A35&charset=utf-8&seller_email=3427694907%40qq.com&subject=%E9%BB%91%E7%B2%BE%E5%B9%B4%E8%B4%B9&sign=u41D0Ad%2Fe9PA9wyuuzEmdMGOOj2C4NgCwsjR0H3Nj2FgTSSjiBzFEuVWBp4UirW6D0fl%2BCkHp9niaL9u2DBkJWbMPSh%2B3xjVZsxMDZXUJJSAzzFuREAuzkZQFN4ik7xBpOUkhv730fOVUEKKqd%2BLOTE8nBmrueSsl28pK7N%2FYaQ%3D&buyer_id=2088202452296161&invoice_amount=0.01&notify_id=452e9ce620b8460416fc1a420164430h8i&fund_bill_list=%5B%7B%22amount%22%3A%220.01%22%2C%22fundChannel%22%3A%22ALIPAYACCOUNT%22%7D%', 1497950645, '2017-06-20 17:24:05', ''),
(285, 1, '2017062001258', '100007', '微信验签失败', '140.207.54.76', '<xml><appid><![CDATA[wx845515db72c790d0]]></appid>\n<bank_type><![CDATA[CFT]]></bank_type>\n<cash_fee><![CDATA[1]]></cash_fee>\n<fee_type><![CDATA[CNY]]></fee_type>\n<is_subscribe><![CDATA[N]]></is_subscribe>\n<mch_id><![CDATA[1404209602]]></mch_id>\n<nonce_str><![CDATA[cd98f00b204e9800998ecf8427e]]></nonce_str>\n<openid><![CDATA[oAX7ZviP1q7LtCBYX6P8_zYjGngo]]></openid>\n<out_trade_no><![CDATA[2017062001258]]></out_trade_no>\n<result_code><![CDATA[SUCCESS]]></result_code>\n<return_code><![CDATA[SUCCESS]]>', 1497951013, '2017-06-20 17:30:13', ''),
(286, 1, '2017062001258', '100007', '微信验签失败', '140.207.54.74', '<xml><appid><![CDATA[wx845515db72c790d0]]></appid>\n<bank_type><![CDATA[CFT]]></bank_type>\n<cash_fee><![CDATA[1]]></cash_fee>\n<fee_type><![CDATA[CNY]]></fee_type>\n<is_subscribe><![CDATA[N]]></is_subscribe>\n<mch_id><![CDATA[1404209602]]></mch_id>\n<nonce_str><![CDATA[cd98f00b204e9800998ecf8427e]]></nonce_str>\n<openid><![CDATA[oAX7ZviP1q7LtCBYX6P8_zYjGngo]]></openid>\n<out_trade_no><![CDATA[2017062001258]]></out_trade_no>\n<result_code><![CDATA[SUCCESS]]></result_code>\n<return_code><![CDATA[SUCCESS]]>', 1497954616, '2017-06-20 18:30:16', ''),
(287, 2, '', '100005', '支付宝验签失败', '203.209.232.98', 'gmt_create=2017-06-20+11%3A47%3A09&charset=utf-8&seller_email=3427694907%40qq.com&subject=%E9%BB%91%E7%B2%BE%E5%B9%B4%E8%B4%B9&sign=e79tWEkH7fxlmRHnWrITl96ISm47Ixok6LCD9KG9hGKeR4936mAq7%2B53hWpkkIGYVPhNPw81GRGhb0VTDGc%2B5jF7AeVkd4M%2FF%2FCAyGr5EIz9RBOJcphN7xpcgyahkBW%2FDJ8RpaNDIf2fmBz79jxbdWRry8p41HW1NWAEhmGAxpw%3D&buyer_id=2088202452296161&invoice_amount=0.01&notify_id=52ef4b8f971179fb7bb3e15f69ea7e2h8i&fund_bill_list=%5B%7B%22amount%22%3A%220.01%22%2C%22fundChannel%22%3A%22ALIPAYACCOUNT%22%7D%', 1497964286, '2017-06-20 21:11:26', ''),
(288, 2, '', '100005', '支付宝验签失败', '203.209.232.74', 'gmt_create=2017-06-20+11%3A47%3A09&charset=utf-8&seller_email=3427694907%40qq.com&subject=%E9%BB%91%E7%B2%BE%E5%B9%B4%E8%B4%B9&sign=Fj9YzbogyjVxPNDx2cePrTyV5r7BtNWcDp6m6p8Zaaz8AC737fbBD8iM0oP7KmRBOUHcotzEslBCOmCKIiJSyNnoVVMB6JpJrGXOmgrEmgq5bYBFMNETFzsmsGP1NcHYx6SxU95PeC09ana%2BtNWa1vb1Xwx7vkX2JeavxwTBD3M%3D&buyer_id=2088202452296161&invoice_amount=0.01&notify_id=52ef4b8f971179fb7bb3e15f69ea7e2h8i&fund_bill_list=%5B%7B%22amount%22%3A%220.01%22%2C%22fundChannel%22%3A%22ALIPAYACCOUNT%22%7D%5D&notif', 1498018294, '2017-06-21 12:11:34', ''),
(289, 1, '2017070575633', '100007', '微信验签失败', '140.207.54.76', '<xml><appid><![CDATA[wx845515db72c790d0]]></appid>\n<bank_type><![CDATA[CFT]]></bank_type>\n<cash_fee><![CDATA[1]]></cash_fee>\n<fee_type><![CDATA[CNY]]></fee_type>\n<is_subscribe><![CDATA[N]]></is_subscribe>\n<mch_id><![CDATA[1404209602]]></mch_id>\n<nonce_str><![CDATA[cd98f00b204e9800998ecf8427e]]></nonce_str>\n<openid><![CDATA[oAX7ZviP1q7LtCBYX6P8_zYjGngo]]></openid>\n<out_trade_no><![CDATA[2017070575633]]></out_trade_no>\n<result_code><![CDATA[SUCCESS]]></result_code>\n<return_code><![CDATA[SUCCESS]]>', 1499241501, '2017-07-05 15:58:21', ''),
(290, 1, '2017070575633', '100007', '微信验签失败', '140.207.54.74', '<xml><appid><![CDATA[wx845515db72c790d0]]></appid>\n<bank_type><![CDATA[CFT]]></bank_type>\n<cash_fee><![CDATA[1]]></cash_fee>\n<fee_type><![CDATA[CNY]]></fee_type>\n<is_subscribe><![CDATA[N]]></is_subscribe>\n<mch_id><![CDATA[1404209602]]></mch_id>\n<nonce_str><![CDATA[cd98f00b204e9800998ecf8427e]]></nonce_str>\n<openid><![CDATA[oAX7ZviP1q7LtCBYX6P8_zYjGngo]]></openid>\n<out_trade_no><![CDATA[2017070575633]]></out_trade_no>\n<result_code><![CDATA[SUCCESS]]></result_code>\n<return_code><![CDATA[SUCCESS]]>', 1499241515, '2017-07-05 15:58:35', ''),
(291, 1, '2017070575633', '100007', '微信验签失败', '140.207.54.74', '<xml><appid><![CDATA[wx845515db72c790d0]]></appid>\n<bank_type><![CDATA[CFT]]></bank_type>\n<cash_fee><![CDATA[1]]></cash_fee>\n<fee_type><![CDATA[CNY]]></fee_type>\n<is_subscribe><![CDATA[N]]></is_subscribe>\n<mch_id><![CDATA[1404209602]]></mch_id>\n<nonce_str><![CDATA[cd98f00b204e9800998ecf8427e]]></nonce_str>\n<openid><![CDATA[oAX7ZviP1q7LtCBYX6P8_zYjGngo]]></openid>\n<out_trade_no><![CDATA[2017070575633]]></out_trade_no>\n<result_code><![CDATA[SUCCESS]]></result_code>\n<return_code><![CDATA[SUCCESS]]>', 1499241533, '2017-07-05 15:58:53', ''),
(292, 1, '2017070575633', '100007', '微信验签失败', '140.207.54.76', '<xml><appid><![CDATA[wx845515db72c790d0]]></appid>\n<bank_type><![CDATA[CFT]]></bank_type>\n<cash_fee><![CDATA[1]]></cash_fee>\n<fee_type><![CDATA[CNY]]></fee_type>\n<is_subscribe><![CDATA[N]]></is_subscribe>\n<mch_id><![CDATA[1404209602]]></mch_id>\n<nonce_str><![CDATA[cd98f00b204e9800998ecf8427e]]></nonce_str>\n<openid><![CDATA[oAX7ZviP1q7LtCBYX6P8_zYjGngo]]></openid>\n<out_trade_no><![CDATA[2017070575633]]></out_trade_no>\n<result_code><![CDATA[SUCCESS]]></result_code>\n<return_code><![CDATA[SUCCESS]]>', 1499241566, '2017-07-05 15:59:26', ''),
(293, 1, '2017070575633', '100007', '微信验签失败', '140.207.54.76', '<xml><appid><![CDATA[wx845515db72c790d0]]></appid>\n<bank_type><![CDATA[CFT]]></bank_type>\n<cash_fee><![CDATA[1]]></cash_fee>\n<fee_type><![CDATA[CNY]]></fee_type>\n<is_subscribe><![CDATA[N]]></is_subscribe>\n<mch_id><![CDATA[1404209602]]></mch_id>\n<nonce_str><![CDATA[cd98f00b204e9800998ecf8427e]]></nonce_str>\n<openid><![CDATA[oAX7ZviP1q7LtCBYX6P8_zYjGngo]]></openid>\n<out_trade_no><![CDATA[2017070575633]]></out_trade_no>\n<result_code><![CDATA[SUCCESS]]></result_code>\n<return_code><![CDATA[SUCCESS]]>', 1499241748, '2017-07-05 16:02:28', ''),
(294, 1, '2017070575633', '100007', '微信验签失败', '140.207.54.75', '<xml><appid><![CDATA[wx845515db72c790d0]]></appid>\n<bank_type><![CDATA[CFT]]></bank_type>\n<cash_fee><![CDATA[1]]></cash_fee>\n<fee_type><![CDATA[CNY]]></fee_type>\n<is_subscribe><![CDATA[N]]></is_subscribe>\n<mch_id><![CDATA[1404209602]]></mch_id>\n<nonce_str><![CDATA[cd98f00b204e9800998ecf8427e]]></nonce_str>\n<openid><![CDATA[oAX7ZviP1q7LtCBYX6P8_zYjGngo]]></openid>\n<out_trade_no><![CDATA[2017070575633]]></out_trade_no>\n<result_code><![CDATA[SUCCESS]]></result_code>\n<return_code><![CDATA[SUCCESS]]>', 1499243549, '2017-07-05 16:32:29', ''),
(295, 1, '2017070575633', '100007', '微信验签失败', '140.207.54.76', '<xml><appid><![CDATA[wx845515db72c790d0]]></appid>\n<bank_type><![CDATA[CFT]]></bank_type>\n<cash_fee><![CDATA[1]]></cash_fee>\n<fee_type><![CDATA[CNY]]></fee_type>\n<is_subscribe><![CDATA[N]]></is_subscribe>\n<mch_id><![CDATA[1404209602]]></mch_id>\n<nonce_str><![CDATA[cd98f00b204e9800998ecf8427e]]></nonce_str>\n<openid><![CDATA[oAX7ZviP1q7LtCBYX6P8_zYjGngo]]></openid>\n<out_trade_no><![CDATA[2017070575633]]></out_trade_no>\n<result_code><![CDATA[SUCCESS]]></result_code>\n<return_code><![CDATA[SUCCESS]]>', 1499245350, '2017-07-05 17:02:30', ''),
(296, 1, '2017070575633', '100007', '微信验签失败', '140.207.54.76', '<xml><appid><![CDATA[wx845515db72c790d0]]></appid>\n<bank_type><![CDATA[CFT]]></bank_type>\n<cash_fee><![CDATA[1]]></cash_fee>\n<fee_type><![CDATA[CNY]]></fee_type>\n<is_subscribe><![CDATA[N]]></is_subscribe>\n<mch_id><![CDATA[1404209602]]></mch_id>\n<nonce_str><![CDATA[cd98f00b204e9800998ecf8427e]]></nonce_str>\n<openid><![CDATA[oAX7ZviP1q7LtCBYX6P8_zYjGngo]]></openid>\n<out_trade_no><![CDATA[2017070575633]]></out_trade_no>\n<result_code><![CDATA[SUCCESS]]></result_code>\n<return_code><![CDATA[SUCCESS]]>', 1499247152, '2017-07-05 17:32:32', ''),
(297, 1, '2017070575633', '100007', '微信验签失败', '140.207.54.75', '<xml><appid><![CDATA[wx845515db72c790d0]]></appid>\n<bank_type><![CDATA[CFT]]></bank_type>\n<cash_fee><![CDATA[1]]></cash_fee>\n<fee_type><![CDATA[CNY]]></fee_type>\n<is_subscribe><![CDATA[N]]></is_subscribe>\n<mch_id><![CDATA[1404209602]]></mch_id>\n<nonce_str><![CDATA[cd98f00b204e9800998ecf8427e]]></nonce_str>\n<openid><![CDATA[oAX7ZviP1q7LtCBYX6P8_zYjGngo]]></openid>\n<out_trade_no><![CDATA[2017070575633]]></out_trade_no>\n<result_code><![CDATA[SUCCESS]]></result_code>\n<return_code><![CDATA[SUCCESS]]>', 1499248955, '2017-07-05 18:02:35', ''),
(298, 1, '2017070575633', '100007', '微信验签失败', '140.207.54.75', '<xml><appid><![CDATA[wx845515db72c790d0]]></appid>\n<bank_type><![CDATA[CFT]]></bank_type>\n<cash_fee><![CDATA[1]]></cash_fee>\n<fee_type><![CDATA[CNY]]></fee_type>\n<is_subscribe><![CDATA[N]]></is_subscribe>\n<mch_id><![CDATA[1404209602]]></mch_id>\n<nonce_str><![CDATA[cd98f00b204e9800998ecf8427e]]></nonce_str>\n<openid><![CDATA[oAX7ZviP1q7LtCBYX6P8_zYjGngo]]></openid>\n<out_trade_no><![CDATA[2017070575633]]></out_trade_no>\n<result_code><![CDATA[SUCCESS]]></result_code>\n<return_code><![CDATA[SUCCESS]]>', 1499252558, '2017-07-05 19:02:38', ''),
(299, 1, '2017070842205', '100007', '微信验签失败', '140.207.54.74', '<xml><appid><![CDATA[wx845515db72c790d0]]></appid>\n<bank_type><![CDATA[CFT]]></bank_type>\n<cash_fee><![CDATA[1]]></cash_fee>\n<fee_type><![CDATA[CNY]]></fee_type>\n<is_subscribe><![CDATA[N]]></is_subscribe>\n<mch_id><![CDATA[1404209602]]></mch_id>\n<nonce_str><![CDATA[cd98f00b204e9800998ecf8427e]]></nonce_str>\n<openid><![CDATA[oAX7ZviSCfRTYP4LaZ32Z6q8qkO4]]></openid>\n<out_trade_no><![CDATA[2017070842205]]></out_trade_no>\n<result_code><![CDATA[SUCCESS]]></result_code>\n<return_code><![CDATA[SUCCESS]]>', 1499479898, '2017-07-08 10:11:38', ''),
(300, 1, '2017070842205', '100007', '微信验签失败', '140.207.54.76', '<xml><appid><![CDATA[wx845515db72c790d0]]></appid>\n<bank_type><![CDATA[CFT]]></bank_type>\n<cash_fee><![CDATA[1]]></cash_fee>\n<fee_type><![CDATA[CNY]]></fee_type>\n<is_subscribe><![CDATA[N]]></is_subscribe>\n<mch_id><![CDATA[1404209602]]></mch_id>\n<nonce_str><![CDATA[cd98f00b204e9800998ecf8427e]]></nonce_str>\n<openid><![CDATA[oAX7ZviSCfRTYP4LaZ32Z6q8qkO4]]></openid>\n<out_trade_no><![CDATA[2017070842205]]></out_trade_no>\n<result_code><![CDATA[SUCCESS]]></result_code>\n<return_code><![CDATA[SUCCESS]]>', 1499479912, '2017-07-08 10:11:52', ''),
(301, 1, '2017070842205', '100007', '微信验签失败', '140.207.54.76', '<xml><appid><![CDATA[wx845515db72c790d0]]></appid>\n<bank_type><![CDATA[CFT]]></bank_type>\n<cash_fee><![CDATA[1]]></cash_fee>\n<fee_type><![CDATA[CNY]]></fee_type>\n<is_subscribe><![CDATA[N]]></is_subscribe>\n<mch_id><![CDATA[1404209602]]></mch_id>\n<nonce_str><![CDATA[cd98f00b204e9800998ecf8427e]]></nonce_str>\n<openid><![CDATA[oAX7ZviSCfRTYP4LaZ32Z6q8qkO4]]></openid>\n<out_trade_no><![CDATA[2017070842205]]></out_trade_no>\n<result_code><![CDATA[SUCCESS]]></result_code>\n<return_code><![CDATA[SUCCESS]]>', 1499479928, '2017-07-08 10:12:08', ''),
(302, 1, '2017070842205', '100007', '微信验签失败', '140.207.54.76', '<xml><appid><![CDATA[wx845515db72c790d0]]></appid>\n<bank_type><![CDATA[CFT]]></bank_type>\n<cash_fee><![CDATA[1]]></cash_fee>\n<fee_type><![CDATA[CNY]]></fee_type>\n<is_subscribe><![CDATA[N]]></is_subscribe>\n<mch_id><![CDATA[1404209602]]></mch_id>\n<nonce_str><![CDATA[cd98f00b204e9800998ecf8427e]]></nonce_str>\n<openid><![CDATA[oAX7ZviSCfRTYP4LaZ32Z6q8qkO4]]></openid>\n<out_trade_no><![CDATA[2017070842205]]></out_trade_no>\n<result_code><![CDATA[SUCCESS]]></result_code>\n<return_code><![CDATA[SUCCESS]]>', 1499479961, '2017-07-08 10:12:41', ''),
(303, 1, '2017070842205', '100007', '微信验签失败', '140.207.54.76', '<xml><appid><![CDATA[wx845515db72c790d0]]></appid>\n<bank_type><![CDATA[CFT]]></bank_type>\n<cash_fee><![CDATA[1]]></cash_fee>\n<fee_type><![CDATA[CNY]]></fee_type>\n<is_subscribe><![CDATA[N]]></is_subscribe>\n<mch_id><![CDATA[1404209602]]></mch_id>\n<nonce_str><![CDATA[cd98f00b204e9800998ecf8427e]]></nonce_str>\n<openid><![CDATA[oAX7ZviSCfRTYP4LaZ32Z6q8qkO4]]></openid>\n<out_trade_no><![CDATA[2017070842205]]></out_trade_no>\n<result_code><![CDATA[SUCCESS]]></result_code>\n<return_code><![CDATA[SUCCESS]]>', 1499480143, '2017-07-08 10:15:43', ''),
(304, 1, '2017070880525', '100007', '微信验签失败', '140.207.54.76', '<xml><appid><![CDATA[wx845515db72c790d0]]></appid>\n<bank_type><![CDATA[CFT]]></bank_type>\n<cash_fee><![CDATA[1]]></cash_fee>\n<fee_type><![CDATA[CNY]]></fee_type>\n<is_subscribe><![CDATA[N]]></is_subscribe>\n<mch_id><![CDATA[1404209602]]></mch_id>\n<nonce_str><![CDATA[cd98f00b204e9800998ecf8427e]]></nonce_str>\n<openid><![CDATA[oAX7ZviP1q7LtCBYX6P8_zYjGngo]]></openid>\n<out_trade_no><![CDATA[2017070880525]]></out_trade_no>\n<result_code><![CDATA[SUCCESS]]></result_code>\n<return_code><![CDATA[SUCCESS]]>', 1499480398, '2017-07-08 10:19:58', ''),
(305, 1, '2017070880525', '100007', '微信验签失败', '140.207.54.76', '<xml><appid><![CDATA[wx845515db72c790d0]]></appid>\n<bank_type><![CDATA[CFT]]></bank_type>\n<cash_fee><![CDATA[1]]></cash_fee>\n<fee_type><![CDATA[CNY]]></fee_type>\n<is_subscribe><![CDATA[N]]></is_subscribe>\n<mch_id><![CDATA[1404209602]]></mch_id>\n<nonce_str><![CDATA[cd98f00b204e9800998ecf8427e]]></nonce_str>\n<openid><![CDATA[oAX7ZviP1q7LtCBYX6P8_zYjGngo]]></openid>\n<out_trade_no><![CDATA[2017070880525]]></out_trade_no>\n<result_code><![CDATA[SUCCESS]]></result_code>\n<return_code><![CDATA[SUCCESS]]>', 1499480413, '2017-07-08 10:20:13', ''),
(306, 1, '2017070880525', '100007', '微信验签失败', '140.207.54.76', '<xml><appid><![CDATA[wx845515db72c790d0]]></appid>\n<bank_type><![CDATA[CFT]]></bank_type>\n<cash_fee><![CDATA[1]]></cash_fee>\n<fee_type><![CDATA[CNY]]></fee_type>\n<is_subscribe><![CDATA[N]]></is_subscribe>\n<mch_id><![CDATA[1404209602]]></mch_id>\n<nonce_str><![CDATA[cd98f00b204e9800998ecf8427e]]></nonce_str>\n<openid><![CDATA[oAX7ZviP1q7LtCBYX6P8_zYjGngo]]></openid>\n<out_trade_no><![CDATA[2017070880525]]></out_trade_no>\n<result_code><![CDATA[SUCCESS]]></result_code>\n<return_code><![CDATA[SUCCESS]]>', 1499480430, '2017-07-08 10:20:30', ''),
(307, 1, '2017070880525', '100007', '微信验签失败', '140.207.54.76', '<xml><appid><![CDATA[wx845515db72c790d0]]></appid>\n<bank_type><![CDATA[CFT]]></bank_type>\n<cash_fee><![CDATA[1]]></cash_fee>\n<fee_type><![CDATA[CNY]]></fee_type>\n<is_subscribe><![CDATA[N]]></is_subscribe>\n<mch_id><![CDATA[1404209602]]></mch_id>\n<nonce_str><![CDATA[cd98f00b204e9800998ecf8427e]]></nonce_str>\n<openid><![CDATA[oAX7ZviP1q7LtCBYX6P8_zYjGngo]]></openid>\n<out_trade_no><![CDATA[2017070880525]]></out_trade_no>\n<result_code><![CDATA[SUCCESS]]></result_code>\n<return_code><![CDATA[SUCCESS]]>', 1499480462, '2017-07-08 10:21:02', ''),
(308, 1, '2017070880525', '100007', '微信验签失败', '140.207.54.76', '<xml><appid><![CDATA[wx845515db72c790d0]]></appid>\n<bank_type><![CDATA[CFT]]></bank_type>\n<cash_fee><![CDATA[1]]></cash_fee>\n<fee_type><![CDATA[CNY]]></fee_type>\n<is_subscribe><![CDATA[N]]></is_subscribe>\n<mch_id><![CDATA[1404209602]]></mch_id>\n<nonce_str><![CDATA[cd98f00b204e9800998ecf8427e]]></nonce_str>\n<openid><![CDATA[oAX7ZviP1q7LtCBYX6P8_zYjGngo]]></openid>\n<out_trade_no><![CDATA[2017070880525]]></out_trade_no>\n<result_code><![CDATA[SUCCESS]]></result_code>\n<return_code><![CDATA[SUCCESS]]>', 1499480643, '2017-07-08 10:24:03', ''),
(309, 1, '2017070842205', '100007', '微信验签失败', '140.207.54.74', '<xml><appid><![CDATA[wx845515db72c790d0]]></appid>\n<bank_type><![CDATA[CFT]]></bank_type>\n<cash_fee><![CDATA[1]]></cash_fee>\n<fee_type><![CDATA[CNY]]></fee_type>\n<is_subscribe><![CDATA[N]]></is_subscribe>\n<mch_id><![CDATA[1404209602]]></mch_id>\n<nonce_str><![CDATA[cd98f00b204e9800998ecf8427e]]></nonce_str>\n<openid><![CDATA[oAX7ZviSCfRTYP4LaZ32Z6q8qkO4]]></openid>\n<out_trade_no><![CDATA[2017070842205]]></out_trade_no>\n<result_code><![CDATA[SUCCESS]]></result_code>\n<return_code><![CDATA[SUCCESS]]>', 1499481944, '2017-07-08 10:45:44', ''),
(310, 1, '2017070880525', '100007', '微信验签失败', '140.207.54.74', '<xml><appid><![CDATA[wx845515db72c790d0]]></appid>\n<bank_type><![CDATA[CFT]]></bank_type>\n<cash_fee><![CDATA[1]]></cash_fee>\n<fee_type><![CDATA[CNY]]></fee_type>\n<is_subscribe><![CDATA[N]]></is_subscribe>\n<mch_id><![CDATA[1404209602]]></mch_id>\n<nonce_str><![CDATA[cd98f00b204e9800998ecf8427e]]></nonce_str>\n<openid><![CDATA[oAX7ZviP1q7LtCBYX6P8_zYjGngo]]></openid>\n<out_trade_no><![CDATA[2017070880525]]></out_trade_no>\n<result_code><![CDATA[SUCCESS]]></result_code>\n<return_code><![CDATA[SUCCESS]]>', 1499482444, '2017-07-08 10:54:04', ''),
(311, 1, '2017070842205', '100007', '微信验签失败', '140.207.54.76', '<xml><appid><![CDATA[wx845515db72c790d0]]></appid>\n<bank_type><![CDATA[CFT]]></bank_type>\n<cash_fee><![CDATA[1]]></cash_fee>\n<fee_type><![CDATA[CNY]]></fee_type>\n<is_subscribe><![CDATA[N]]></is_subscribe>\n<mch_id><![CDATA[1404209602]]></mch_id>\n<nonce_str><![CDATA[cd98f00b204e9800998ecf8427e]]></nonce_str>\n<openid><![CDATA[oAX7ZviSCfRTYP4LaZ32Z6q8qkO4]]></openid>\n<out_trade_no><![CDATA[2017070842205]]></out_trade_no>\n<result_code><![CDATA[SUCCESS]]></result_code>\n<return_code><![CDATA[SUCCESS]]>', 1499483746, '2017-07-08 11:15:46', ''),
(312, 1, '2017070880525', '100007', '微信验签失败', '140.207.54.75', '<xml><appid><![CDATA[wx845515db72c790d0]]></appid>\n<bank_type><![CDATA[CFT]]></bank_type>\n<cash_fee><![CDATA[1]]></cash_fee>\n<fee_type><![CDATA[CNY]]></fee_type>\n<is_subscribe><![CDATA[N]]></is_subscribe>\n<mch_id><![CDATA[1404209602]]></mch_id>\n<nonce_str><![CDATA[cd98f00b204e9800998ecf8427e]]></nonce_str>\n<openid><![CDATA[oAX7ZviP1q7LtCBYX6P8_zYjGngo]]></openid>\n<out_trade_no><![CDATA[2017070880525]]></out_trade_no>\n<result_code><![CDATA[SUCCESS]]></result_code>\n<return_code><![CDATA[SUCCESS]]>', 1499484246, '2017-07-08 11:24:06', ''),
(313, 1, '2017070842205', '100007', '微信验签失败', '140.207.54.74', '<xml><appid><![CDATA[wx845515db72c790d0]]></appid>\n<bank_type><![CDATA[CFT]]></bank_type>\n<cash_fee><![CDATA[1]]></cash_fee>\n<fee_type><![CDATA[CNY]]></fee_type>\n<is_subscribe><![CDATA[N]]></is_subscribe>\n<mch_id><![CDATA[1404209602]]></mch_id>\n<nonce_str><![CDATA[cd98f00b204e9800998ecf8427e]]></nonce_str>\n<openid><![CDATA[oAX7ZviSCfRTYP4LaZ32Z6q8qkO4]]></openid>\n<out_trade_no><![CDATA[2017070842205]]></out_trade_no>\n<result_code><![CDATA[SUCCESS]]></result_code>\n<return_code><![CDATA[SUCCESS]]>', 1499485547, '2017-07-08 11:45:47', ''),
(314, 1, '2017070880525', '100007', '微信验签失败', '140.207.54.75', '<xml><appid><![CDATA[wx845515db72c790d0]]></appid>\n<bank_type><![CDATA[CFT]]></bank_type>\n<cash_fee><![CDATA[1]]></cash_fee>\n<fee_type><![CDATA[CNY]]></fee_type>\n<is_subscribe><![CDATA[N]]></is_subscribe>\n<mch_id><![CDATA[1404209602]]></mch_id>\n<nonce_str><![CDATA[cd98f00b204e9800998ecf8427e]]></nonce_str>\n<openid><![CDATA[oAX7ZviP1q7LtCBYX6P8_zYjGngo]]></openid>\n<out_trade_no><![CDATA[2017070880525]]></out_trade_no>\n<result_code><![CDATA[SUCCESS]]></result_code>\n<return_code><![CDATA[SUCCESS]]>', 1499486049, '2017-07-08 11:54:09', ''),
(315, 1, '2017070842205', '100007', '微信验签失败', '140.207.54.76', '<xml><appid><![CDATA[wx845515db72c790d0]]></appid>\n<bank_type><![CDATA[CFT]]></bank_type>\n<cash_fee><![CDATA[1]]></cash_fee>\n<fee_type><![CDATA[CNY]]></fee_type>\n<is_subscribe><![CDATA[N]]></is_subscribe>\n<mch_id><![CDATA[1404209602]]></mch_id>\n<nonce_str><![CDATA[cd98f00b204e9800998ecf8427e]]></nonce_str>\n<openid><![CDATA[oAX7ZviSCfRTYP4LaZ32Z6q8qkO4]]></openid>\n<out_trade_no><![CDATA[2017070842205]]></out_trade_no>\n<result_code><![CDATA[SUCCESS]]></result_code>\n<return_code><![CDATA[SUCCESS]]>', 1499487351, '2017-07-08 12:15:51', ''),
(316, 1, '2017070880525', '100007', '微信验签失败', '140.207.54.75', '<xml><appid><![CDATA[wx845515db72c790d0]]></appid>\n<bank_type><![CDATA[CFT]]></bank_type>\n<cash_fee><![CDATA[1]]></cash_fee>\n<fee_type><![CDATA[CNY]]></fee_type>\n<is_subscribe><![CDATA[N]]></is_subscribe>\n<mch_id><![CDATA[1404209602]]></mch_id>\n<nonce_str><![CDATA[cd98f00b204e9800998ecf8427e]]></nonce_str>\n<openid><![CDATA[oAX7ZviP1q7LtCBYX6P8_zYjGngo]]></openid>\n<out_trade_no><![CDATA[2017070880525]]></out_trade_no>\n<result_code><![CDATA[SUCCESS]]></result_code>\n<return_code><![CDATA[SUCCESS]]>', 1499487850, '2017-07-08 12:24:10', ''),
(317, 1, '2017070842205', '100007', '微信验签失败', '140.207.54.76', '<xml><appid><![CDATA[wx845515db72c790d0]]></appid>\n<bank_type><![CDATA[CFT]]></bank_type>\n<cash_fee><![CDATA[1]]></cash_fee>\n<fee_type><![CDATA[CNY]]></fee_type>\n<is_subscribe><![CDATA[N]]></is_subscribe>\n<mch_id><![CDATA[1404209602]]></mch_id>\n<nonce_str><![CDATA[cd98f00b204e9800998ecf8427e]]></nonce_str>\n<openid><![CDATA[oAX7ZviSCfRTYP4LaZ32Z6q8qkO4]]></openid>\n<out_trade_no><![CDATA[2017070842205]]></out_trade_no>\n<result_code><![CDATA[SUCCESS]]></result_code>\n<return_code><![CDATA[SUCCESS]]>', 1499490953, '2017-07-08 13:15:53', ''),
(318, 1, '2017070880525', '100007', '微信验签失败', '140.207.54.76', '<xml><appid><![CDATA[wx845515db72c790d0]]></appid>\n<bank_type><![CDATA[CFT]]></bank_type>\n<cash_fee><![CDATA[1]]></cash_fee>\n<fee_type><![CDATA[CNY]]></fee_type>\n<is_subscribe><![CDATA[N]]></is_subscribe>\n<mch_id><![CDATA[1404209602]]></mch_id>\n<nonce_str><![CDATA[cd98f00b204e9800998ecf8427e]]></nonce_str>\n<openid><![CDATA[oAX7ZviP1q7LtCBYX6P8_zYjGngo]]></openid>\n<out_trade_no><![CDATA[2017070880525]]></out_trade_no>\n<result_code><![CDATA[SUCCESS]]></result_code>\n<return_code><![CDATA[SUCCESS]]>', 1499491453, '2017-07-08 13:24:13', '');

-- --------------------------------------------------------

--
-- 表的结构 `jydp_page`
--

CREATE TABLE IF NOT EXISTS `jydp_page` (
  `catid` smallint(5) unsigned NOT NULL DEFAULT '0',
  `title` varchar(160) NOT NULL,
  `style` varchar(24) NOT NULL,
  `keywords` varchar(40) NOT NULL,
  `content` text NOT NULL,
  `template` varchar(30) NOT NULL,
  `updatetime` int(10) unsigned NOT NULL DEFAULT '0',
  KEY `catid` (`catid`)
) ENGINE=MyISAM DEFAULT CHARSET=utf8 ROW_FORMAT=DYNAMIC;

-- --------------------------------------------------------

--
-- 表的结构 `jydp_pay_account`
--

CREATE TABLE IF NOT EXISTS `jydp_pay_account` (
  `id` mediumint(8) unsigned NOT NULL AUTO_INCREMENT,
  `trade_sn` char(50) NOT NULL,
  `userid` mediumint(8) unsigned NOT NULL DEFAULT '0',
  `username` char(20) NOT NULL,
  `contactname` char(50) NOT NULL,
  `email` char(40) NOT NULL,
  `telephone` char(20) NOT NULL,
  `discount` float(8,2) NOT NULL DEFAULT '0.00',
  `money` char(8) NOT NULL,
  `quantity` int(8) unsigned NOT NULL DEFAULT '1',
  `addtime` int(10) NOT NULL DEFAULT '0',
  `paytime` int(10) NOT NULL DEFAULT '0',
  `usernote` char(255) NOT NULL,
  `pay_id` tinyint(3) NOT NULL,
  `pay_type` enum('offline','recharge','selfincome','online') NOT NULL DEFAULT 'recharge',
  `payment` char(90) NOT NULL,
  `type` tinyint(3) NOT NULL DEFAULT '1',
  `ip` char(15) NOT NULL DEFAULT '0.0.0.0',
  `status` enum('succ','failed','error','progress','timeout','cancel','waitting','unpay') NOT NULL DEFAULT 'unpay',
  `adminnote` char(20) NOT NULL,
  PRIMARY KEY (`id`),
  KEY `status` (`status`),
  KEY `userid` (`userid`),
  KEY `trade_sn` (`trade_sn`,`money`,`status`,`id`)
) ENGINE=MyISAM DEFAULT CHARSET=utf8 ROW_FORMAT=FIXED AUTO_INCREMENT=1 ;

-- --------------------------------------------------------

--
-- 表的结构 `jydp_pay_notify`
--

CREATE TABLE IF NOT EXISTS `jydp_pay_notify` (
  `id` int(11) NOT NULL AUTO_INCREMENT COMMENT '自增id',
  `ordersn` varchar(100) NOT NULL DEFAULT '' COMMENT '订单号',
  `out_ordersn` varchar(100) NOT NULL DEFAULT '' COMMENT '外部单号',
  `channel` tinyint(3) NOT NULL DEFAULT '0' COMMENT '支付渠道，1微信，2支付宝',
  `data` mediumtext NOT NULL COMMENT '返回数据',
  `add_time` int(10) NOT NULL DEFAULT '0' COMMENT '添加时间',
  `add_time_format` varchar(32) NOT NULL DEFAULT '' COMMENT '格式化时间',
  `memo` varchar(255) NOT NULL DEFAULT '' COMMENT '备用字段',
  PRIMARY KEY (`id`)
) ENGINE=MyISAM  DEFAULT CHARSET=utf8 COMMENT='支付回调记录表' AUTO_INCREMENT=13 ;

--
-- 转存表中的数据 `jydp_pay_notify`
--

INSERT INTO `jydp_pay_notify` (`id`, `ordersn`, `out_ordersn`, `channel`, `data`, `add_time`, `add_time_format`, `memo`) VALUES
(1, '2017060573192', '', 2, '', 1496650379, 'SYS_TIME_FORMAT', ''),
(2, '2017060535578', '', 2, '', 1496650408, 'SYS_TIME_FORMAT', ''),
(3, '2017060524989', '', 2, '', 1496650454, 'SYS_TIME_FORMAT', ''),
(4, '', '', 2, 'userid=1', 1496730452, 'SYS_TIME_FORMAT', ''),
(5, '', '', 2, 'userid=1', 1496731319, '2017-06-06 14:41:59', ''),
(6, '', '', 2, 'userid=1', 1496731412, '2017-06-06 14:43:32', ''),
(7, '', '', 2, 'total_amount=0.01&buyer_id=2088202240983688&trade_no=2017060621001004680254844925&notify_time=2017-06-06+14%3A44%3A18&subject=%E9%BB%91%E7%B2%BE%E5%B9%B4%E8%B4%B9&sign_type=RSA&buyer_logon_id=lyc***%40163.com&auth_app_id=2017060507424556&charset=utf-8&notify_type=trade_status_sync&invoice_amount=0.01&out_trade_no=2017060654204&trade_status=TRADE_SUCCESS&gmt_payment=2017-06-06+14%3A30%3A07&version=1.0&point_amount=0.00&sign=jwxdIemusC3jF5eJuVmqZP7lZk%2FW%2FZr3E%2F65UNfcHb22RET9od8Fytk7YWks6TfxVnai3%2FdD8E%2Buh%2FwK3JEp8zvT2fcxidwCibyxqP99j55YTerDCY84NlUycUFQf2j7EebZb5c9A%2Fv%2BBHuSpuAirIOLE9GdYNYqhe2Q%2FkW%2BKfo%3D&gmt_create=2017-06-06+14%3A30%3A06&buyer_pay_amount=0.01&receipt_amount=0.01&fund_bill_list=%5B%7B%22amount%22%3A%220.01%22%2C%22fundChannel%22%3A%22ALIPAYACCOUNT%22%7D%5D&app_id=2017060507424556&seller_id=2088521106670046&notify_id=c7dd2bca15b6e84530a0896ebb8a71bl8y&seller_email=3427694907%40qq.com', 1496731458, '2017-06-06 14:44:18', ''),
(8, '', '', 3, '<xml><appid><![CDATA[wxe68634b5fee6bae2]]></appid>\n<bank_type><![CDATA[CFT]]></bank_type>\n<cash_fee><![CDATA[1]]></cash_fee>\n<fee_type><![CDATA[CNY]]></fee_type>\n<is_subscribe><![CDATA[N]]></is_subscribe>\n<mch_id><![CDATA[1404209602]]></mch_id>\n<nonce_str><![CDATA[cd98f00b204e9800998ecf8427e]]></nonce_str>\n<openid><![CDATA[oUegI0ehx4hl6zS2a_JBDa35h1NY]]></openid>\n<out_trade_no><![CDATA[2017061604397]]></out_trade_no>\n<result_code><![CDATA[SUCCESS]]></result_code>\n<return_code><![CDATA[SUCCESS]]></return_code>\n<sign><![CDATA[A6CBBDBBFF94AF2A916ABC157A93300A]]></sign>\n<time_end><![CDATA[20170616112339]]></time_end>\n<total_fee>1</total_fee>\n<trade_type><![CDATA[JSAPI]]></trade_type>\n<transaction_id><![CDATA[4009602001201706165950762335]]></transaction_id>\n</xml>', 1497583419, '2017-06-16 11:23:39', ''),
(9, '', '', 3, '<xml><appid><![CDATA[wxe68634b5fee6bae2]]></appid>\n<bank_type><![CDATA[CFT]]></bank_type>\n<cash_fee><![CDATA[1]]></cash_fee>\n<fee_type><![CDATA[CNY]]></fee_type>\n<is_subscribe><![CDATA[N]]></is_subscribe>\n<mch_id><![CDATA[1404209602]]></mch_id>\n<nonce_str><![CDATA[cd98f00b204e9800998ecf8427e]]></nonce_str>\n<openid><![CDATA[oUegI0ehx4hl6zS2a_JBDa35h1NY]]></openid>\n<out_trade_no><![CDATA[2017061604397]]></out_trade_no>\n<result_code><![CDATA[SUCCESS]]></result_code>\n<return_code><![CDATA[SUCCESS]]></return_code>\n<sign><![CDATA[A6CBBDBBFF94AF2A916ABC157A93300A]]></sign>\n<time_end><![CDATA[20170616112339]]></time_end>\n<total_fee>1</total_fee>\n<trade_type><![CDATA[JSAPI]]></trade_type>\n<transaction_id><![CDATA[4009602001201706165950762335]]></transaction_id>\n</xml>', 1497583429, '2017-06-16 11:23:49', ''),
(10, '', '', 3, '<xml><appid><![CDATA[wxe68634b5fee6bae2]]></appid>\n<bank_type><![CDATA[CFT]]></bank_type>\n<cash_fee><![CDATA[1]]></cash_fee>\n<fee_type><![CDATA[CNY]]></fee_type>\n<is_subscribe><![CDATA[N]]></is_subscribe>\n<mch_id><![CDATA[1404209602]]></mch_id>\n<nonce_str><![CDATA[cd98f00b204e9800998ecf8427e]]></nonce_str>\n<openid><![CDATA[oUegI0ehx4hl6zS2a_JBDa35h1NY]]></openid>\n<out_trade_no><![CDATA[2017061604397]]></out_trade_no>\n<result_code><![CDATA[SUCCESS]]></result_code>\n<return_code><![CDATA[SUCCESS]]></return_code>\n<sign><![CDATA[A6CBBDBBFF94AF2A916ABC157A93300A]]></sign>\n<time_end><![CDATA[20170616112339]]></time_end>\n<total_fee>1</total_fee>\n<trade_type><![CDATA[JSAPI]]></trade_type>\n<transaction_id><![CDATA[4009602001201706165950762335]]></transaction_id>\n</xml>', 1497583446, '2017-06-16 11:24:06', ''),
(11, '', '', 3, '<xml><appid><![CDATA[wxe68634b5fee6bae2]]></appid>\n<bank_type><![CDATA[CFT]]></bank_type>\n<cash_fee><![CDATA[1]]></cash_fee>\n<fee_type><![CDATA[CNY]]></fee_type>\n<is_subscribe><![CDATA[N]]></is_subscribe>\n<mch_id><![CDATA[1404209602]]></mch_id>\n<nonce_str><![CDATA[cd98f00b204e9800998ecf8427e]]></nonce_str>\n<openid><![CDATA[oUegI0ehx4hl6zS2a_JBDa35h1NY]]></openid>\n<out_trade_no><![CDATA[2017061604397]]></out_trade_no>\n<result_code><![CDATA[SUCCESS]]></result_code>\n<return_code><![CDATA[SUCCESS]]></return_code>\n<sign><![CDATA[A6CBBDBBFF94AF2A916ABC157A93300A]]></sign>\n<time_end><![CDATA[20170616112339]]></time_end>\n<total_fee>1</total_fee>\n<trade_type><![CDATA[JSAPI]]></trade_type>\n<transaction_id><![CDATA[4009602001201706165950762335]]></transaction_id>\n</xml>', 1497583477, '2017-06-16 11:24:37', ''),
(12, '', '', 3, '<xml><appid><![CDATA[wxe68634b5fee6bae2]]></appid>\n<bank_type><![CDATA[CFT]]></bank_type>\n<cash_fee><![CDATA[1]]></cash_fee>\n<fee_type><![CDATA[CNY]]></fee_type>\n<is_subscribe><![CDATA[N]]></is_subscribe>\n<mch_id><![CDATA[1404209602]]></mch_id>\n<nonce_str><![CDATA[cd98f00b204e9800998ecf8427e]]></nonce_str>\n<openid><![CDATA[oUegI0ehx4hl6zS2a_JBDa35h1NY]]></openid>\n<out_trade_no><![CDATA[2017061604397]]></out_trade_no>\n<result_code><![CDATA[SUCCESS]]></result_code>\n<return_code><![CDATA[SUCCESS]]></return_code>\n<sign><![CDATA[A6CBBDBBFF94AF2A916ABC157A93300A]]></sign>\n<time_end><![CDATA[20170616112339]]></time_end>\n<total_fee>1</total_fee>\n<trade_type><![CDATA[JSAPI]]></trade_type>\n<transaction_id><![CDATA[4009602001201706165950762335]]></transaction_id>\n</xml>', 1497583660, '2017-06-16 11:27:40', '');

-- --------------------------------------------------------

--
-- 表的结构 `jydp_pay_payment`
--

CREATE TABLE IF NOT EXISTS `jydp_pay_payment` (
  `pay_id` tinyint(3) unsigned NOT NULL AUTO_INCREMENT,
  `name` varchar(120) NOT NULL,
  `pay_name` varchar(120) NOT NULL,
  `pay_code` varchar(20) NOT NULL,
  `pay_desc` text NOT NULL,
  `pay_method` tinyint(1) DEFAULT NULL,
  `pay_fee` varchar(10) NOT NULL,
  `config` text NOT NULL,
  `is_cod` tinyint(1) unsigned NOT NULL DEFAULT '0',
  `is_online` tinyint(1) unsigned NOT NULL DEFAULT '0',
  `pay_order` tinyint(3) unsigned NOT NULL DEFAULT '0',
  `enabled` tinyint(1) unsigned NOT NULL DEFAULT '0',
  `author` varchar(100) NOT NULL,
  `website` varchar(100) NOT NULL,
  `version` varchar(20) NOT NULL,
  PRIMARY KEY (`pay_id`),
  KEY `pay_code` (`pay_code`)
) ENGINE=MyISAM DEFAULT CHARSET=utf8 ROW_FORMAT=DYNAMIC AUTO_INCREMENT=1 ;

-- --------------------------------------------------------

--
-- 表的结构 `jydp_pay_spend`
--

CREATE TABLE IF NOT EXISTS `jydp_pay_spend` (
  `id` int(10) unsigned NOT NULL AUTO_INCREMENT,
  `creat_at` int(10) unsigned NOT NULL DEFAULT '0',
  `userid` int(10) unsigned NOT NULL DEFAULT '0',
  `username` varchar(20) NOT NULL,
  `type` tinyint(1) unsigned NOT NULL DEFAULT '0',
  `logo` varchar(20) NOT NULL,
  `value` int(5) NOT NULL,
  `op_userid` int(10) unsigned NOT NULL DEFAULT '0',
  `op_username` char(20) NOT NULL,
  `msg` varchar(255) NOT NULL,
  PRIMARY KEY (`id`),
  KEY `type` (`type`),
  KEY `creat_at` (`creat_at`),
  KEY `logo` (`logo`),
  KEY `userid` (`userid`)
) ENGINE=MyISAM DEFAULT CHARSET=utf8 ROW_FORMAT=DYNAMIC AUTO_INCREMENT=1 ;

-- --------------------------------------------------------

--
-- 表的结构 `jydp_picture`
--

CREATE TABLE IF NOT EXISTS `jydp_picture` (
  `id` mediumint(8) unsigned NOT NULL AUTO_INCREMENT,
  `catid` smallint(5) unsigned NOT NULL DEFAULT '0',
  `typeid` smallint(5) unsigned NOT NULL,
  `title` char(80) NOT NULL DEFAULT '',
  `style` char(24) NOT NULL DEFAULT '',
  `thumb` char(100) NOT NULL DEFAULT '',
  `keywords` char(40) NOT NULL DEFAULT '',
  `description` char(255) NOT NULL DEFAULT '',
  `posids` tinyint(1) unsigned NOT NULL DEFAULT '0',
  `url` char(100) NOT NULL,
  `listorder` tinyint(3) unsigned NOT NULL DEFAULT '0',
  `status` tinyint(2) unsigned NOT NULL DEFAULT '1',
  `sysadd` tinyint(1) unsigned NOT NULL DEFAULT '0',
  `islink` tinyint(1) unsigned NOT NULL DEFAULT '0',
  `username` char(20) NOT NULL,
  `inputtime` int(10) unsigned NOT NULL DEFAULT '0',
  `updatetime` int(10) unsigned NOT NULL DEFAULT '0',
  PRIMARY KEY (`id`),
  KEY `status` (`status`,`listorder`,`id`),
  KEY `listorder` (`catid`,`status`,`listorder`,`id`),
  KEY `catid` (`catid`,`status`,`id`)
) ENGINE=MyISAM DEFAULT CHARSET=utf8 ROW_FORMAT=FIXED AUTO_INCREMENT=1 ;

-- --------------------------------------------------------

--
-- 表的结构 `jydp_picture_data`
--

CREATE TABLE IF NOT EXISTS `jydp_picture_data` (
  `id` mediumint(8) unsigned DEFAULT '0',
  `content` text NOT NULL,
  `readpoint` smallint(5) unsigned NOT NULL DEFAULT '0',
  `groupids_view` varchar(100) NOT NULL,
  `paginationtype` tinyint(1) NOT NULL,
  `maxcharperpage` mediumint(6) NOT NULL,
  `template` varchar(30) NOT NULL,
  `paytype` tinyint(1) unsigned NOT NULL DEFAULT '0',
  `relation` varchar(255) NOT NULL DEFAULT '',
  `pictureurls` mediumtext NOT NULL,
  `copyfrom` varchar(255) NOT NULL DEFAULT '',
  `allow_comment` tinyint(1) unsigned NOT NULL DEFAULT '1',
  KEY `id` (`id`)
) ENGINE=MyISAM DEFAULT CHARSET=utf8 ROW_FORMAT=DYNAMIC;

-- --------------------------------------------------------

--
-- 表的结构 `jydp_position`
--

CREATE TABLE IF NOT EXISTS `jydp_position` (
  `posid` smallint(5) unsigned NOT NULL AUTO_INCREMENT,
  `modelid` smallint(5) unsigned DEFAULT '0',
  `catid` smallint(5) unsigned DEFAULT '0',
  `name` char(30) NOT NULL DEFAULT '',
  `maxnum` smallint(5) NOT NULL DEFAULT '20',
  `extention` char(100) DEFAULT NULL,
  `listorder` smallint(5) unsigned NOT NULL DEFAULT '0',
  `siteid` smallint(5) unsigned NOT NULL DEFAULT '0',
  `thumb` varchar(150) NOT NULL DEFAULT '',
  PRIMARY KEY (`posid`)
) ENGINE=MyISAM  DEFAULT CHARSET=utf8 ROW_FORMAT=DYNAMIC AUTO_INCREMENT=21 ;

--
-- 转存表中的数据 `jydp_position`
--

INSERT INTO `jydp_position` (`posid`, `modelid`, `catid`, `name`, `maxnum`, `extention`, `listorder`, `siteid`, `thumb`) VALUES
(2, 0, 0, '首页头条推荐', 20, NULL, 4, 1, ''),
(13, 82, 0, '栏目页焦点图', 20, NULL, 0, 1, ''),
(17, 0, 0, '视频栏目精彩推荐', 20, '', 0, 1, ''),
(8, 30, 54, '图片频道首页焦点图', 20, NULL, 0, 1, ''),
(15, 0, 0, '视频首页头条推荐', 20, '', 0, 1, ''),
(1, 0, 0, '首页焦点图推荐', 20, NULL, 1, 1, ''),
(5, 69, 0, '推荐下载', 20, NULL, 0, 1, ''),
(9, 0, 0, '网站顶部推荐', 20, NULL, 0, 1, ''),
(12, 0, 0, '首页图片推荐', 20, NULL, 0, 1, ''),
(16, 0, 0, '视频首页每日热点', 20, '', 0, 1, ''),
(10, 0, 0, '栏目首页推荐', 20, NULL, 0, 1, ''),
(14, 0, 0, '视频首页焦点图', 20, '', 0, 1, ''),
(18, 1, 0, '精彩首页推荐位', 20, '', 5, 1, ''),
(19, 12, 0, '精选首页推荐位', 20, '', 6, 1, ''),
(20, 13, 0, '潮牌首页推荐位', 20, '', 7, 1, '');

-- --------------------------------------------------------

--
-- 表的结构 `jydp_position_data`
--

CREATE TABLE IF NOT EXISTS `jydp_position_data` (
  `id` mediumint(8) unsigned NOT NULL DEFAULT '0',
  `catid` smallint(5) unsigned NOT NULL DEFAULT '0',
  `posid` smallint(5) unsigned NOT NULL DEFAULT '0',
  `module` char(20) DEFAULT NULL,
  `modelid` smallint(6) unsigned DEFAULT '0',
  `thumb` tinyint(1) NOT NULL DEFAULT '0',
  `data` mediumtext,
  `siteid` smallint(5) unsigned NOT NULL DEFAULT '1',
  `listorder` mediumint(8) DEFAULT '0',
  `expiration` int(10) NOT NULL,
  `extention` char(30) DEFAULT NULL,
  `synedit` tinyint(1) DEFAULT '0',
  KEY `posid` (`posid`),
  KEY `listorder` (`listorder`)
) ENGINE=MyISAM DEFAULT CHARSET=utf8 ROW_FORMAT=DYNAMIC;

--
-- 转存表中的数据 `jydp_position_data`
--

INSERT INTO `jydp_position_data` (`id`, `catid`, `posid`, `module`, `modelid`, `thumb`, `data`, `siteid`, `listorder`, `expiration`, `extention`, `synedit`) VALUES
(2, 6, 2, 'content', 1, 0, '{"title":"\\u8fd9\\u662f\\u9ed8\\u8ba4\\u7ad9\\u7684\\u6587\\u7ae02","description":"123123141234214","inputtime":"1492768878","style":""}', 1, 2, 0, NULL, 0),
(3, 12, 18, 'content', 1, 1, '{"title":"\\u8fd9\\u662f\\u4e00\\u6761\\u57ce\\u4e8b\\u6587\\u7ae0","description":"\\u8fd9\\u662f\\u6587\\u7ae0\\u5185\\u5bb9\\u54e6","thumb":"http:\\/\\/101.37.168.200\\/uploadfile\\/2017\\/0620\\/20170620050537867.png","inputtime":"1497949494","style":""}', 1, 3, 0, NULL, 0),
(1, 11, 20, 'content', 13, 1, '{"title":"\\u8fd9\\u662f\\u4e00\\u4e2a\\u6d3b\\u52a8","description":"\\u8fd9\\u662f\\u6d3b\\u52a8\\u5185\\u5bb9\\u54e6","thumb":"http:\\/\\/101.37.168.200\\/uploadfile\\/2017\\/0626\\/20170626073932965.jpg","inputtime":"1498477098","style":""}', 1, 1, 0, NULL, 0);

-- --------------------------------------------------------

--
-- 表的结构 `jydp_poster`
--

CREATE TABLE IF NOT EXISTS `jydp_poster` (
  `id` smallint(5) unsigned NOT NULL AUTO_INCREMENT,
  `siteid` smallint(5) unsigned NOT NULL DEFAULT '0',
  `name` varchar(40) NOT NULL,
  `spaceid` smallint(5) unsigned NOT NULL DEFAULT '0',
  `type` varchar(10) NOT NULL,
  `setting` text NOT NULL,
  `startdate` int(10) unsigned NOT NULL DEFAULT '0',
  `enddate` int(10) unsigned NOT NULL DEFAULT '0',
  `addtime` int(10) unsigned NOT NULL DEFAULT '0',
  `hits` mediumint(8) unsigned NOT NULL DEFAULT '0',
  `clicks` smallint(5) unsigned NOT NULL DEFAULT '0',
  `listorder` tinyint(3) unsigned NOT NULL DEFAULT '0',
  `status` int(11) NOT NULL DEFAULT '0' COMMENT '状态：0待审核1已审核',
  `disabled` tinyint(1) unsigned NOT NULL DEFAULT '0',
  PRIMARY KEY (`id`),
  KEY `spaceid` (`spaceid`,`siteid`,`disabled`,`listorder`)
) ENGINE=MyISAM  DEFAULT CHARSET=utf8 ROW_FORMAT=DYNAMIC AUTO_INCREMENT=11 ;

--
-- 转存表中的数据 `jydp_poster`
--

INSERT INTO `jydp_poster` (`id`, `siteid`, `name`, `spaceid`, `type`, `setting`, `startdate`, `enddate`, `addtime`, `hits`, `clicks`, `listorder`, `status`, `disabled`) VALUES
(4, 1, 'phpcms广告', 4, 'images', 'array (\n  1 => \n  array (\n    ''linkurl'' => ''http://www.phpcms.cn'',\n    ''imageurl'' => ''http://v9.phpcms.cn/uploadfile/poster/4.gif'',\n    ''alt'' => ''phpcms官方'',\n  ),\n)', 1286505141, 1446249600, 1286505178, 0, 0, 0, 0, 0),
(8, 1, 'phpcms下载页', 8, 'images', 'array (\n  1 => \n  array (\n    ''linkurl'' => ''http://www.phpcms.cn'',\n    ''imageurl'' => ''http://v9.phpcms.cn/uploadfile/poster/1.jpg'',\n    ''alt'' => ''官方站'',\n  ),\n)', 1286522084, 1446249600, 1286522125, 0, 0, 0, 0, 0),
(2, 1, 'phpcmsv9', 2, 'images', 'array (\n  1 => \n  array (\n    ''linkurl'' => ''http://www.phpcms.cn'',\n    ''imageurl'' => ''http://v9.phpcms.cn/statics/images/v9/ad_login.jpg'',\n    ''alt'' => ''phpcms专业建站系统'',\n  ),\n)', 1285816298, 1446249600, 1285816310, 0, 1, 0, 0, 0),
(6, 1, 'phpcms下载推荐1', 6, 'images', 'array (\n  1 => \n  array (\n    ''linkurl'' => ''http://www.phpcms.cn'',\n    ''imageurl'' => ''http://v9.phpcms.cn/uploadfile/poster/5.gif'',\n    ''alt'' => ''官方'',\n  ),\n)', 1286510183, 1446249600, 1286510227, 0, 0, 0, 0, 0),
(1, 1, 'banner', 1, 'images', 'array (\n  1 => \n  array (\n    ''linkurl'' => ''http://www.phpcms.cn'',\n    ''imageurl'' => ''http://v9.phpcms.cn/uploadfile/poster/2.png'',\n    ''alt'' => '''',\n  ),\n)', 1285813808, 1446249600, 1285813833, 0, 2, 0, 0, 0),
(5, 1, 'phpcms下载', 5, 'images', 'array (\n  1 => \n  array (\n    ''linkurl'' => ''http://www.phpcms.cn'',\n    ''imageurl'' => ''http://v9.phpcms.cn/uploadfile/poster/5.gif'',\n    ''alt'' => ''官方'',\n  ),\n)', 1286509363, 1446249600, 1286509401, 0, 0, 0, 0, 0),
(9, 1, 'phpcms v9广告', 9, 'images', 'array (\n  1 => \n  array (\n    ''linkurl'' => ''http://www.phpcms.cn'',\n    ''imageurl'' => ''http://v9.phpcms.cn/uploadfile/poster/4.gif'',\n    ''alt'' => '''',\n  ),\n)', 1287041759, 1446249600, 1287041804, 0, 0, 0, 0, 0),
(3, 1, 'phpcms下载推荐', 3, 'images', 'array (\n  1 => \n  array (\n    ''linkurl'' => ''http://www.phpcms.cn'',\n    ''imageurl'' => ''http://v9.phpcms.cn/uploadfile/poster/3.png'',\n    ''alt'' => ''phpcms官方'',\n  ),\n)', 1286504815, 1446249600, 1286504865, 0, 1, 0, 0, 0),
(7, 1, 'phpcms下载详情', 7, 'images', 'array (\n  1 => \n  array (\n    ''linkurl'' => ''http://www.phpcms.cn'',\n    ''imageurl'' => ''http://v9.phpcms.cn/uploadfile/poster/5.gif'',\n    ''alt'' => ''官方'',\n  ),\n)', 1286510314, 1446249600, 1286510341, 0, 0, 0, 0, 0),
(10, 1, 'phpcms', 10, 'images', 'array (\n  1 => \n  array (\n    ''linkurl'' => ''http://www.phpcms.cn'',\n    ''imageurl'' => ''http://v9.phpcms.cn/uploadfile/poster/6.jpg'',\n    ''alt'' => ''phpcms官方'',\n  ),\n)', 1289270509, 1446249600, 1289270541, 1, 0, 0, 0, 0);

-- --------------------------------------------------------

--
-- 表的结构 `jydp_poster_201704`
--

CREATE TABLE IF NOT EXISTS `jydp_poster_201704` (
  `id` int(10) unsigned NOT NULL AUTO_INCREMENT,
  `pid` smallint(5) unsigned NOT NULL DEFAULT '0',
  `siteid` smallint(5) unsigned NOT NULL DEFAULT '0',
  `spaceid` smallint(5) unsigned NOT NULL DEFAULT '0',
  `username` char(20) NOT NULL,
  `area` char(40) NOT NULL,
  `ip` char(15) NOT NULL,
  `referer` char(120) NOT NULL,
  `clicktime` int(10) unsigned NOT NULL DEFAULT '0',
  `type` tinyint(1) unsigned NOT NULL DEFAULT '1',
  PRIMARY KEY (`id`),
  KEY `pid` (`pid`,`type`,`ip`)
) ENGINE=MyISAM DEFAULT CHARSET=utf8 ROW_FORMAT=FIXED AUTO_INCREMENT=1 ;

-- --------------------------------------------------------

--
-- 表的结构 `jydp_poster_201705`
--

CREATE TABLE IF NOT EXISTS `jydp_poster_201705` (
  `id` int(10) unsigned NOT NULL AUTO_INCREMENT,
  `pid` smallint(5) unsigned NOT NULL DEFAULT '0',
  `siteid` smallint(5) unsigned NOT NULL DEFAULT '0',
  `spaceid` smallint(5) unsigned NOT NULL DEFAULT '0',
  `username` char(20) NOT NULL,
  `area` char(40) NOT NULL,
  `ip` char(15) NOT NULL,
  `referer` char(120) NOT NULL,
  `clicktime` int(10) unsigned NOT NULL DEFAULT '0',
  `type` tinyint(1) unsigned NOT NULL DEFAULT '1',
  PRIMARY KEY (`id`),
  KEY `pid` (`pid`,`type`,`ip`)
) ENGINE=MyISAM DEFAULT CHARSET=utf8 AUTO_INCREMENT=1 ;

-- --------------------------------------------------------

--
-- 表的结构 `jydp_poster_201706`
--

CREATE TABLE IF NOT EXISTS `jydp_poster_201706` (
  `id` int(10) unsigned NOT NULL AUTO_INCREMENT,
  `pid` smallint(5) unsigned NOT NULL DEFAULT '0',
  `siteid` smallint(5) unsigned NOT NULL DEFAULT '0',
  `spaceid` smallint(5) unsigned NOT NULL DEFAULT '0',
  `username` char(20) NOT NULL,
  `area` char(40) NOT NULL,
  `ip` char(15) NOT NULL,
  `referer` char(120) NOT NULL,
  `clicktime` int(10) unsigned NOT NULL DEFAULT '0',
  `type` tinyint(1) unsigned NOT NULL DEFAULT '1',
  PRIMARY KEY (`id`),
  KEY `pid` (`pid`,`type`,`ip`)
) ENGINE=MyISAM  DEFAULT CHARSET=utf8 AUTO_INCREMENT=2 ;

--
-- 转存表中的数据 `jydp_poster_201706`
--

INSERT INTO `jydp_poster_201706` (`id`, `pid`, `siteid`, `spaceid`, `username`, `area`, `ip`, `referer`, `clicktime`, `type`) VALUES
(1, 1, 1, 0, '', '陕西省', '117.34.17.131', ',(SELECT 1 FROM(SELECT COUNT(),CONCAT(user(),FLOOR(RAND(0)2))X FROM information_schema.tables GROUP BY X)a),1)#', 1496727421, 1);

-- --------------------------------------------------------

--
-- 表的结构 `jydp_poster_201707`
--

CREATE TABLE IF NOT EXISTS `jydp_poster_201707` (
  `id` int(10) unsigned NOT NULL AUTO_INCREMENT,
  `pid` smallint(5) unsigned NOT NULL DEFAULT '0',
  `siteid` smallint(5) unsigned NOT NULL DEFAULT '0',
  `spaceid` smallint(5) unsigned NOT NULL DEFAULT '0',
  `username` char(20) NOT NULL,
  `area` char(40) NOT NULL,
  `ip` char(15) NOT NULL,
  `referer` char(120) NOT NULL,
  `clicktime` int(10) unsigned NOT NULL DEFAULT '0',
  `type` tinyint(1) unsigned NOT NULL DEFAULT '1',
  PRIMARY KEY (`id`),
  KEY `pid` (`pid`,`type`,`ip`)
) ENGINE=MyISAM DEFAULT CHARSET=utf8 AUTO_INCREMENT=1 ;

-- --------------------------------------------------------

--
-- 表的结构 `jydp_poster_space`
--

CREATE TABLE IF NOT EXISTS `jydp_poster_space` (
  `spaceid` smallint(5) unsigned NOT NULL AUTO_INCREMENT,
  `siteid` smallint(5) unsigned NOT NULL DEFAULT '0',
  `name` char(50) NOT NULL,
  `type` char(30) NOT NULL,
  `path` char(40) NOT NULL,
  `width` smallint(4) unsigned NOT NULL DEFAULT '0',
  `height` smallint(4) unsigned NOT NULL DEFAULT '0',
  `setting` char(100) NOT NULL,
  `description` char(100) NOT NULL,
  `items` tinyint(3) unsigned NOT NULL DEFAULT '0',
  `disabled` tinyint(1) unsigned NOT NULL DEFAULT '0',
  PRIMARY KEY (`spaceid`),
  KEY `disabled` (`disabled`,`siteid`)
) ENGINE=MyISAM  DEFAULT CHARSET=utf8 ROW_FORMAT=FIXED AUTO_INCREMENT=14 ;

--
-- 转存表中的数据 `jydp_poster_space`
--

INSERT INTO `jydp_poster_space` (`spaceid`, `siteid`, `name`, `type`, `path`, `width`, `height`, `setting`, `description`, `items`, `disabled`) VALUES
(1, 1, '顶部搜索右侧广告位', 'banner', 'poster_js/1.js', 430, 63, 'array (\n  ''paddleft'' => '''',\n  ''paddtop'' => '''',\n)', '', 1, 0),
(5, 1, '下载列表页右侧顶部', 'banner', 'poster_js/5.js', 248, 162, 'array (\n  ''paddleft'' => '''',\n  ''paddtop'' => '''',\n)', '', 1, 0),
(9, 1, '下载详情页地址列表右侧', 'banner', 'poster_js/12.js', 330, 50, 'array (\n  ''paddleft'' => '''',\n  ''paddtop'' => '''',\n)', '', 1, 0),
(4, 1, '新闻中心推荐链接左侧', 'banner', 'poster_js/4.js', 748, 91, 'array (\n  ''paddleft'' => '''',\n  ''paddtop'' => '''',\n)', '', 1, 0),
(8, 1, '下载频道首页', 'banner', 'poster_js/8.js', 698, 80, 'array (\n  ''paddleft'' => '''',\n  ''paddtop'' => '''',\n)', '', 1, 0),
(2, 1, '会员登陆页广告', 'banner', 'poster_js/2.js', 310, 304, 'array (\n  ''paddleft'' => '''',\n  ''paddtop'' => '''',\n)', '会员登陆页广告右侧代替外部通行证广告', 1, 0),
(6, 1, '下载详情页右侧顶部', 'banner', 'poster_js/6.js', 248, 162, 'array (\n  ''paddleft'' => '''',\n  ''paddtop'' => '''',\n)', '', 1, 0),
(3, 1, '图片频道图片排行下方', 'banner', 'poster_js/3.js', 249, 87, 'array (\n  ''paddleft'' => '''',\n  ''paddtop'' => '''',\n)', '', 1, 0),
(7, 1, '下载详情页右侧下部', 'banner', 'poster_js/7.js', 248, 162, 'array (\n  ''paddleft'' => '''',\n  ''paddtop'' => '''',\n)', '', 1, 0),
(10, 1, '首页关注下方广告', 'banner', 'poster_js/10.js', 307, 60, 'array (\n  ''paddleft'' => '''',\n  ''paddtop'' => '''',\n)', '', 1, 0),
(11, 1, '精彩首页广告位', 'banner', 'poster_js/11.js', 100, 100, '{"paddleft":"","paddtop":""}', '精彩首页广告位', 0, 0),
(12, 1, '潮派首页广告位', 'banner', 'poster_js/12.js', 100, 100, '{"paddleft":"","paddtop":""}', '潮派首页广告位', 0, 0),
(13, 1, '精选首页广告位', 'banner', 'poster_js/13.js', 100, 100, '{"paddleft":"","paddtop":""}', '精选首页广告位', 0, 0);

-- --------------------------------------------------------

--
-- 表的结构 `jydp_queue`
--

CREATE TABLE IF NOT EXISTS `jydp_queue` (
  `id` int(10) NOT NULL AUTO_INCREMENT,
  `type` char(5) DEFAULT NULL,
  `siteid` smallint(5) unsigned DEFAULT '0',
  `path` varchar(100) DEFAULT NULL,
  `status1` tinyint(1) DEFAULT '0',
  `status2` tinyint(1) DEFAULT '0',
  `status3` tinyint(1) DEFAULT '0',
  `status4` tinyint(1) DEFAULT '0',
  `times` int(10) unsigned DEFAULT '0',
  PRIMARY KEY (`id`),
  KEY `siteid` (`siteid`),
  KEY `times` (`times`)
) ENGINE=MyISAM DEFAULT CHARSET=utf8 ROW_FORMAT=DYNAMIC AUTO_INCREMENT=1 ;

-- --------------------------------------------------------

--
-- 表的结构 `jydp_release_point`
--

CREATE TABLE IF NOT EXISTS `jydp_release_point` (
  `id` mediumint(8) NOT NULL AUTO_INCREMENT,
  `name` varchar(30) DEFAULT NULL,
  `host` varchar(100) DEFAULT NULL,
  `username` varchar(50) DEFAULT NULL,
  `password` varchar(50) DEFAULT NULL,
  `port` varchar(10) DEFAULT '21',
  `pasv` tinyint(1) DEFAULT '0',
  `ssl` tinyint(1) DEFAULT '0',
  `path` varchar(50) DEFAULT NULL,
  PRIMARY KEY (`id`)
) ENGINE=MyISAM DEFAULT CHARSET=utf8 ROW_FORMAT=DYNAMIC AUTO_INCREMENT=1 ;

-- --------------------------------------------------------

--
-- 表的结构 `jydp_reward`
--

CREATE TABLE IF NOT EXISTS `jydp_reward` (
  `id` int(11) NOT NULL AUTO_INCREMENT,
  `userid` int(11) NOT NULL COMMENT '用户id',
  `nickname` varchar(200) NOT NULL COMMENT '用户昵称',
  `reward` decimal(10,2) NOT NULL COMMENT '奖励更变数值',
  `reward_format` varchar(30) NOT NULL COMMENT '奖励数值解析',
  `status` enum('add','reduce') NOT NULL COMMENT '奖励变化状态',
  `type` varchar(200) NOT NULL COMMENT '奖励变化类型',
  `addtime` int(11) NOT NULL,
  `addtimes` varchar(30) NOT NULL,
  PRIMARY KEY (`id`)
) ENGINE=MyISAM  DEFAULT CHARSET=utf8 COMMENT='奖励流水表' AUTO_INCREMENT=3 ;

--
-- 转存表中的数据 `jydp_reward`
--

INSERT INTO `jydp_reward` (`id`, `userid`, `nickname`, `reward`, `reward_format`, `status`, `type`, `addtime`, `addtimes`) VALUES
(2, 16, '易沉2', '50.00', '+50', 'add', '购买黑精卡', 1498814194, '2017-06-30 17:16:34');

-- --------------------------------------------------------

--
-- 表的结构 `jydp_sales`
--

CREATE TABLE IF NOT EXISTS `jydp_sales` (
  `id` int(11) NOT NULL AUTO_INCREMENT,
  `userid` int(11) NOT NULL COMMENT '用户id',
  `nickname` varchar(200) NOT NULL COMMENT '用户昵称',
  `pid` int(11) NOT NULL COMMENT '上级id',
  `pid_nickname` varchar(200) NOT NULL COMMENT '上级昵称',
  `card_no` int(11) NOT NULL COMMENT '黑精卡卡号',
  `price` decimal(10,2) NOT NULL COMMENT '销售价格',
  `addtime` int(11) NOT NULL,
  `addtimes` varchar(30) NOT NULL,
  PRIMARY KEY (`id`)
) ENGINE=MyISAM  DEFAULT CHARSET=utf8 COMMENT='黑精卡销售记录' AUTO_INCREMENT=4 ;

--
-- 转存表中的数据 `jydp_sales`
--

INSERT INTO `jydp_sales` (`id`, `userid`, `nickname`, `pid`, `pid_nickname`, `card_no`, `price`, `addtime`, `addtimes`) VALUES
(1, 17, '易沉2', 16, '', 0, '0.00', 1498811490, '2017-06-30 16:31:30'),
(3, 17, '易沉2', 16, '易沉', 0, '0.00', 1498814194, '2017-06-30 17:16:34');

-- --------------------------------------------------------

--
-- 表的结构 `jydp_search`
--

CREATE TABLE IF NOT EXISTS `jydp_search` (
  `searchid` int(10) unsigned NOT NULL AUTO_INCREMENT,
  `typeid` smallint(5) unsigned NOT NULL DEFAULT '0',
  `id` mediumint(8) unsigned NOT NULL DEFAULT '0',
  `adddate` int(10) unsigned NOT NULL,
  `data` text NOT NULL,
  `siteid` smallint(5) unsigned NOT NULL DEFAULT '1',
  PRIMARY KEY (`searchid`),
  KEY `typeid` (`typeid`,`id`),
  KEY `siteid` (`siteid`),
  FULLTEXT KEY `data` (`data`)
) ENGINE=MyISAM  DEFAULT CHARSET=utf8 ROW_FORMAT=DYNAMIC AUTO_INCREMENT=14 ;

--
-- 转存表中的数据 `jydp_search`
--

INSERT INTO `jydp_search` (`searchid`, `typeid`, `id`, `adddate`, `data`, `siteid`) VALUES
(1, 1, 1, 1492766557, '这是默认站的文章 这是 文章 这是 文章 默认', 1),
(2, 1, 2, 1492768878, '这是默认站的文章2 这是 文章 这是 文章 默认', 1),
(3, 1, 3, 1497949494, '这是一条城事文章 这是 文章 这是 文章 内容 城事', 1),
(4, 1, 4, 1497949862, '这是一条资讯文章 这是 文章 资讯 文章 这是 资讯 内容', 1),
(5, 1, 5, 1497949965, '这是一条黑精文章 这是 文章 这是 文章 内容', 1),
(6, 1, 6, 1497950018, '这是一条视界文章 视界 这是 文章 这是 文章 内容', 1),
(7, 54, 1, 1498477098, '这是一个活动 这是 活动 这是 内容 一个 回顾', 1),
(8, 54, 2, 1498478140, '这是第二个活动 这是 第二个 这是 活动 第二 内容 回顾', 1),
(9, 1, 7, 1499046682, '小七有话说 话说 哈哈 思路', 1),
(10, 54, 3, 1499135640, '小七家活动 就是 活动 这个 就是', 1),
(11, 53, 1, 1499326080, '星博伦精品咖啡学院  精品 咖啡 学院 这是 内容', 1),
(12, 55, 1, 1499336634, '女士包包2017新款单肩  女士 新款 这是 产品 内容', 1),
(13, 56, 1, 1499390930, '这是直播标题  这是 直播 标题', 1);

-- --------------------------------------------------------

--
-- 表的结构 `jydp_search_keyword`
--

CREATE TABLE IF NOT EXISTS `jydp_search_keyword` (
  `keyword` char(20) NOT NULL,
  `pinyin` char(20) NOT NULL,
  `searchnums` int(10) unsigned NOT NULL,
  `data` char(20) NOT NULL,
  UNIQUE KEY `keyword` (`keyword`),
  UNIQUE KEY `pinyin` (`pinyin`),
  FULLTEXT KEY `data` (`data`)
) ENGINE=MyISAM DEFAULT CHARSET=utf8 ROW_FORMAT=FIXED;

-- --------------------------------------------------------

--
-- 表的结构 `jydp_session`
--

CREATE TABLE IF NOT EXISTS `jydp_session` (
  `sessionid` char(32) NOT NULL,
  `userid` mediumint(8) unsigned NOT NULL DEFAULT '0',
  `ip` char(15) NOT NULL,
  `lastvisit` int(10) unsigned NOT NULL DEFAULT '0',
  `roleid` tinyint(3) unsigned DEFAULT '0',
  `groupid` tinyint(3) unsigned NOT NULL DEFAULT '0',
  `m` char(20) NOT NULL,
  `c` char(20) NOT NULL,
  `a` char(20) NOT NULL,
  `data` char(255) NOT NULL,
  PRIMARY KEY (`sessionid`),
  KEY `lastvisit` (`lastvisit`)
) ENGINE=MEMORY DEFAULT CHARSET=utf8 ROW_FORMAT=FIXED;

--
-- 转存表中的数据 `jydp_session`
--

INSERT INTO `jydp_session` (`sessionid`, `userid`, `ip`, `lastvisit`, `roleid`, `groupid`, `m`, `c`, `a`, `data`) VALUES
('2vepjmv20qelcqttfsc12uqan4', 1, '127.0.0.1', 1499573570, 1, 0, 'admin', 'index', 'public_session_life', 'code|s:0:"";userid|s:1:"1";roleid|s:1:"1";pc_hash|s:6:"WIukuw";lock_screen|i:0;');

-- --------------------------------------------------------

--
-- 表的结构 `jydp_site`
--

CREATE TABLE IF NOT EXISTS `jydp_site` (
  `siteid` smallint(5) unsigned NOT NULL AUTO_INCREMENT,
  `name` char(30) DEFAULT '',
  `dirname` char(255) DEFAULT '',
  `domain` char(255) DEFAULT '',
  `site_title` char(255) DEFAULT '',
  `keywords` char(255) DEFAULT '',
  `description` char(255) DEFAULT '',
  `release_point` text,
  `default_style` char(50) DEFAULT NULL,
  `template` text,
  `setting` mediumtext,
  `uuid` char(40) DEFAULT '',
  PRIMARY KEY (`siteid`)
) ENGINE=MyISAM  DEFAULT CHARSET=utf8 ROW_FORMAT=DYNAMIC AUTO_INCREMENT=3 ;

--
-- 转存表中的数据 `jydp_site`
--

INSERT INTO `jydp_site` (`siteid`, `name`, `dirname`, `domain`, `site_title`, `keywords`, `description`, `release_point`, `default_style`, `template`, `setting`, `uuid`) VALUES
(1, '南昌', '', 'http://api.yzhcb.com/', '南昌', '南昌', '南昌', '', 'default', 'default', '{"upload_maxsize":"2048","upload_allowext":"jpg|jpeg|gif|bmp|png|doc|docx|xls|xlsx|ppt|pptx|pdf|txt|rar|zip|swf","watermark_enable":"1","watermark_minwidth":"300","watermark_minheight":"300","watermark_img":"statics\\/images\\/water\\/\\/mark.png","watermark_pct":"85","watermark_quality":"80","watermark_pos":"9"}', '0e6e3e73-266a-11e7-ac24-00163e10acfe'),
(2, '赣州', 'ganzhou', 'http://www.ganzhou.cn/', '赣州', '赣州', '赣州', '', 'default', 'default', '{"upload_maxsize":"2000","upload_allowext":"jpg|jpeg|gif|bmp|png|doc|docx|xls|xlsx|ppt|pptx|pdf|txt|rar|zip|swf","watermark_enable":"0","watermark_minwidth":"300","watermark_minheight":"300","watermark_img":"http:\\/\\/101.37.168.200\\/statics\\/images\\/water\\/mark.gif","watermark_pct":"100","watermark_quality":"80","watermark_pos":"9"}', '');

-- --------------------------------------------------------

--
-- 表的结构 `jydp_sms_report`
--

CREATE TABLE IF NOT EXISTS `jydp_sms_report` (
  `id` bigint(15) NOT NULL AUTO_INCREMENT,
  `mobile` varchar(11) NOT NULL,
  `posttime` int(10) unsigned NOT NULL DEFAULT '0',
  `id_code` varchar(10) NOT NULL,
  `msg` varchar(90) NOT NULL,
  `send_userid` mediumint(8) unsigned NOT NULL DEFAULT '0',
  `status` tinyint(2) NOT NULL DEFAULT '0',
  `return_id` varchar(30) NOT NULL,
  `ip` varchar(15) NOT NULL,
  PRIMARY KEY (`id`),
  KEY `mobile` (`mobile`,`posttime`)
) ENGINE=MyISAM DEFAULT CHARSET=utf8 ROW_FORMAT=DYNAMIC AUTO_INCREMENT=1 ;

-- --------------------------------------------------------

--
-- 表的结构 `jydp_special`
--

CREATE TABLE IF NOT EXISTS `jydp_special` (
  `id` smallint(5) unsigned NOT NULL AUTO_INCREMENT,
  `siteid` smallint(5) unsigned NOT NULL DEFAULT '0',
  `aid` int(10) unsigned NOT NULL DEFAULT '0',
  `title` char(60) NOT NULL,
  `typeids` char(100) NOT NULL,
  `thumb` char(100) NOT NULL,
  `banner` char(100) NOT NULL,
  `description` char(255) NOT NULL,
  `url` char(100) NOT NULL,
  `ishtml` tinyint(1) unsigned NOT NULL DEFAULT '0',
  `ispage` tinyint(1) unsigned NOT NULL,
  `filename` char(40) NOT NULL,
  `pics` char(100) NOT NULL,
  `voteid` char(60) NOT NULL,
  `style` char(20) NOT NULL,
  `index_template` char(40) NOT NULL,
  `list_template` char(40) NOT NULL,
  `show_template` char(60) NOT NULL,
  `css` text NOT NULL,
  `username` char(40) NOT NULL,
  `userid` mediumint(8) unsigned NOT NULL DEFAULT '0',
  `createtime` int(10) unsigned NOT NULL DEFAULT '0',
  `listorder` smallint(5) unsigned NOT NULL,
  `elite` tinyint(1) unsigned NOT NULL DEFAULT '0',
  `disabled` tinyint(1) unsigned NOT NULL DEFAULT '0',
  `isvideo` tinyint(1) unsigned NOT NULL DEFAULT '0',
  PRIMARY KEY (`id`),
  KEY `disabled` (`disabled`,`siteid`)
) ENGINE=MyISAM DEFAULT CHARSET=utf8 ROW_FORMAT=DYNAMIC AUTO_INCREMENT=1 ;

-- --------------------------------------------------------

--
-- 表的结构 `jydp_special_content`
--

CREATE TABLE IF NOT EXISTS `jydp_special_content` (
  `id` mediumint(8) unsigned NOT NULL AUTO_INCREMENT,
  `specialid` smallint(5) unsigned NOT NULL DEFAULT '0',
  `title` char(80) NOT NULL,
  `style` char(24) NOT NULL,
  `typeid` smallint(5) unsigned NOT NULL DEFAULT '0',
  `thumb` char(100) NOT NULL,
  `keywords` char(40) NOT NULL,
  `description` char(255) NOT NULL,
  `url` char(100) NOT NULL,
  `curl` char(15) NOT NULL,
  `listorder` mediumint(8) unsigned NOT NULL DEFAULT '0',
  `userid` mediumint(8) unsigned NOT NULL DEFAULT '0',
  `username` char(20) NOT NULL,
  `inputtime` int(10) unsigned NOT NULL DEFAULT '0',
  `updatetime` int(10) unsigned NOT NULL DEFAULT '0',
  `searchid` mediumint(8) unsigned NOT NULL DEFAULT '0',
  `islink` tinyint(1) unsigned NOT NULL DEFAULT '0',
  `isdata` tinyint(1) unsigned NOT NULL DEFAULT '0',
  `videoid` int(10) unsigned NOT NULL DEFAULT '0',
  PRIMARY KEY (`id`),
  KEY `specialid` (`specialid`,`typeid`,`isdata`),
  KEY `typeid` (`typeid`,`isdata`)
) ENGINE=MyISAM DEFAULT CHARSET=utf8 ROW_FORMAT=FIXED AUTO_INCREMENT=1 ;

-- --------------------------------------------------------

--
-- 表的结构 `jydp_special_c_data`
--

CREATE TABLE IF NOT EXISTS `jydp_special_c_data` (
  `id` mediumint(8) unsigned NOT NULL DEFAULT '0',
  `author` varchar(40) NOT NULL,
  `content` text NOT NULL,
  `paginationtype` tinyint(1) unsigned NOT NULL DEFAULT '0',
  `maxcharperpage` mediumint(6) unsigned NOT NULL DEFAULT '0',
  `style` char(20) NOT NULL,
  `show_template` varchar(30) NOT NULL,
  UNIQUE KEY `id` (`id`)
) ENGINE=MyISAM DEFAULT CHARSET=utf8 ROW_FORMAT=DYNAMIC;

-- --------------------------------------------------------

--
-- 表的结构 `jydp_sphinx_counter`
--

CREATE TABLE IF NOT EXISTS `jydp_sphinx_counter` (
  `counter_id` int(11) unsigned NOT NULL,
  `max_doc_id` int(11) unsigned NOT NULL,
  PRIMARY KEY (`counter_id`)
) ENGINE=MyISAM DEFAULT CHARSET=utf8 ROW_FORMAT=FIXED;

-- --------------------------------------------------------

--
-- 表的结构 `jydp_sso_admin`
--

CREATE TABLE IF NOT EXISTS `jydp_sso_admin` (
  `id` smallint(6) NOT NULL AUTO_INCREMENT,
  `username` char(20) NOT NULL,
  `password` char(32) NOT NULL,
  `encrypt` char(6) DEFAULT NULL,
  `issuper` tinyint(1) DEFAULT '0',
  `lastlogin` int(10) DEFAULT NULL,
  `ip` char(15) DEFAULT NULL,
  PRIMARY KEY (`id`),
  UNIQUE KEY `username` (`username`)
) ENGINE=MyISAM  DEFAULT CHARSET=utf8 ROW_FORMAT=FIXED AUTO_INCREMENT=2 ;

--
-- 转存表中的数据 `jydp_sso_admin`
--

INSERT INTO `jydp_sso_admin` (`id`, `username`, `password`, `encrypt`, `issuper`, `lastlogin`, `ip`) VALUES
(1, 'admin888', 'd82f7f378d244b774f06ce887cb5a054', 'SqCqrm', 1, 0, '');

-- --------------------------------------------------------

--
-- 表的结构 `jydp_sso_applications`
--

CREATE TABLE IF NOT EXISTS `jydp_sso_applications` (
  `appid` smallint(6) unsigned NOT NULL AUTO_INCREMENT,
  `type` char(16) NOT NULL DEFAULT '',
  `name` char(20) NOT NULL DEFAULT '',
  `url` char(255) NOT NULL DEFAULT '',
  `authkey` char(255) NOT NULL DEFAULT '',
  `ip` char(15) NOT NULL DEFAULT '',
  `apifilename` char(30) NOT NULL DEFAULT 'phpsso.php',
  `charset` char(8) NOT NULL DEFAULT '',
  `synlogin` tinyint(1) NOT NULL DEFAULT '0',
  PRIMARY KEY (`appid`),
  KEY `synlogin` (`synlogin`)
) ENGINE=MyISAM  DEFAULT CHARSET=utf8 ROW_FORMAT=FIXED AUTO_INCREMENT=2 ;

--
-- 转存表中的数据 `jydp_sso_applications`
--

INSERT INTO `jydp_sso_applications` (`appid`, `type`, `name`, `url`, `authkey`, `ip`, `apifilename`, `charset`, `synlogin`) VALUES
(1, 'phpcms_v9', 'phpcms v9', 'http://101.37.168.200/', '979De7RndA6flfWBCgoIPnWWpzmw9c1A', '', 'api.php?op=phpsso', 'utf-8', 1);

-- --------------------------------------------------------

--
-- 表的结构 `jydp_sso_members`
--

CREATE TABLE IF NOT EXISTS `jydp_sso_members` (
  `uid` int(10) unsigned NOT NULL AUTO_INCREMENT,
  `username` char(20) NOT NULL DEFAULT '',
  `password` char(32) NOT NULL DEFAULT '',
  `random` char(8) NOT NULL DEFAULT '',
  `email` char(32) NOT NULL DEFAULT '',
  `regip` char(15) NOT NULL DEFAULT '',
  `regdate` int(10) unsigned NOT NULL DEFAULT '0',
  `lastip` char(15) NOT NULL DEFAULT '0',
  `lastdate` int(10) unsigned NOT NULL DEFAULT '0',
  `appname` char(15) NOT NULL,
  `type` enum('app','connect') DEFAULT NULL,
  `avatar` tinyint(1) NOT NULL DEFAULT '0',
  `ucuserid` mediumint(8) unsigned DEFAULT '0',
  PRIMARY KEY (`uid`),
  UNIQUE KEY `username` (`username`),
  KEY `email` (`email`),
  KEY `ucuserid` (`ucuserid`)
) ENGINE=MyISAM DEFAULT CHARSET=utf8 ROW_FORMAT=FIXED AUTO_INCREMENT=1 ;

-- --------------------------------------------------------

--
-- 表的结构 `jydp_sso_messagequeue`
--

CREATE TABLE IF NOT EXISTS `jydp_sso_messagequeue` (
  `id` int(10) unsigned NOT NULL AUTO_INCREMENT,
  `operation` char(32) NOT NULL,
  `succeed` tinyint(1) NOT NULL DEFAULT '0',
  `totalnum` smallint(6) unsigned NOT NULL DEFAULT '0',
  `noticedata` mediumtext NOT NULL,
  `dateline` int(10) unsigned NOT NULL DEFAULT '0',
  `appstatus` mediumtext,
  PRIMARY KEY (`id`),
  KEY `dateline` (`dateline`),
  KEY `succeed` (`succeed`,`id`)
) ENGINE=MyISAM DEFAULT CHARSET=utf8 ROW_FORMAT=DYNAMIC AUTO_INCREMENT=1 ;

-- --------------------------------------------------------

--
-- 表的结构 `jydp_sso_session`
--

CREATE TABLE IF NOT EXISTS `jydp_sso_session` (
  `sessionid` char(32) NOT NULL,
  `userid` mediumint(8) unsigned NOT NULL DEFAULT '0',
  `ip` char(15) NOT NULL,
  `lastvisit` int(10) unsigned NOT NULL DEFAULT '0',
  `roleid` tinyint(3) unsigned DEFAULT '0',
  `groupid` tinyint(3) unsigned NOT NULL DEFAULT '0',
  `m` char(20) NOT NULL,
  `c` char(20) NOT NULL,
  `a` char(20) NOT NULL,
  `data` char(255) NOT NULL,
  PRIMARY KEY (`sessionid`),
  KEY `lastvisit` (`lastvisit`)
) ENGINE=MEMORY DEFAULT CHARSET=utf8 ROW_FORMAT=FIXED;

-- --------------------------------------------------------

--
-- 表的结构 `jydp_sso_settings`
--

CREATE TABLE IF NOT EXISTS `jydp_sso_settings` (
  `name` varchar(32) NOT NULL DEFAULT '',
  `data` text NOT NULL,
  PRIMARY KEY (`name`)
) ENGINE=MyISAM DEFAULT CHARSET=utf8 ROW_FORMAT=DYNAMIC;

--
-- 转存表中的数据 `jydp_sso_settings`
--

INSERT INTO `jydp_sso_settings` (`name`, `data`) VALUES
('denyemail', ''),
('sp4', ''),
('denyusername', ''),
('ucenter', ''),
('creditrate', '');

-- --------------------------------------------------------

--
-- 表的结构 `jydp_tag`
--

CREATE TABLE IF NOT EXISTS `jydp_tag` (
  `id` mediumint(8) unsigned NOT NULL AUTO_INCREMENT,
  `siteid` smallint(5) unsigned NOT NULL DEFAULT '0',
  `tag` text NOT NULL,
  `name` char(40) NOT NULL,
  `type` tinyint(1) unsigned NOT NULL DEFAULT '0',
  `module` char(20) NOT NULL,
  `action` char(20) NOT NULL,
  `data` text NOT NULL,
  `page` char(15) NOT NULL,
  `return` char(20) NOT NULL,
  `cache` mediumint(8) unsigned NOT NULL DEFAULT '0',
  `num` smallint(5) unsigned NOT NULL DEFAULT '0',
  PRIMARY KEY (`id`)
) ENGINE=MyISAM DEFAULT CHARSET=utf8 ROW_FORMAT=DYNAMIC AUTO_INCREMENT=1 ;

-- --------------------------------------------------------

--
-- 表的结构 `jydp_template_bak`
--

CREATE TABLE IF NOT EXISTS `jydp_template_bak` (
  `id` int(10) NOT NULL AUTO_INCREMENT,
  `creat_at` int(10) unsigned DEFAULT '0',
  `fileid` char(50) DEFAULT NULL,
  `userid` mediumint(8) DEFAULT NULL,
  `username` char(20) DEFAULT NULL,
  `template` text,
  PRIMARY KEY (`id`),
  KEY `fileid` (`fileid`)
) ENGINE=MyISAM DEFAULT CHARSET=utf8 ROW_FORMAT=DYNAMIC AUTO_INCREMENT=1 ;

-- --------------------------------------------------------

--
-- 表的结构 `jydp_times`
--

CREATE TABLE IF NOT EXISTS `jydp_times` (
  `username` char(40) NOT NULL,
  `ip` char(15) NOT NULL,
  `logintime` int(10) unsigned NOT NULL DEFAULT '0',
  `isadmin` tinyint(1) NOT NULL DEFAULT '0',
  `times` tinyint(1) unsigned NOT NULL DEFAULT '0',
  PRIMARY KEY (`username`,`isadmin`)
) ENGINE=MEMORY DEFAULT CHARSET=utf8 ROW_FORMAT=FIXED;

-- --------------------------------------------------------

--
-- 表的结构 `jydp_type`
--

CREATE TABLE IF NOT EXISTS `jydp_type` (
  `typeid` smallint(5) unsigned NOT NULL AUTO_INCREMENT,
  `siteid` smallint(5) unsigned NOT NULL DEFAULT '0',
  `module` char(15) NOT NULL,
  `modelid` smallint(5) unsigned NOT NULL DEFAULT '0',
  `name` char(30) NOT NULL,
  `parentid` smallint(5) unsigned NOT NULL DEFAULT '0',
  `typedir` char(20) NOT NULL,
  `url` char(100) NOT NULL,
  `template` char(30) NOT NULL,
  `listorder` smallint(5) unsigned NOT NULL DEFAULT '0',
  `description` varchar(255) NOT NULL,
  PRIMARY KEY (`typeid`),
  KEY `module` (`module`,`parentid`,`siteid`,`listorder`)
) ENGINE=MyISAM  DEFAULT CHARSET=utf8 ROW_FORMAT=DYNAMIC AUTO_INCREMENT=57 ;

--
-- 转存表中的数据 `jydp_type`
--

INSERT INTO `jydp_type` (`typeid`, `siteid`, `module`, `modelid`, `name`, `parentid`, `typedir`, `url`, `template`, `listorder`, `description`) VALUES
(2, 1, 'search', 2, '下载', 0, '', '', '', 3, '下载模型搜索'),
(1, 1, 'search', 1, '新闻', 0, '', '', '', 1, '新闻模型搜索'),
(52, 1, 'search', 0, '专题', 0, 'special', '', '', 4, '专题'),
(3, 1, 'search', 3, '图片', 0, '', '', '', 2, '图片模型搜索'),
(53, 1, 'search', 12, 'jingxuan', 0, '', '', '', 0, ''),
(54, 1, 'search', 13, '潮派模型', 0, '', '', '', 0, ''),
(55, 1, 'search', 14, '好物模型', 0, '', '', '', 0, ''),
(56, 1, 'search', 15, '直播', 0, '', '', '', 0, '');

-- --------------------------------------------------------

--
-- 表的结构 `jydp_urlrule`
--

CREATE TABLE IF NOT EXISTS `jydp_urlrule` (
  `urlruleid` smallint(5) unsigned NOT NULL AUTO_INCREMENT,
  `module` varchar(15) NOT NULL,
  `file` varchar(20) NOT NULL,
  `ishtml` tinyint(1) unsigned NOT NULL DEFAULT '0',
  `urlrule` varchar(255) NOT NULL,
  `example` varchar(255) NOT NULL,
  PRIMARY KEY (`urlruleid`)
) ENGINE=MyISAM  DEFAULT CHARSET=utf8 ROW_FORMAT=DYNAMIC AUTO_INCREMENT=31 ;

--
-- 转存表中的数据 `jydp_urlrule`
--

INSERT INTO `jydp_urlrule` (`urlruleid`, `module`, `file`, `ishtml`, `urlrule`, `example`) VALUES
(1, 'content', 'category', 1, '{$categorydir}{$catdir}/index.html|{$categorydir}{$catdir}/{$page}.html', 'news/china/1000.html'),
(12, 'content', 'show', 1, '{$categorydir}{$catdir}/{$year}/{$month}{$day}/{$id}.html|{$categorydir}{$catdir}/{$year}/{$month}{$day}/{$id}_{$page}.html', 'it/product/2010/0720/1_2.html'),
(16, 'content', 'show', 0, 'index.php?m=content&c=index&a=show&catid={$catid}&id={$id}|index.php?m=content&c=index&a=show&catid={$catid}&id={$id}&page={$page}', 'index.php?m=content&c=index&a=show&catid=1&id=1'),
(30, 'content', 'category', 0, 'list-{$catid}-{$page}.html', 'list-1-1.html'),
(6, 'content', 'category', 0, 'index.php?m=content&c=index&a=lists&catid={$catid}|index.php?m=content&c=index&a=lists&catid={$catid}&page={$page}', 'index.php?m=content&c=index&a=lists&catid=1&page=1'),
(17, 'content', 'show', 0, 'show-{$catid}-{$id}-{$page}.html', 'show-1-2-1.html'),
(11, 'content', 'show', 1, '{$year}/{$catdir}_{$month}{$day}/{$id}.html|{$year}/{$catdir}_{$month}{$day}/{$id}_{$page}.html', '2010/catdir_0720/1_2.html'),
(18, 'content', 'show', 0, 'content-{$catid}-{$id}-{$page}.html', 'content-1-2-1.html');

-- --------------------------------------------------------

--
-- 表的结构 `jydp_video`
--

CREATE TABLE IF NOT EXISTS `jydp_video` (
  `id` mediumint(8) unsigned NOT NULL AUTO_INCREMENT,
  `catid` smallint(5) unsigned NOT NULL DEFAULT '0',
  `typeid` smallint(5) unsigned NOT NULL,
  `title` char(80) NOT NULL DEFAULT '',
  `style` char(24) NOT NULL DEFAULT '',
  `thumb` char(100) NOT NULL DEFAULT '',
  `keywords` char(40) NOT NULL DEFAULT '',
  `description` char(255) NOT NULL DEFAULT '',
  `posids` tinyint(1) unsigned NOT NULL DEFAULT '0',
  `url` char(100) NOT NULL,
  `listorder` tinyint(3) unsigned NOT NULL DEFAULT '0',
  `status` tinyint(2) unsigned NOT NULL DEFAULT '1',
  `sysadd` tinyint(1) unsigned NOT NULL DEFAULT '0',
  `islink` tinyint(1) unsigned NOT NULL DEFAULT '0',
  `username` char(20) NOT NULL,
  `inputtime` int(10) unsigned NOT NULL DEFAULT '0',
  `updatetime` int(10) unsigned NOT NULL DEFAULT '0',
  `vision` varchar(255) NOT NULL DEFAULT '',
  `video_category` varchar(255) NOT NULL DEFAULT '',
  PRIMARY KEY (`id`),
  KEY `status` (`status`,`listorder`,`id`),
  KEY `listorder` (`catid`,`status`,`listorder`,`id`),
  KEY `catid` (`catid`,`status`,`id`)
) ENGINE=MyISAM DEFAULT CHARSET=utf8 ROW_FORMAT=DYNAMIC AUTO_INCREMENT=1 ;

-- --------------------------------------------------------

--
-- 表的结构 `jydp_video_content`
--

CREATE TABLE IF NOT EXISTS `jydp_video_content` (
  `contentid` int(10) unsigned NOT NULL DEFAULT '0',
  `modelid` smallint(5) unsigned NOT NULL DEFAULT '0',
  `videoid` int(10) unsigned NOT NULL DEFAULT '0',
  `listorder` smallint(5) unsigned NOT NULL DEFAULT '0',
  KEY `videoid` (`videoid`)
) ENGINE=MyISAM DEFAULT CHARSET=utf8 ROW_FORMAT=FIXED;

-- --------------------------------------------------------

--
-- 表的结构 `jydp_video_data`
--

CREATE TABLE IF NOT EXISTS `jydp_video_data` (
  `id` mediumint(8) unsigned DEFAULT '0',
  `content` text NOT NULL,
  `readpoint` smallint(5) unsigned NOT NULL DEFAULT '0',
  `groupids_view` varchar(100) NOT NULL,
  `paginationtype` tinyint(1) NOT NULL,
  `maxcharperpage` mediumint(6) NOT NULL,
  `template` varchar(30) NOT NULL,
  `paytype` tinyint(1) unsigned NOT NULL DEFAULT '0',
  `allow_comment` tinyint(1) unsigned NOT NULL DEFAULT '1',
  `relation` varchar(255) NOT NULL DEFAULT '',
  `video` tinyint(3) unsigned NOT NULL DEFAULT '0',
  KEY `id` (`id`)
) ENGINE=MyISAM DEFAULT CHARSET=utf8 ROW_FORMAT=DYNAMIC;

-- --------------------------------------------------------

--
-- 表的结构 `jydp_video_store`
--

CREATE TABLE IF NOT EXISTS `jydp_video_store` (
  `videoid` int(10) unsigned NOT NULL AUTO_INCREMENT,
  `title` char(60) NOT NULL,
  `vid` char(40) NOT NULL,
  `keywords` char(40) NOT NULL,
  `description` char(255) NOT NULL,
  `status` tinyint(3) NOT NULL DEFAULT '0',
  `listorder` smallint(5) unsigned NOT NULL DEFAULT '0',
  `addtime` int(10) unsigned NOT NULL DEFAULT '0',
  `userid` mediumint(8) unsigned NOT NULL DEFAULT '0',
  `picpath` char(120) NOT NULL,
  `size` char(20) NOT NULL,
  `timelen` mediumint(9) NOT NULL DEFAULT '0',
  `userupload` tinyint(1) NOT NULL DEFAULT '0',
  `channelid` tinyint(3) unsigned NOT NULL DEFAULT '0',
  PRIMARY KEY (`videoid`),
  KEY `videoid` (`videoid`,`status`)
) ENGINE=MyISAM DEFAULT CHARSET=utf8 ROW_FORMAT=FIXED AUTO_INCREMENT=1 ;

-- --------------------------------------------------------

--
-- 表的结构 `jydp_vote_data`
--

CREATE TABLE IF NOT EXISTS `jydp_vote_data` (
  `userid` mediumint(8) unsigned DEFAULT '0',
  `username` char(20) NOT NULL,
  `subjectid` mediumint(8) unsigned NOT NULL DEFAULT '0',
  `time` int(10) unsigned NOT NULL DEFAULT '0',
  `ip` char(15) NOT NULL,
  `data` text NOT NULL,
  `userinfo` text NOT NULL,
  KEY `subjectid` (`subjectid`),
  KEY `userid` (`userid`),
  KEY `ip` (`ip`)
) ENGINE=MyISAM DEFAULT CHARSET=utf8 ROW_FORMAT=DYNAMIC;

-- --------------------------------------------------------

--
-- 表的结构 `jydp_vote_option`
--

CREATE TABLE IF NOT EXISTS `jydp_vote_option` (
  `optionid` mediumint(8) unsigned NOT NULL AUTO_INCREMENT,
  `siteid` smallint(5) unsigned DEFAULT '0',
  `subjectid` mediumint(8) unsigned NOT NULL DEFAULT '0',
  `option` varchar(255) NOT NULL,
  `image` varchar(100) DEFAULT NULL,
  `listorder` tinyint(2) unsigned DEFAULT '0',
  PRIMARY KEY (`optionid`),
  KEY `subjectid` (`subjectid`)
) ENGINE=MyISAM DEFAULT CHARSET=utf8 ROW_FORMAT=DYNAMIC AUTO_INCREMENT=1 ;

-- --------------------------------------------------------

--
-- 表的结构 `jydp_vote_subject`
--

CREATE TABLE IF NOT EXISTS `jydp_vote_subject` (
  `subjectid` mediumint(8) unsigned NOT NULL AUTO_INCREMENT,
  `siteid` smallint(5) unsigned DEFAULT '0',
  `subject` char(255) NOT NULL,
  `ismultiple` tinyint(1) unsigned NOT NULL DEFAULT '0',
  `ischeckbox` tinyint(1) unsigned NOT NULL DEFAULT '0',
  `credit` smallint(5) unsigned NOT NULL DEFAULT '0',
  `addtime` int(10) unsigned NOT NULL DEFAULT '0',
  `fromdate` date NOT NULL DEFAULT '0000-00-00',
  `todate` date NOT NULL DEFAULT '0000-00-00',
  `interval` tinyint(3) unsigned NOT NULL DEFAULT '0',
  `enabled` tinyint(1) unsigned NOT NULL DEFAULT '1',
  `template` char(20) NOT NULL,
  `description` text NOT NULL,
  `listorder` smallint(5) unsigned NOT NULL DEFAULT '0',
  `allowguest` tinyint(1) unsigned NOT NULL DEFAULT '1',
  `maxval` tinyint(2) unsigned NOT NULL DEFAULT '0',
  `minval` tinyint(1) unsigned NOT NULL DEFAULT '1',
  `allowview` tinyint(1) unsigned NOT NULL DEFAULT '1',
  `optionnumber` tinyint(3) unsigned NOT NULL DEFAULT '0',
  `votenumber` mediumint(8) unsigned NOT NULL DEFAULT '0',
  PRIMARY KEY (`subjectid`),
  KEY `enabled` (`enabled`),
  KEY `fromdate` (`fromdate`,`todate`),
  KEY `todate` (`todate`)
) ENGINE=MyISAM DEFAULT CHARSET=utf8 ROW_FORMAT=DYNAMIC AUTO_INCREMENT=1 ;

-- --------------------------------------------------------

--
-- 表的结构 `jydp_wap`
--

CREATE TABLE IF NOT EXISTS `jydp_wap` (
  `siteid` smallint(5) unsigned NOT NULL DEFAULT '1',
  `sitename` char(30) NOT NULL,
  `logo` char(100) DEFAULT NULL,
  `domain` varchar(100) DEFAULT NULL,
  `setting` mediumtext,
  `status` tinyint(2) DEFAULT NULL,
  PRIMARY KEY (`siteid`)
) ENGINE=MyISAM DEFAULT CHARSET=utf8 ROW_FORMAT=DYNAMIC;

--
-- 转存表中的数据 `jydp_wap`
--

INSERT INTO `jydp_wap` (`siteid`, `sitename`, `logo`, `domain`, `setting`, `status`) VALUES
(1, 'PHPCMS手机门户', '/statics/images/wap/wlogo.gif', '', 'array (\n  ''listnum'' => ''10'',\n  ''thumb_w'' => ''220'',\n  ''thumb_h'' => ''0'',\n  ''c_num'' => ''1000'',\n  ''index_template'' => ''index'',\n  ''category_template'' => ''category'',\n  ''list_template'' => ''list'',\n  ''show_template'' => ''show'',\n)', 0);

-- --------------------------------------------------------

--
-- 表的结构 `jydp_wap_type`
--

CREATE TABLE IF NOT EXISTS `jydp_wap_type` (
  `typeid` smallint(5) NOT NULL AUTO_INCREMENT,
  `cat` smallint(5) NOT NULL,
  `parentid` smallint(5) NOT NULL,
  `typename` varchar(30) NOT NULL,
  `siteid` smallint(5) NOT NULL,
  `listorder` smallint(5) DEFAULT '0',
  PRIMARY KEY (`typeid`)
) ENGINE=MyISAM DEFAULT CHARSET=utf8 ROW_FORMAT=DYNAMIC AUTO_INCREMENT=1 ;

-- --------------------------------------------------------

--
-- 表的结构 `jydp_withdrawals`
--

CREATE TABLE IF NOT EXISTS `jydp_withdrawals` (
  `id` int(11) NOT NULL AUTO_INCREMENT,
  `userid` int(11) NOT NULL,
  `nickname` varchar(200) NOT NULL,
  `money` decimal(10,2) NOT NULL COMMENT '提现金额',
  `phone` varchar(30) NOT NULL,
  `ip` varchar(30) NOT NULL,
  `ali_account` varchar(32) NOT NULL DEFAULT '' COMMENT '支付宝账号',
  `ali_username` varchar(32) NOT NULL DEFAULT '' COMMENT '支付宝实名',
  `addtime` int(11) NOT NULL,
  `addtimes` varchar(30) NOT NULL,
  PRIMARY KEY (`id`)
) ENGINE=MyISAM  DEFAULT CHARSET=utf8 COMMENT='提现记录表' AUTO_INCREMENT=2 ;

--
-- 转存表中的数据 `jydp_withdrawals`
--

INSERT INTO `jydp_withdrawals` (`id`, `userid`, `nickname`, `money`, `phone`, `ip`, `ali_account`, `ali_username`, `addtime`, `addtimes`) VALUES
(1, 16, '易沉', '200.00', '18630796687', '111.75.12.212', 'ssssss', 'ssssss', 1498816155, '2017-06-30 17:49:15');

-- --------------------------------------------------------

--
-- 表的结构 `jydp_workflow`
--

CREATE TABLE IF NOT EXISTS `jydp_workflow` (
  `workflowid` smallint(5) unsigned NOT NULL AUTO_INCREMENT,
  `siteid` smallint(5) unsigned NOT NULL DEFAULT '0',
  `steps` tinyint(1) unsigned NOT NULL DEFAULT '1',
  `workname` varchar(20) NOT NULL,
  `description` varchar(255) NOT NULL,
  `setting` text NOT NULL,
  `flag` tinyint(1) unsigned NOT NULL DEFAULT '0',
  PRIMARY KEY (`workflowid`)
) ENGINE=MyISAM  DEFAULT CHARSET=utf8 ROW_FORMAT=DYNAMIC AUTO_INCREMENT=5 ;

--
-- 转存表中的数据 `jydp_workflow`
--

INSERT INTO `jydp_workflow` (`workflowid`, `siteid`, `steps`, `workname`, `description`, `setting`, `flag`) VALUES
(4, 1, 4, '四级审核', '四级审核', '', 0),
(1, 1, 1, '一级审核', '审核一次', '', 0),
(2, 1, 2, '二级审核', '审核两次', '', 0),
(3, 1, 3, '三级审核', '审核三次', '', 0);

-- --------------------------------------------------------

--
-- 表的结构 `jydp_zhibo`
--

CREATE TABLE IF NOT EXISTS `jydp_zhibo` (
  `id` mediumint(8) unsigned NOT NULL AUTO_INCREMENT,
  `catid` smallint(5) unsigned NOT NULL DEFAULT '0',
  `typeid` smallint(5) unsigned NOT NULL,
  `title` char(80) NOT NULL DEFAULT '',
  `style` char(24) NOT NULL DEFAULT '',
  `thumb` varchar(100) NOT NULL DEFAULT '',
  `keywords` char(40) NOT NULL DEFAULT '',
  `description` char(255) NOT NULL DEFAULT '',
  `posids` tinyint(1) unsigned NOT NULL DEFAULT '0',
  `url` char(100) NOT NULL,
  `listorder` tinyint(3) unsigned NOT NULL DEFAULT '0',
  `status` tinyint(2) unsigned NOT NULL DEFAULT '1',
  `sysadd` tinyint(1) unsigned NOT NULL DEFAULT '0',
  `islink` tinyint(1) unsigned NOT NULL DEFAULT '0',
  `username` char(20) NOT NULL,
  `inputtime` int(10) unsigned NOT NULL DEFAULT '0',
  `updatetime` int(10) unsigned NOT NULL DEFAULT '0',
  `zhibo_url` varchar(255) NOT NULL DEFAULT '',
  PRIMARY KEY (`id`),
  KEY `status` (`status`,`listorder`,`id`),
  KEY `listorder` (`catid`,`status`,`listorder`,`id`),
  KEY `catid` (`catid`,`status`,`id`)
) ENGINE=MyISAM  DEFAULT CHARSET=utf8 AUTO_INCREMENT=2 ;

--
-- 转存表中的数据 `jydp_zhibo`
--

INSERT INTO `jydp_zhibo` (`id`, `catid`, `typeid`, `title`, `style`, `thumb`, `keywords`, `description`, `posids`, `url`, `listorder`, `status`, `sysadd`, `islink`, `username`, `inputtime`, `updatetime`, `zhibo_url`) VALUES
(1, 16, 0, '这是直播标题', '', 'http://101.37.168.200/uploadfile/2017/0707/20170707093103763.png', '', '', 0, 'http://101.37.168.200/index.php?m=content&c=index&a=show&catid=16&id=1', 0, 99, 1, 0, 'admin888', 1499390930, 1499391085, 'https://www.baidu.com');

-- --------------------------------------------------------

--
-- 表的结构 `jydp_zhibo_data`
--

CREATE TABLE IF NOT EXISTS `jydp_zhibo_data` (
  `id` mediumint(8) unsigned DEFAULT '0',
  `content` text NOT NULL,
  `readpoint` smallint(5) unsigned NOT NULL DEFAULT '0',
  `groupids_view` varchar(100) NOT NULL,
  `paginationtype` tinyint(1) NOT NULL,
  `maxcharperpage` mediumint(6) NOT NULL,
  `template` varchar(30) NOT NULL,
  `paytype` tinyint(1) unsigned NOT NULL DEFAULT '0',
  `allow_comment` tinyint(1) unsigned NOT NULL DEFAULT '1',
  `relation` varchar(255) NOT NULL DEFAULT '',
  KEY `id` (`id`)
) ENGINE=MyISAM DEFAULT CHARSET=utf8;

--
-- 转存表中的数据 `jydp_zhibo_data`
--

INSERT INTO `jydp_zhibo_data` (`id`, `content`, `readpoint`, `groupids_view`, `paginationtype`, `maxcharperpage`, `template`, `paytype`, `allow_comment`, `relation`) VALUES
(1, '', 0, '', 0, 10000, '', 0, 1, '');

/*!40101 SET CHARACTER_SET_CLIENT=@OLD_CHARACTER_SET_CLIENT */;
/*!40101 SET CHARACTER_SET_RESULTS=@OLD_CHARACTER_SET_RESULTS */;
/*!40101 SET COLLATION_CONNECTION=@OLD_COLLATION_CONNECTION */;
